archived_path,label,train_data_source
session_20260605_154345/frame_00000_154346_015.jpg,session_20260605_154345,train_data/session_20260605_154345/frame_00000_154346_015.jpg
session_20260605_154345/frame_00001_154346_539.jpg,session_20260605_154345,train_data/session_20260605_154345/frame_00001_154346_539.jpg
session_20260605_154345/frame_00015_154353_543.jpg,session_20260605_154345,train_data/session_20260605_154345/frame_00015_154353_543.jpg
session_20260605_154345/frame_00023_154357_546.jpg,session_20260605_154345,train_data/session_20260605_154345/frame_00023_154357_546.jpg
session_20260605_154345/frame_00026_154359_047.jpg,session_20260605_154345,train_data/session_20260605_154345/frame_00026_154359_047.jpg
session_20260605_154345/frame_00031_154401_549.jpg,session_20260605_154345,train_data/session_20260605_154345/frame_00031_154401_549.jpg
session_20260605_154345/frame_00032_154402_049.jpg,session_20260605_154345,train_data/session_20260605_154345/frame_00032_154402_049.jpg
session_20260605_154345/frame_00033_154402_550.jpg,session_20260605_154345,train_data/session_20260605_154345/frame_00033_154402_550.jpg
session_20260605_154345/frame_00036_154404_051.jpg,session_20260605_154345,train_data/session_20260605_154345/frame_00036_154404_051.jpg
session_20260605_154345/frame_00038_154405_052.jpg,session_20260605_154345,train_data/session_20260605_154345/frame_00038_154405_052.jpg
session_20260605_154345/frame_00039_154405_552.jpg,session_20260605_154345,train_data/session_20260605_154345/frame_00039_154405_552.jpg
session_20260605_154345/frame_00040_154406_052.jpg,session_20260605_154345,train_data/session_20260605_154345/frame_00040_154406_052.jpg
session_20260605_154345/frame_00041_154406_552.jpg,session_20260605_154345,train_data/session_20260605_154345/frame_00041_154406_552.jpg
session_20260605_154345/frame_00043_154407_553.jpg,session_20260605_154345,train_data/session_20260605_154345/frame_00043_154407_553.jpg
session_20260605_154345/frame_00044_154408_053.jpg,session_20260605_154345,train_data/session_20260605_154345/frame_00044_154408_053.jpg
session_20260605_154345/frame_00046_154409_054.jpg,session_20260605_154345,train_data/session_20260605_154345/frame_00046_154409_054.jpg
session_20260605_154345/frame_00049_154410_555.jpg,session_20260605_154345,train_data/session_20260605_154345/frame_00049_154410_555.jpg
session_20260605_154345/frame_00052_154412_056.jpg,session_20260605_154345,train_data/session_20260605_154345/frame_00052_154412_056.jpg
session_20260605_154345/frame_00054_154413_057.jpg,session_20260605_154345,train_data/session_20260605_154345/frame_00054_154413_057.jpg
session_20260605_154345/frame_00065_154418_561.jpg,session_20260605_154345,train_data/session_20260605_154345/frame_00065_154418_561.jpg
session_20260605_154345/frame_00066_154419_061.jpg,session_20260605_154345,train_data/session_20260605_154345/frame_00066_154419_061.jpg
session_20260605_154345/frame_00067_154419_562.jpg,session_20260605_154345,train_data/session_20260605_154345/frame_00067_154419_562.jpg
session_20260605_154345/frame_00069_154420_563.jpg,session_20260605_154345,train_data/session_20260605_154345/frame_00069_154420_563.jpg
session_20260605_154345/frame_00070_154421_063.jpg,session_20260605_154345,train_data/session_20260605_154345/frame_00070_154421_063.jpg
session_20260605_154345/frame_00071_154421_563.jpg,session_20260605_154345,train_data/session_20260605_154345/frame_00071_154421_563.jpg
session_20260605_154345/frame_00074_154423_064.jpg,session_20260605_154345,train_data/session_20260605_154345/frame_00074_154423_064.jpg
session_20260605_154345/frame_00075_154423_564.jpg,session_20260605_154345,train_data/session_20260605_154345/frame_00075_154423_564.jpg
session_20260605_154345/frame_00077_154424_565.jpg,session_20260605_154345,train_data/session_20260605_154345/frame_00077_154424_565.jpg
session_20260605_154345/frame_00079_154425_566.jpg,session_20260605_154345,train_data/session_20260605_154345/frame_00079_154425_566.jpg
session_20260605_154345/frame_00082_154427_067.jpg,session_20260605_154345,train_data/session_20260605_154345/frame_00082_154427_067.jpg
session_20260605_154345/frame_00083_154427_567.jpg,session_20260605_154345,train_data/session_20260605_154345/frame_00083_154427_567.jpg
session_20260605_154345/frame_00086_154429_068.jpg,session_20260605_154345,train_data/session_20260605_154345/frame_00086_154429_068.jpg
session_20260605_154345/frame_00087_154429_568.jpg,session_20260605_154345,train_data/session_20260605_154345/frame_00087_154429_568.jpg
session_20260605_154345/frame_00089_154430_569.jpg,session_20260605_154345,train_data/session_20260605_154345/frame_00089_154430_569.jpg
session_20260605_154345/frame_00090_154431_070.jpg,session_20260605_154345,train_data/session_20260605_154345/frame_00090_154431_070.jpg
session_20260605_154345/frame_00091_154431_570.jpg,session_20260605_154345,train_data/session_20260605_154345/frame_00091_154431_570.jpg
session_20260605_154345/frame_00093_154432_571.jpg,session_20260605_154345,train_data/session_20260605_154345/frame_00093_154432_571.jpg
session_20260605_154345/frame_00096_154434_072.jpg,session_20260605_154345,train_data/session_20260605_154345/frame_00096_154434_072.jpg
session_20260605_154345/frame_00099_154435_573.jpg,session_20260605_154345,train_data/session_20260605_154345/frame_00099_154435_573.jpg
session_20260605_154345/frame_00102_154437_073.jpg,session_20260605_154345,train_data/session_20260605_154345/frame_00102_154437_073.jpg
session_20260605_154345/frame_00111_154441_577.jpg,session_20260605_154345,train_data/session_20260605_154345/frame_00111_154441_577.jpg
session_20260605_154345/frame_00113_154442_577.jpg,session_20260605_154345,train_data/session_20260605_154345/frame_00113_154442_577.jpg
session_20260605_154345/frame_00115_154443_578.jpg,session_20260605_154345,train_data/session_20260605_154345/frame_00115_154443_578.jpg
session_20260605_154345/frame_00116_154444_078.jpg,session_20260605_154345,train_data/session_20260605_154345/frame_00116_154444_078.jpg
session_20260605_154345/frame_00118_154445_079.jpg,session_20260605_154345,train_data/session_20260605_154345/frame_00118_154445_079.jpg
session_20260605_154345/frame_00119_154445_579.jpg,session_20260605_154345,train_data/session_20260605_154345/frame_00119_154445_579.jpg
session_20260605_154345/frame_00120_154446_080.jpg,session_20260605_154345,train_data/session_20260605_154345/frame_00120_154446_080.jpg
session_20260605_154345/frame_00122_154447_081.jpg,session_20260605_154345,train_data/session_20260605_154345/frame_00122_154447_081.jpg
session_20260605_154345/frame_00124_154448_081.jpg,session_20260605_154345,train_data/session_20260605_154345/frame_00124_154448_081.jpg
session_20260605_154345/frame_00125_154448_581.jpg,session_20260605_154345,train_data/session_20260605_154345/frame_00125_154448_581.jpg
session_20260605_154345/frame_00126_154449_082.jpg,session_20260605_154345,train_data/session_20260605_154345/frame_00126_154449_082.jpg
session_20260605_154345/frame_00127_154449_582.jpg,session_20260605_154345,train_data/session_20260605_154345/frame_00127_154449_582.jpg
session_20260605_154345/frame_00142_154457_087.jpg,session_20260605_154345,train_data/session_20260605_154345/frame_00142_154457_087.jpg
session_20260605_154345/frame_00147_154459_622.jpg,session_20260605_154345,train_data/session_20260605_154345/frame_00147_154459_622.jpg
session_20260605_154345/frame_00148_154500_123.jpg,session_20260605_154345,train_data/session_20260605_154345/frame_00148_154500_123.jpg
session_20260605_154345/frame_00149_154500_623.jpg,session_20260605_154345,train_data/session_20260605_154345/frame_00149_154500_623.jpg
session_20260605_154345/frame_00155_154503_625.jpg,session_20260605_154345,train_data/session_20260605_154345/frame_00155_154503_625.jpg
session_20260605_154345/frame_00161_154506_627.jpg,session_20260605_154345,train_data/session_20260605_154345/frame_00161_154506_627.jpg
session_20260605_154345/frame_00163_154507_628.jpg,session_20260605_154345,train_data/session_20260605_154345/frame_00163_154507_628.jpg
session_20260605_154345/frame_00167_154509_629.jpg,session_20260605_154345,train_data/session_20260605_154345/frame_00167_154509_629.jpg
session_20260605_154345/frame_00175_154513_632.jpg,session_20260605_154345,train_data/session_20260605_154345/frame_00175_154513_632.jpg
session_20260605_154345/frame_00185_154518_636.jpg,session_20260605_154345,train_data/session_20260605_154345/frame_00185_154518_636.jpg
session_20260605_154345/frame_00187_154519_636.jpg,session_20260605_154345,train_data/session_20260605_154345/frame_00187_154519_636.jpg
session_20260605_154345/frame_00195_154523_639.jpg,session_20260605_154345,train_data/session_20260605_154345/frame_00195_154523_639.jpg
session_20260605_154345/frame_00196_154524_139.jpg,session_20260605_154345,train_data/session_20260605_154345/frame_00196_154524_139.jpg
session_20260605_154345/frame_00199_154525_641.jpg,session_20260605_154345,train_data/session_20260605_154345/frame_00199_154525_641.jpg
session_20260605_154345/frame_00201_154526_641.jpg,session_20260605_154345,train_data/session_20260605_154345/frame_00201_154526_641.jpg
session_20260605_154345/frame_00207_154529_644.jpg,session_20260605_154345,train_data/session_20260605_154345/frame_00207_154529_644.jpg
session_20260605_154345/frame_00209_154530_644.jpg,session_20260605_154345,train_data/session_20260605_154345/frame_00209_154530_644.jpg
session_20260605_154345/frame_00211_154531_645.jpg,session_20260605_154345,train_data/session_20260605_154345/frame_00211_154531_645.jpg
session_20260605_154345/frame_00216_154534_147.jpg,session_20260605_154345,train_data/session_20260605_154345/frame_00216_154534_147.jpg
session_20260605_154345/frame_00220_154536_148.jpg,session_20260605_154345,train_data/session_20260605_154345/frame_00220_154536_148.jpg
session_20260605_154345/frame_00223_154537_648.jpg,session_20260605_154345,train_data/session_20260605_154345/frame_00223_154537_648.jpg
session_20260605_154345/frame_00226_154539_150.jpg,session_20260605_154345,train_data/session_20260605_154345/frame_00226_154539_150.jpg
session_20260605_154345/frame_00237_154544_654.jpg,session_20260605_154345,train_data/session_20260605_154345/frame_00237_154544_654.jpg
session_20260605_154345/frame_00247_154549_658.jpg,session_20260605_154345,train_data/session_20260605_154345/frame_00247_154549_658.jpg
session_20260605_154345/frame_00265_154558_697.jpg,session_20260605_154345,train_data/session_20260605_154345/frame_00265_154558_697.jpg
session_20260605_154345/frame_00283_154607_703.jpg,session_20260605_154345,train_data/session_20260605_154345/frame_00283_154607_703.jpg
session_20260605_154345/frame_00311_154621_779.jpg,session_20260605_154345,train_data/session_20260605_154345/frame_00311_154621_779.jpg
session_20260605_154345/frame_00346_154639_291.jpg,session_20260605_154345,train_data/session_20260605_154345/frame_00346_154639_291.jpg
session_20260605_154345/frame_00377_154654_802.jpg,session_20260605_154345,train_data/session_20260605_154345/frame_00377_154654_802.jpg
session_20260605_154345/frame_00380_154656_303.jpg,session_20260605_154345,train_data/session_20260605_154345/frame_00380_154656_303.jpg
session_20260605_154345/frame_00382_154657_304.jpg,session_20260605_154345,train_data/session_20260605_154345/frame_00382_154657_304.jpg
session_20260605_154345/frame_00398_154705_309.jpg,session_20260605_154345,train_data/session_20260605_154345/frame_00398_154705_309.jpg
session_20260605_154345/frame_00399_154705_810.jpg,session_20260605_154345,train_data/session_20260605_154345/frame_00399_154705_810.jpg
session_20260605_154345/frame_00401_154706_811.jpg,session_20260605_154345,train_data/session_20260605_154345/frame_00401_154706_811.jpg
session_20260605_154345/frame_00403_154707_812.jpg,session_20260605_154345,train_data/session_20260605_154345/frame_00403_154707_812.jpg
session_20260605_154345/frame_00405_154708_812.jpg,session_20260605_154345,train_data/session_20260605_154345/frame_00405_154708_812.jpg
session_20260605_154345/frame_00409_154710_813.jpg,session_20260605_154345,train_data/session_20260605_154345/frame_00409_154710_813.jpg
session_20260605_154345/frame_00444_154728_325.jpg,session_20260605_154345,train_data/session_20260605_154345/frame_00444_154728_325.jpg
session_20260605_154345/frame_00445_154728_826.jpg,session_20260605_154345,train_data/session_20260605_154345/frame_00445_154728_826.jpg
session_20260605_154345/frame_00446_154729_326.jpg,session_20260605_154345,train_data/session_20260605_154345/frame_00446_154729_326.jpg
session_20260605_154345/frame_00447_154729_827.jpg,session_20260605_154345,train_data/session_20260605_154345/frame_00447_154729_827.jpg
session_20260605_154345/frame_00448_154730_327.jpg,session_20260605_154345,train_data/session_20260605_154345/frame_00448_154730_327.jpg
session_20260605_154345/frame_00450_154731_327.jpg,session_20260605_154345,train_data/session_20260605_154345/frame_00450_154731_327.jpg
session_20260605_154345/frame_00454_154733_328.jpg,session_20260605_154345,train_data/session_20260605_154345/frame_00454_154733_328.jpg
session_20260605_154345/frame_00455_154733_829.jpg,session_20260605_154345,train_data/session_20260605_154345/frame_00455_154733_829.jpg
session_20260605_154345/frame_00459_154735_830.jpg,session_20260605_154345,train_data/session_20260605_154345/frame_00459_154735_830.jpg
session_20260605_154345/frame_00468_154740_334.jpg,session_20260605_154345,train_data/session_20260605_154345/frame_00468_154740_334.jpg
session_20260605_154345/frame_00507_154759_847.jpg,session_20260605_154345,train_data/session_20260605_154345/frame_00507_154759_847.jpg
session_20260605_154345/frame_00510_154801_348.jpg,session_20260605_154345,train_data/session_20260605_154345/frame_00510_154801_348.jpg
session_20260605_154345/frame_00512_154802_349.jpg,session_20260605_154345,train_data/session_20260605_154345/frame_00512_154802_349.jpg
session_20260605_154345/frame_00513_154802_849.jpg,session_20260605_154345,train_data/session_20260605_154345/frame_00513_154802_849.jpg
session_20260605_154345/frame_00514_154803_349.jpg,session_20260605_154345,train_data/session_20260605_154345/frame_00514_154803_349.jpg
session_20260605_154345/frame_00517_154804_851.jpg,session_20260605_154345,train_data/session_20260605_154345/frame_00517_154804_851.jpg
session_20260605_154345/frame_00519_154805_851.jpg,session_20260605_154345,train_data/session_20260605_154345/frame_00519_154805_851.jpg
session_20260605_154345/frame_00520_154806_351.jpg,session_20260605_154345,train_data/session_20260605_154345/frame_00520_154806_351.jpg
session_20260605_154345/frame_00523_154807_853.jpg,session_20260605_154345,train_data/session_20260605_154345/frame_00523_154807_853.jpg
session_20260605_154345/frame_00524_154808_353.jpg,session_20260605_154345,train_data/session_20260605_154345/frame_00524_154808_353.jpg
session_20260605_154345/frame_00525_154808_853.jpg,session_20260605_154345,train_data/session_20260605_154345/frame_00525_154808_853.jpg
session_20260605_154345/frame_00526_154809_353.jpg,session_20260605_154345,train_data/session_20260605_154345/frame_00526_154809_353.jpg
session_20260605_154345/frame_00527_154809_854.jpg,session_20260605_154345,train_data/session_20260605_154345/frame_00527_154809_854.jpg
session_20260605_154345/frame_00528_154810_354.jpg,session_20260605_154345,train_data/session_20260605_154345/frame_00528_154810_354.jpg
session_20260605_154345/frame_00529_154810_854.jpg,session_20260605_154345,train_data/session_20260605_154345/frame_00529_154810_854.jpg
session_20260605_154345/frame_00536_154814_357.jpg,session_20260605_154345,train_data/session_20260605_154345/frame_00536_154814_357.jpg
session_20260605_154345/frame_00537_154814_858.jpg,session_20260605_154345,train_data/session_20260605_154345/frame_00537_154814_858.jpg
session_20260605_154345/frame_00538_154815_359.jpg,session_20260605_154345,train_data/session_20260605_154345/frame_00538_154815_359.jpg
session_20260605_154345/frame_00539_154815_858.jpg,session_20260605_154345,train_data/session_20260605_154345/frame_00539_154815_858.jpg
session_20260605_154345/frame_00540_154816_359.jpg,session_20260605_154345,train_data/session_20260605_154345/frame_00540_154816_359.jpg
session_20260605_154345/frame_00541_154816_859.jpg,session_20260605_154345,train_data/session_20260605_154345/frame_00541_154816_859.jpg
session_20260605_154345/frame_00543_154817_859.jpg,session_20260605_154345,train_data/session_20260605_154345/frame_00543_154817_859.jpg
session_20260605_154345/frame_00544_154818_360.jpg,session_20260605_154345,train_data/session_20260605_154345/frame_00544_154818_360.jpg
session_20260605_154345/frame_00545_154818_860.jpg,session_20260605_154345,train_data/session_20260605_154345/frame_00545_154818_860.jpg
session_20260605_154345/frame_00549_154820_862.jpg,session_20260605_154345,train_data/session_20260605_154345/frame_00549_154820_862.jpg
session_20260605_154345/frame_00550_154821_362.jpg,session_20260605_154345,train_data/session_20260605_154345/frame_00550_154821_362.jpg
session_20260605_154345/frame_00573_154832_870.jpg,session_20260605_154345,train_data/session_20260605_154345/frame_00573_154832_870.jpg
session_20260605_154345/frame_00583_154837_873.jpg,session_20260605_154345,train_data/session_20260605_154345/frame_00583_154837_873.jpg
session_20260605_154345/frame_00587_154839_875.jpg,session_20260605_154345,train_data/session_20260605_154345/frame_00587_154839_875.jpg
session_20260605_154345/frame_00588_154840_375.jpg,session_20260605_154345,train_data/session_20260605_154345/frame_00588_154840_375.jpg
session_20260605_154345/frame_00591_154841_876.jpg,session_20260605_154345,train_data/session_20260605_154345/frame_00591_154841_876.jpg
session_20260605_154345/frame_00592_154842_376.jpg,session_20260605_154345,train_data/session_20260605_154345/frame_00592_154842_376.jpg
session_20260605_154345/frame_00594_154843_377.jpg,session_20260605_154345,train_data/session_20260605_154345/frame_00594_154843_377.jpg
session_20260605_154345/frame_00597_154844_878.jpg,session_20260605_154345,train_data/session_20260605_154345/frame_00597_154844_878.jpg
session_20260605_154345/frame_00598_154845_378.jpg,session_20260605_154345,train_data/session_20260605_154345/frame_00598_154845_378.jpg
session_20260605_154345/frame_00599_154845_910.jpg,session_20260605_154345,train_data/session_20260605_154345/frame_00599_154845_910.jpg
session_20260605_154345/frame_00604_154848_448.jpg,session_20260605_154345,train_data/session_20260605_154345/frame_00604_154848_448.jpg
session_20260605_154345/frame_00605_154848_983.jpg,session_20260605_154345,train_data/session_20260605_154345/frame_00605_154848_983.jpg
session_20260605_154345/frame_00606_154849_518.jpg,session_20260605_154345,train_data/session_20260605_154345/frame_00606_154849_518.jpg
session_20260605_154345/frame_00608_154850_516.jpg,session_20260605_154345,train_data/session_20260605_154345/frame_00608_154850_516.jpg
session_20260605_154345/frame_00610_154851_548.jpg,session_20260605_154345,train_data/session_20260605_154345/frame_00610_154851_548.jpg
session_20260605_154345/frame_00624_154858_587.jpg,session_20260605_154345,train_data/session_20260605_154345/frame_00624_154858_587.jpg
session_20260605_154345/frame_00647_154910_096.jpg,session_20260605_154345,train_data/session_20260605_154345/frame_00647_154910_096.jpg
session_20260605_154345/frame_00661_154917_100.jpg,session_20260605_154345,train_data/session_20260605_154345/frame_00661_154917_100.jpg
session_20260605_154345/frame_00663_154918_101.jpg,session_20260605_154345,train_data/session_20260605_154345/frame_00663_154918_101.jpg
session_20260605_154345/frame_00664_154918_601.jpg,session_20260605_154345,train_data/session_20260605_154345/frame_00664_154918_601.jpg
session_20260605_154345/frame_00665_154919_102.jpg,session_20260605_154345,train_data/session_20260605_154345/frame_00665_154919_102.jpg
session_20260605_154345/frame_00667_154920_103.jpg,session_20260605_154345,train_data/session_20260605_154345/frame_00667_154920_103.jpg
session_20260605_154345/frame_00668_154920_603.jpg,session_20260605_154345,train_data/session_20260605_154345/frame_00668_154920_603.jpg
session_20260605_154345/frame_00669_154921_103.jpg,session_20260605_154345,train_data/session_20260605_154345/frame_00669_154921_103.jpg
session_20260605_154345/frame_00674_154923_605.jpg,session_20260605_154345,train_data/session_20260605_154345/frame_00674_154923_605.jpg
session_20260605_154345/frame_00678_154925_606.jpg,session_20260605_154345,train_data/session_20260605_154345/frame_00678_154925_606.jpg
session_20260605_154345/frame_00679_154926_107.jpg,session_20260605_154345,train_data/session_20260605_154345/frame_00679_154926_107.jpg
session_20260605_154345/frame_00682_154927_608.jpg,session_20260605_154345,train_data/session_20260605_154345/frame_00682_154927_608.jpg
session_20260605_154345/frame_00690_154931_611.jpg,session_20260605_154345,train_data/session_20260605_154345/frame_00690_154931_611.jpg
session_20260605_154345/frame_00704_154938_616.jpg,session_20260605_154345,train_data/session_20260605_154345/frame_00704_154938_616.jpg
session_20260605_154345/frame_00721_154947_121.jpg,session_20260605_154345,train_data/session_20260605_154345/frame_00721_154947_121.jpg
session_20260605_154345/frame_00744_154958_663.jpg,session_20260605_154345,train_data/session_20260605_154345/frame_00744_154958_663.jpg
session_20260605_154345/frame_00757_155005_167.jpg,session_20260605_154345,train_data/session_20260605_154345/frame_00757_155005_167.jpg
session_20260605_154345/frame_00761_155007_168.jpg,session_20260605_154345,train_data/session_20260605_154345/frame_00761_155007_168.jpg
session_20260605_154345/frame_00763_155008_169.jpg,session_20260605_154345,train_data/session_20260605_154345/frame_00763_155008_169.jpg
session_20260605_154345/frame_00764_155008_669.jpg,session_20260605_154345,train_data/session_20260605_154345/frame_00764_155008_669.jpg
session_20260605_154345/frame_00765_155009_170.jpg,session_20260605_154345,train_data/session_20260605_154345/frame_00765_155009_170.jpg
session_20260605_154345/frame_00766_155009_670.jpg,session_20260605_154345,train_data/session_20260605_154345/frame_00766_155009_670.jpg
session_20260605_154345/frame_00768_155010_671.jpg,session_20260605_154345,train_data/session_20260605_154345/frame_00768_155010_671.jpg
session_20260605_154345/frame_00771_155012_172.jpg,session_20260605_154345,train_data/session_20260605_154345/frame_00771_155012_172.jpg
session_20260605_154345/frame_00772_155012_672.jpg,session_20260605_154345,train_data/session_20260605_154345/frame_00772_155012_672.jpg
session_20260605_154345/frame_00773_155013_172.jpg,session_20260605_154345,train_data/session_20260605_154345/frame_00773_155013_172.jpg
session_20260605_154345/frame_00787_155020_178.jpg,session_20260605_154345,train_data/session_20260605_154345/frame_00787_155020_178.jpg
session_20260605_154345/frame_00796_155024_681.jpg,session_20260605_154345,train_data/session_20260605_154345/frame_00796_155024_681.jpg
session_20260605_154345/frame_00810_155031_686.jpg,session_20260605_154345,train_data/session_20260605_154345/frame_00810_155031_686.jpg
session_20260605_154345/frame_00835_155044_261.jpg,session_20260605_154345,train_data/session_20260605_154345/frame_00835_155044_261.jpg
session_20260605_154345/frame_00844_155048_797.jpg,session_20260605_154345,train_data/session_20260605_154345/frame_00844_155048_797.jpg
session_20260605_154345/frame_00853_155053_333.jpg,session_20260605_154345,train_data/session_20260605_154345/frame_00853_155053_333.jpg
session_20260605_154345/frame_00854_155053_835.jpg,session_20260605_154345,train_data/session_20260605_154345/frame_00854_155053_835.jpg
session_20260605_154345/frame_00855_155054_335.jpg,session_20260605_154345,train_data/session_20260605_154345/frame_00855_155054_335.jpg
session_20260605_154345/frame_00856_155054_835.jpg,session_20260605_154345,train_data/session_20260605_154345/frame_00856_155054_835.jpg
session_20260605_154345/frame_00863_155058_337.jpg,session_20260605_154345,train_data/session_20260605_154345/frame_00863_155058_337.jpg
session_20260605_154345/frame_00864_155058_837.jpg,session_20260605_154345,train_data/session_20260605_154345/frame_00864_155058_837.jpg
session_20260605_154345/frame_00867_155100_338.jpg,session_20260605_154345,train_data/session_20260605_154345/frame_00867_155100_338.jpg
session_20260605_154345/frame_00870_155101_839.jpg,session_20260605_154345,train_data/session_20260605_154345/frame_00870_155101_839.jpg
session_20260605_154345/frame_00873_155103_341.jpg,session_20260605_154345,train_data/session_20260605_154345/frame_00873_155103_341.jpg
session_20260605_154345/frame_00874_155103_841.jpg,session_20260605_154345,train_data/session_20260605_154345/frame_00874_155103_841.jpg
session_20260605_154345/frame_00877_155105_342.jpg,session_20260605_154345,train_data/session_20260605_154345/frame_00877_155105_342.jpg
session_20260605_154345/frame_00880_155106_843.jpg,session_20260605_154345,train_data/session_20260605_154345/frame_00880_155106_843.jpg
session_20260605_154345/frame_00881_155107_344.jpg,session_20260605_154345,train_data/session_20260605_154345/frame_00881_155107_344.jpg
session_20260605_154345/frame_00884_155108_845.jpg,session_20260605_154345,train_data/session_20260605_154345/frame_00884_155108_845.jpg
session_20260605_154345/frame_00887_155110_345.jpg,session_20260605_154345,train_data/session_20260605_154345/frame_00887_155110_345.jpg
session_20260605_154345/frame_00898_155115_849.jpg,session_20260605_154345,train_data/session_20260605_154345/frame_00898_155115_849.jpg
session_20260605_154345/frame_00904_155118_852.jpg,session_20260605_154345,train_data/session_20260605_154345/frame_00904_155118_852.jpg
session_20260605_154345/frame_00906_155119_852.jpg,session_20260605_154345,train_data/session_20260605_154345/frame_00906_155119_852.jpg
session_20260605_154345/frame_00907_155120_353.jpg,session_20260605_154345,train_data/session_20260605_154345/frame_00907_155120_353.jpg
session_20260605_154345/frame_00908_155120_852.jpg,session_20260605_154345,train_data/session_20260605_154345/frame_00908_155120_852.jpg
session_20260605_154345/frame_00910_155121_853.jpg,session_20260605_154345,train_data/session_20260605_154345/frame_00910_155121_853.jpg
session_20260605_154345/frame_00911_155122_354.jpg,session_20260605_154345,train_data/session_20260605_154345/frame_00911_155122_354.jpg
session_20260605_154345/frame_00912_155122_854.jpg,session_20260605_154345,train_data/session_20260605_154345/frame_00912_155122_854.jpg
session_20260605_154345/frame_00913_155123_355.jpg,session_20260605_154345,train_data/session_20260605_154345/frame_00913_155123_355.jpg
session_20260605_154345/frame_00914_155123_855.jpg,session_20260605_154345,train_data/session_20260605_154345/frame_00914_155123_855.jpg
session_20260605_154345/frame_00916_155124_856.jpg,session_20260605_154345,train_data/session_20260605_154345/frame_00916_155124_856.jpg
session_20260605_154345/frame_00929_155131_361.jpg,session_20260605_154345,train_data/session_20260605_154345/frame_00929_155131_361.jpg
session_20260605_154345/frame_00960_155146_937.jpg,session_20260605_154345,train_data/session_20260605_154345/frame_00960_155146_937.jpg
session_20260605_154345/frame_00979_155156_444.jpg,session_20260605_154345,train_data/session_20260605_154345/frame_00979_155156_444.jpg
session_20260605_154345/frame_00993_155203_448.jpg,session_20260605_154345,train_data/session_20260605_154345/frame_00993_155203_448.jpg
session_20260605_154345/frame_01000_155206_952.jpg,session_20260605_154345,train_data/session_20260605_154345/frame_01000_155206_952.jpg
session_20260605_154345/frame_01001_155207_451.jpg,session_20260605_154345,train_data/session_20260605_154345/frame_01001_155207_451.jpg
session_20260605_154345/frame_01002_155207_952.jpg,session_20260605_154345,train_data/session_20260605_154345/frame_01002_155207_952.jpg
session_20260605_154345/frame_01007_155210_487.jpg,session_20260605_154345,train_data/session_20260605_154345/frame_01007_155210_487.jpg
session_20260605_154345/frame_01009_155211_488.jpg,session_20260605_154345,train_data/session_20260605_154345/frame_01009_155211_488.jpg
session_20260605_154345/frame_01012_155212_989.jpg,session_20260605_154345,train_data/session_20260605_154345/frame_01012_155212_989.jpg
session_20260605_154345/frame_01017_155215_490.jpg,session_20260605_154345,train_data/session_20260605_154345/frame_01017_155215_490.jpg
session_20260605_154345/frame_01019_155216_491.jpg,session_20260605_154345,train_data/session_20260605_154345/frame_01019_155216_491.jpg
session_20260605_154345/frame_01020_155216_992.jpg,session_20260605_154345,train_data/session_20260605_154345/frame_01020_155216_992.jpg
session_20260605_154345/frame_01021_155217_492.jpg,session_20260605_154345,train_data/session_20260605_154345/frame_01021_155217_492.jpg
session_20260605_154345/frame_01025_155219_494.jpg,session_20260605_154345,train_data/session_20260605_154345/frame_01025_155219_494.jpg
session_20260605_154345/frame_01026_155219_994.jpg,session_20260605_154345,train_data/session_20260605_154345/frame_01026_155219_994.jpg
session_20260605_154345/frame_01027_155220_494.jpg,session_20260605_154345,train_data/session_20260605_154345/frame_01027_155220_494.jpg
session_20260605_154345/frame_01028_155220_995.jpg,session_20260605_154345,train_data/session_20260605_154345/frame_01028_155220_995.jpg
session_20260605_154345/frame_01029_155221_494.jpg,session_20260605_154345,train_data/session_20260605_154345/frame_01029_155221_494.jpg
session_20260605_154345/frame_01030_155221_995.jpg,session_20260605_154345,train_data/session_20260605_154345/frame_01030_155221_995.jpg
session_20260605_154345/frame_01031_155222_495.jpg,session_20260605_154345,train_data/session_20260605_154345/frame_01031_155222_495.jpg
session_20260605_154345/frame_01032_155222_995.jpg,session_20260605_154345,train_data/session_20260605_154345/frame_01032_155222_995.jpg
session_20260605_154345/frame_01033_155223_496.jpg,session_20260605_154345,train_data/session_20260605_154345/frame_01033_155223_496.jpg
session_20260605_154345/frame_01034_155223_996.jpg,session_20260605_154345,train_data/session_20260605_154345/frame_01034_155223_996.jpg
session_20260605_154345/frame_01035_155224_497.jpg,session_20260605_154345,train_data/session_20260605_154345/frame_01035_155224_497.jpg
session_20260605_154345/frame_01036_155224_997.jpg,session_20260605_154345,train_data/session_20260605_154345/frame_01036_155224_997.jpg
session_20260605_154345/frame_01037_155225_498.jpg,session_20260605_154345,train_data/session_20260605_154345/frame_01037_155225_498.jpg
session_20260605_154345/frame_01038_155225_998.jpg,session_20260605_154345,train_data/session_20260605_154345/frame_01038_155225_998.jpg
session_20260605_154345/frame_01039_155226_498.jpg,session_20260605_154345,train_data/session_20260605_154345/frame_01039_155226_498.jpg
session_20260605_154345/frame_01042_155227_999.jpg,session_20260605_154345,train_data/session_20260605_154345/frame_01042_155227_999.jpg
session_20260605_154345/frame_01046_155230_001.jpg,session_20260605_154345,train_data/session_20260605_154345/frame_01046_155230_001.jpg
session_20260605_154345/frame_01048_155231_001.jpg,session_20260605_154345,train_data/session_20260605_154345/frame_01048_155231_001.jpg
session_20260605_154345/frame_01049_155231_501 copy.jpg,session_20260605_154345,train_data/session_20260605_154345/frame_01049_155231_501.jpg
session_20260605_154345/frame_01054_155234_003.jpg,session_20260605_154345,train_data/session_20260605_154345/frame_01054_155234_003.jpg
session_20260605_154345/frame_01056_155235_004.jpg,session_20260605_154345,train_data/session_20260605_154345/frame_01056_155235_004.jpg
session_20260605_154345/frame_01058_155236_038.jpg,session_20260605_154345,train_data/session_20260605_154345/frame_01058_155236_038.jpg
session_20260605_154345/frame_01059_155236_538.jpg,session_20260605_154345,train_data/session_20260605_154345/frame_01059_155236_538.jpg
session_20260605_154345/frame_01060_155237_039.jpg,session_20260605_154345,train_data/session_20260605_154345/frame_01060_155237_039.jpg
session_20260605_154345/frame_01062_155238_040.jpg,session_20260605_154345,train_data/session_20260605_154345/frame_01062_155238_040.jpg
session_20260605_154345/frame_01063_155238_540.jpg,session_20260605_154345,train_data/session_20260605_154345/frame_01063_155238_540.jpg
session_20260605_154345/frame_01064_155239_040.jpg,session_20260605_154345,train_data/session_20260605_154345/frame_01064_155239_040.jpg
session_20260605_154345/frame_01065_155239_541.jpg,session_20260605_154345,train_data/session_20260605_154345/frame_01065_155239_541.jpg
session_20260605_154345/frame_01075_155244_544.jpg,session_20260605_154345,train_data/session_20260605_154345/frame_01075_155244_544.jpg
session_20260605_154345/frame_01076_155245_045.jpg,session_20260605_154345,train_data/session_20260605_154345/frame_01076_155245_045.jpg
session_20260605_154345/frame_01077_155245_545.jpg,session_20260605_154345,train_data/session_20260605_154345/frame_01077_155245_545.jpg
session_20260605_154345/frame_01084_155249_047.jpg,session_20260605_154345,train_data/session_20260605_154345/frame_01084_155249_047.jpg
session_20260605_154345/frame_01093_155253_551.jpg,session_20260605_154345,train_data/session_20260605_154345/frame_01093_155253_551.jpg
session_20260605_154345/frame_01106_155300_055.jpg,session_20260605_154345,train_data/session_20260605_154345/frame_01106_155300_055.jpg
session_20260605_154345/frame_01111_155302_556.jpg,session_20260605_154345,train_data/session_20260605_154345/frame_01111_155302_556.jpg
session_20260605_154345/frame_01112_155303_057.jpg,session_20260605_154345,train_data/session_20260605_154345/frame_01112_155303_057.jpg
session_20260605_154345/frame_01113_155303_557.jpg,session_20260605_154345,train_data/session_20260605_154345/frame_01113_155303_557.jpg
session_20260605_154345/frame_01114_155304_057.jpg,session_20260605_154345,train_data/session_20260605_154345/frame_01114_155304_057.jpg
session_20260605_154345/frame_01115_155304_558.jpg,session_20260605_154345,train_data/session_20260605_154345/frame_01115_155304_558.jpg
session_20260605_154345/frame_01116_155305_059.jpg,session_20260605_154345,train_data/session_20260605_154345/frame_01116_155305_059.jpg
session_20260605_154345/frame_01118_155306_059.jpg,session_20260605_154345,train_data/session_20260605_154345/frame_01118_155306_059.jpg
session_20260605_154345/frame_01119_155306_559.jpg,session_20260605_154345,train_data/session_20260605_154345/frame_01119_155306_559.jpg
session_20260605_154345/frame_01120_155307_060.jpg,session_20260605_154345,train_data/session_20260605_154345/frame_01120_155307_060.jpg
session_20260605_154345/frame_01123_155308_594.jpg,session_20260605_154345,train_data/session_20260605_154345/frame_01123_155308_594.jpg
session_20260605_154345/frame_01130_155312_096.jpg,session_20260605_154345,train_data/session_20260605_154345/frame_01130_155312_096.jpg
session_20260605_154345/frame_01132_155313_097.jpg,session_20260605_154345,train_data/session_20260605_154345/frame_01132_155313_097.jpg
session_20260605_154345/frame_01134_155314_098.jpg,session_20260605_154345,train_data/session_20260605_154345/frame_01134_155314_098.jpg
session_20260605_154345/frame_01136_155315_099.jpg,session_20260605_154345,train_data/session_20260605_154345/frame_01136_155315_099.jpg
session_20260605_154345/frame_01138_155316_099.jpg,session_20260605_154345,train_data/session_20260605_154345/frame_01138_155316_099.jpg
session_20260605_154345/frame_01146_155320_135.jpg,session_20260605_154345,train_data/session_20260605_154345/frame_01146_155320_135.jpg
session_20260605_154345/frame_01152_155323_137.jpg,session_20260605_154345,train_data/session_20260605_154345/frame_01152_155323_137.jpg
session_20260605_154345/frame_01156_155325_139.jpg,session_20260605_154345,train_data/session_20260605_154345/frame_01156_155325_139.jpg
session_20260605_154345/frame_01163_155328_641.jpg,session_20260605_154345,train_data/session_20260605_154345/frame_01163_155328_641.jpg
session_20260605_154345/frame_01166_155330_142.jpg,session_20260605_154345,train_data/session_20260605_154345/frame_01166_155330_142.jpg
session_20260605_154345/frame_01169_155331_643.jpg,session_20260605_154345,train_data/session_20260605_154345/frame_01169_155331_643.jpg
session_20260605_154345/frame_01173_155333_645.jpg,session_20260605_154345,train_data/session_20260605_154345/frame_01173_155333_645.jpg
session_20260605_154345/frame_01183_155338_714.jpg,session_20260605_154345,train_data/session_20260605_154345/frame_01183_155338_714.jpg
session_20260605_154345/frame_01197_155345_720.jpg,session_20260605_154345,train_data/session_20260605_154345/frame_01197_155345_720.jpg
session_20260605_154345/frame_01198_155346_220.jpg,session_20260605_154345,train_data/session_20260605_154345/frame_01198_155346_220.jpg
session_20260605_154345/frame_01205_155349_723.jpg,session_20260605_154345,train_data/session_20260605_154345/frame_01205_155349_723.jpg
session_20260605_154345/frame_01226_155400_229.jpg,session_20260605_154345,train_data/session_20260605_154345/frame_01226_155400_229.jpg
session_20260605_154345/frame_01228_155401_231.jpg,session_20260605_154345,train_data/session_20260605_154345/frame_01228_155401_231.jpg
session_20260605_154345/frame_01241_155407_768.jpg,session_20260605_154345,train_data/session_20260605_154345/frame_01241_155407_768.jpg
session_20260605_154345/frame_01251_155412_805.jpg,session_20260605_154345,train_data/session_20260605_154345/frame_01251_155412_805.jpg
session_20260605_154345/frame_01261_155417_809.jpg,session_20260605_154345,train_data/session_20260605_154345/frame_01261_155417_809.jpg
session_20260605_154345/frame_01268_155421_311.jpg,session_20260605_154345,train_data/session_20260605_154345/frame_01268_155421_311.jpg
session_20260605_154345/frame_01276_155425_313.jpg,session_20260605_154345,train_data/session_20260605_154345/frame_01276_155425_313.jpg
session_20260605_154345/frame_01283_155428_816.jpg,session_20260605_154345,train_data/session_20260605_154345/frame_01283_155428_816.jpg
session_20260605_154345/frame_01289_155431_818.jpg,session_20260605_154345,train_data/session_20260605_154345/frame_01289_155431_818.jpg
session_20260605_154345/frame_01294_155434_320.jpg,session_20260605_154345,train_data/session_20260605_154345/frame_01294_155434_320.jpg
session_20260605_154345/frame_01295_155434_820.jpg,session_20260605_154345,train_data/session_20260605_154345/frame_01295_155434_820.jpg
session_20260605_154345/frame_01296_155435_321.jpg,session_20260605_154345,train_data/session_20260605_154345/frame_01296_155435_321.jpg
session_20260605_154345/frame_01300_155437_322.jpg,session_20260605_154345,train_data/session_20260605_154345/frame_01300_155437_322.jpg
session_20260605_154345/frame_01301_155437_822.jpg,session_20260605_154345,train_data/session_20260605_154345/frame_01301_155437_822.jpg
session_20260605_154345/frame_01302_155438_323.jpg,session_20260605_154345,train_data/session_20260605_154345/frame_01302_155438_323.jpg
session_20260605_154345/frame_01303_155438_823.jpg,session_20260605_154345,train_data/session_20260605_154345/frame_01303_155438_823.jpg
session_20260605_154345/frame_01307_155440_825.jpg,session_20260605_154345,train_data/session_20260605_154345/frame_01307_155440_825.jpg
session_20260605_154345/frame_01312_155443_326.jpg,session_20260605_154345,train_data/session_20260605_154345/frame_01312_155443_326.jpg
session_20260605_154345/frame_01313_155443_827.jpg,session_20260605_154345,train_data/session_20260605_154345/frame_01313_155443_827.jpg
session_20260605_154345/frame_01323_155448_831.jpg,session_20260605_154345,train_data/session_20260605_154345/frame_01323_155448_831.jpg
session_20260605_154345/frame_01339_155456_869.jpg,session_20260605_154345,train_data/session_20260605_154345/frame_01339_155456_869.jpg
session_20260605_154345/frame_01358_155506_376.jpg,session_20260605_154345,train_data/session_20260605_154345/frame_01358_155506_376.jpg
session_20260605_154345/frame_01365_155509_878.jpg,session_20260605_154345,train_data/session_20260605_154345/frame_01365_155509_878.jpg
session_20260605_154345/frame_01376_155515_382.jpg,session_20260605_154345,train_data/session_20260605_154345/frame_01376_155515_382.jpg
session_20260605_154345/frame_01384_155519_384.jpg,session_20260605_154345,train_data/session_20260605_154345/frame_01384_155519_384.jpg
session_20260605_154345/frame_01389_155521_886.jpg,session_20260605_154345,train_data/session_20260605_154345/frame_01389_155521_886.jpg
session_20260605_154345/frame_01406_155530_392.jpg,session_20260605_154345,train_data/session_20260605_154345/frame_01406_155530_392.jpg
session_20260605_154345/frame_01409_155531_893.jpg,session_20260605_154345,train_data/session_20260605_154345/frame_01409_155531_893.jpg
session_20260605_154345/frame_01416_155535_395.jpg,session_20260605_154345,train_data/session_20260605_154345/frame_01416_155535_395.jpg
session_20260605_154345/frame_01424_155539_398.jpg,session_20260605_154345,train_data/session_20260605_154345/frame_01424_155539_398.jpg
session_20260605_154345/frame_01430_155542_400.jpg,session_20260605_154345,train_data/session_20260605_154345/frame_01430_155542_400.jpg
session_20260605_154345/frame_01434_155544_402.jpg,session_20260605_154345,train_data/session_20260605_154345/frame_01434_155544_402.jpg
session_20260605_154345/frame_01440_155547_437.jpg,session_20260605_154345,train_data/session_20260605_154345/frame_01440_155547_437.jpg
session_20260605_154345/frame_01449_155552_007.jpg,session_20260605_154345,train_data/session_20260605_154345/frame_01449_155552_007.jpg
session_20260605_154345/frame_01457_155556_043.jpg,session_20260605_154345,train_data/session_20260605_154345/frame_01457_155556_043.jpg
session_20260605_154345/frame_01461_155558_044.jpg,session_20260605_154345,train_data/session_20260605_154345/frame_01461_155558_044.jpg
session_20260605_154345/frame_01467_155601_113.jpg,session_20260605_154345,train_data/session_20260605_154345/frame_01467_155601_113.jpg
session_20260605_154345/frame_01473_155604_115.jpg,session_20260605_154345,train_data/session_20260605_154345/frame_01473_155604_115.jpg
session_20260605_154345/frame_01475_155605_116.jpg,session_20260605_154345,train_data/session_20260605_154345/frame_01475_155605_116.jpg
session_20260605_154345/frame_01478_155606_617.jpg,session_20260605_154345,train_data/session_20260605_154345/frame_01478_155606_617.jpg
session_20260605_154345/frame_01479_155607_117.jpg,session_20260605_154345,train_data/session_20260605_154345/frame_01479_155607_117.jpg
session_20260605_154345/frame_01480_155607_617.jpg,session_20260605_154345,train_data/session_20260605_154345/frame_01480_155607_617.jpg
session_20260605_154345/frame_01481_155608_118.jpg,session_20260605_154345,train_data/session_20260605_154345/frame_01481_155608_118.jpg
session_20260605_154345/frame_01483_155609_118.jpg,session_20260605_154345,train_data/session_20260605_154345/frame_01483_155609_118.jpg
session_20260605_154345/frame_01484_155609_619.jpg,session_20260605_154345,train_data/session_20260605_154345/frame_01484_155609_619.jpg
session_20260605_154345/frame_01487_155611_120.jpg,session_20260605_154345,train_data/session_20260605_154345/frame_01487_155611_120.jpg
session_20260605_154345/frame_01488_155611_620.jpg,session_20260605_154345,train_data/session_20260605_154345/frame_01488_155611_620.jpg
session_20260605_154345/frame_01489_155612_121.jpg,session_20260605_154345,train_data/session_20260605_154345/frame_01489_155612_121.jpg
session_20260605_154345/frame_01493_155614_122.jpg,session_20260605_154345,train_data/session_20260605_154345/frame_01493_155614_122.jpg
session_20260605_154345/frame_01494_155614_622.jpg,session_20260605_154345,train_data/session_20260605_154345/frame_01494_155614_622.jpg
session_20260605_154345/frame_01499_155617_158.jpg,session_20260605_154345,train_data/session_20260605_154345/frame_01499_155617_158.jpg
session_20260605_154345/frame_01501_155618_158.jpg,session_20260605_154345,train_data/session_20260605_154345/frame_01501_155618_158.jpg
session_20260605_154345/frame_01503_155619_159.jpg,session_20260605_154345,train_data/session_20260605_154345/frame_01503_155619_159.jpg
session_20260605_154345/frame_01523_155629_199.jpg,session_20260605_154345,train_data/session_20260605_154345/frame_01523_155629_199.jpg
session_20260605_154345/frame_01526_155630_700.jpg,session_20260605_154345,train_data/session_20260605_154345/frame_01526_155630_700.jpg
session_20260605_154345/frame_01527_155631_201.jpg,session_20260605_154345,train_data/session_20260605_154345/frame_01527_155631_201.jpg
session_20260605_154345/frame_01530_155632_702.jpg,session_20260605_154345,train_data/session_20260605_154345/frame_01530_155632_702.jpg
session_20260605_154345/frame_01531_155633_202.jpg,session_20260605_154345,train_data/session_20260605_154345/frame_01531_155633_202.jpg
session_20260605_154345/frame_01533_155634_203.jpg,session_20260605_154345,train_data/session_20260605_154345/frame_01533_155634_203.jpg
session_20260605_154345/frame_01534_155634_703.jpg,session_20260605_154345,train_data/session_20260605_154345/frame_01534_155634_703.jpg
session_20260605_154345/frame_01535_155635_204.jpg,session_20260605_154345,train_data/session_20260605_154345/frame_01535_155635_204.jpg
session_20260605_154345/frame_01536_155635_704.jpg,session_20260605_154345,train_data/session_20260605_154345/frame_01536_155635_704.jpg
session_20260605_154345/frame_01537_155636_204.jpg,session_20260605_154345,train_data/session_20260605_154345/frame_01537_155636_204.jpg
session_20260605_154345/frame_01538_155636_705.jpg,session_20260605_154345,train_data/session_20260605_154345/frame_01538_155636_705.jpg
session_20260605_154345/frame_01539_155637_205.jpg,session_20260605_154345,train_data/session_20260605_154345/frame_01539_155637_205.jpg
session_20260605_154345/frame_01540_155637_705.jpg,session_20260605_154345,train_data/session_20260605_154345/frame_01540_155637_705.jpg
session_20260605_154345/frame_01541_155638_205.jpg,session_20260605_154345,train_data/session_20260605_154345/frame_01541_155638_205.jpg
session_20260605_154345/frame_01544_155639_707.jpg,session_20260605_154345,train_data/session_20260605_154345/frame_01544_155639_707.jpg
session_20260605_154345/frame_01545_155640_207.jpg,session_20260605_154345,train_data/session_20260605_154345/frame_01545_155640_207.jpg
session_20260605_154345/frame_01546_155640_707.jpg,session_20260605_154345,train_data/session_20260605_154345/frame_01546_155640_707.jpg
session_20260605_154345/frame_01550_155642_708.jpg,session_20260605_154345,train_data/session_20260605_154345/frame_01550_155642_708.jpg
session_20260605_154345/frame_01551_155643_209.jpg,session_20260605_154345,train_data/session_20260605_154345/frame_01551_155643_209.jpg
session_20260605_154345/frame_01556_155645_711.jpg,session_20260605_154345,train_data/session_20260605_154345/frame_01556_155645_711.jpg
session_20260605_154345/frame_01557_155646_211.jpg,session_20260605_154345,train_data/session_20260605_154345/frame_01557_155646_211.jpg
session_20260605_154345/frame_01560_155647_712.jpg,session_20260605_154345,train_data/session_20260605_154345/frame_01560_155647_712.jpg
session_20260605_154345/frame_01561_155648_213.jpg,session_20260605_154345,train_data/session_20260605_154345/frame_01561_155648_213.jpg
session_20260605_154345/frame_01562_155648_713.jpg,session_20260605_154345,train_data/session_20260605_154345/frame_01562_155648_713.jpg
session_20260605_154345/frame_01563_155649_213.jpg,session_20260605_154345,train_data/session_20260605_154345/frame_01563_155649_213.jpg
session_20260605_154345/frame_01564_155649_714.jpg,session_20260605_154345,train_data/session_20260605_154345/frame_01564_155649_714.jpg
session_20260605_154345/frame_01565_155650_214.jpg,session_20260605_154345,train_data/session_20260605_154345/frame_01565_155650_214.jpg
session_20260605_154345/frame_01566_155650_714.jpg,session_20260605_154345,train_data/session_20260605_154345/frame_01566_155650_714.jpg
session_20260605_154345/frame_01567_155651_214.jpg,session_20260605_154345,train_data/session_20260605_154345/frame_01567_155651_214.jpg
session_20260605_154345/frame_01578_155656_719.jpg,session_20260605_154345,train_data/session_20260605_154345/frame_01578_155656_719.jpg
session_20260605_154345/frame_01579_155657_218.jpg,session_20260605_154345,train_data/session_20260605_154345/frame_01579_155657_218.jpg
session_20260605_154345/frame_01582_155658_720.jpg,session_20260605_154345,train_data/session_20260605_154345/frame_01582_155658_720.jpg
session_20260605_154345/frame_01583_155659_220.jpg,session_20260605_154345,train_data/session_20260605_154345/frame_01583_155659_220.jpg
session_20260605_154345/frame_01584_155659_721.jpg,session_20260605_154345,train_data/session_20260605_154345/frame_01584_155659_721.jpg
session_20260605_154345/frame_01585_155700_220.jpg,session_20260605_154345,train_data/session_20260605_154345/frame_01585_155700_220.jpg
session_20260605_154345/frame_01590_155702_722.jpg,session_20260605_154345,train_data/session_20260605_154345/frame_01590_155702_722.jpg
session_20260605_154345/frame_01591_155703_223.jpg,session_20260605_154345,train_data/session_20260605_154345/frame_01591_155703_223.jpg
session_20260605_154345/frame_01599_155707_226.jpg,session_20260605_154345,train_data/session_20260605_154345/frame_01599_155707_226.jpg
session_20260605_154345/frame_01600_155707_726.jpg,session_20260605_154345,train_data/session_20260605_154345/frame_01600_155707_726.jpg
session_20260605_154345/frame_01601_155708_226.jpg,session_20260605_154345,train_data/session_20260605_154345/frame_01601_155708_226.jpg
session_20260605_154345/frame_01609_155712_229.jpg,session_20260605_154345,train_data/session_20260605_154345/frame_01609_155712_229.jpg
session_20260605_154345/frame_01630_155722_736.jpg,session_20260605_154345,train_data/session_20260605_154345/frame_01630_155722_736.jpg
session_20260605_154345/frame_01631_155723_237.jpg,session_20260605_154345,train_data/session_20260605_154345/frame_01631_155723_237.jpg
session_20260605_154345/frame_01632_155723_737.jpg,session_20260605_154345,train_data/session_20260605_154345/frame_01632_155723_737.jpg
session_20260605_154345/frame_01633_155724_237.jpg,session_20260605_154345,train_data/session_20260605_154345/frame_01633_155724_237.jpg
session_20260605_154345/frame_01638_155726_739.jpg,session_20260605_154345,train_data/session_20260605_154345/frame_01638_155726_739.jpg
session_20260605_154345/frame_01639_155727_240.jpg,session_20260605_154345,train_data/session_20260605_154345/frame_01639_155727_240.jpg
session_20260605_154345/frame_01640_155727_740.jpg,session_20260605_154345,train_data/session_20260605_154345/frame_01640_155727_740.jpg
session_20260605_154345/frame_01641_155728_241.jpg,session_20260605_154345,train_data/session_20260605_154345/frame_01641_155728_241.jpg
session_20260605_154345/frame_01642_155728_741.jpg,session_20260605_154345,train_data/session_20260605_154345/frame_01642_155728_741.jpg
session_20260605_154345/frame_01644_155729_741.jpg,session_20260605_154345,train_data/session_20260605_154345/frame_01644_155729_741.jpg
session_20260605_154345/frame_01645_155730_241.jpg,session_20260605_154345,train_data/session_20260605_154345/frame_01645_155730_241.jpg
session_20260605_154345/frame_01646_155730_742.jpg,session_20260605_154345,train_data/session_20260605_154345/frame_01646_155730_742.jpg
session_20260605_154345/frame_01648_155731_743.jpg,session_20260605_154345,train_data/session_20260605_154345/frame_01648_155731_743.jpg
session_20260605_154345/frame_01649_155732_243.jpg,session_20260605_154345,train_data/session_20260605_154345/frame_01649_155732_243.jpg
session_20260605_154345/frame_01651_155733_244.jpg,session_20260605_154345,train_data/session_20260605_154345/frame_01651_155733_244.jpg
session_20260605_154345/frame_01652_155733_744.jpg,session_20260605_154345,train_data/session_20260605_154345/frame_01652_155733_744.jpg
session_20260605_154345/frame_01662_155738_747.jpg,session_20260605_154345,train_data/session_20260605_154345/frame_01662_155738_747.jpg
session_20260605_154345/frame_01671_155743_251.jpg,session_20260605_154345,train_data/session_20260605_154345/frame_01671_155743_251.jpg
session_20260605_154345/frame_01681_155748_254.jpg,session_20260605_154345,train_data/session_20260605_154345/frame_01681_155748_254.jpg
session_20260605_154345/frame_01685_155750_256.jpg,session_20260605_154345,train_data/session_20260605_154345/frame_01685_155750_256.jpg
session_20260605_154345/frame_01693_155754_258.jpg,session_20260605_154345,train_data/session_20260605_154345/frame_01693_155754_258.jpg
session_20260605_154345/frame_01702_155758_828.jpg,session_20260605_154345,train_data/session_20260605_154345/frame_01702_155758_828.jpg
session_20260605_154345/frame_01706_155800_829.jpg,session_20260605_154345,train_data/session_20260605_154345/frame_01706_155800_829.jpg
session_20260605_154345/frame_01707_155801_330.jpg,session_20260605_154345,train_data/session_20260605_154345/frame_01707_155801_330.jpg
session_20260605_154345/frame_01711_155803_331.jpg,session_20260605_154345,train_data/session_20260605_154345/frame_01711_155803_331.jpg
session_20260605_154345/frame_01713_155804_332.jpg,session_20260605_154345,train_data/session_20260605_154345/frame_01713_155804_332.jpg
session_20260605_154345/frame_01719_155807_334.jpg,session_20260605_154345,train_data/session_20260605_154345/frame_01719_155807_334.jpg
session_20260605_154345/frame_01722_155808_835.jpg,session_20260605_154345,train_data/session_20260605_154345/frame_01722_155808_835.jpg
session_20260605_154345/frame_01726_155810_837.jpg,session_20260605_154345,train_data/session_20260605_154345/frame_01726_155810_837.jpg
session_20260605_154345/frame_01727_155811_336.jpg,session_20260605_154345,train_data/session_20260605_154345/frame_01727_155811_336.jpg
session_20260605_154345/frame_01728_155811_837.jpg,session_20260605_154345,train_data/session_20260605_154345/frame_01728_155811_837.jpg
session_20260605_154345/frame_01729_155812_371.jpg,session_20260605_154345,train_data/session_20260605_154345/frame_01729_155812_371.jpg
session_20260605_154345/frame_01732_155813_872.jpg,session_20260605_154345,train_data/session_20260605_154345/frame_01732_155813_872.jpg
session_20260605_154345/frame_01743_155819_375.jpg,session_20260605_154345,train_data/session_20260605_154345/frame_01743_155819_375.jpg
session_20260605_154345/frame_01744_155819_876.jpg,session_20260605_154345,train_data/session_20260605_154345/frame_01744_155819_876.jpg
session_20260605_154345/frame_01745_155820_376.jpg,session_20260605_154345,train_data/session_20260605_154345/frame_01745_155820_376.jpg
session_20260605_154345/frame_01746_155820_877.jpg,session_20260605_154345,train_data/session_20260605_154345/frame_01746_155820_877.jpg
session_20260605_154345/frame_01747_155821_377.jpg,session_20260605_154345,train_data/session_20260605_154345/frame_01747_155821_377.jpg
session_20260605_154345/frame_01755_155825_380.jpg,session_20260605_154345,train_data/session_20260605_154345/frame_01755_155825_380.jpg
session_20260605_154345/frame_01761_155828_382.jpg,session_20260605_154345,train_data/session_20260605_154345/frame_01761_155828_382.jpg
session_20260605_154345/frame_01764_155829_883.jpg,session_20260605_154345,train_data/session_20260605_154345/frame_01764_155829_883.jpg
session_20260605_154345/frame_01767_155831_384.jpg,session_20260605_154345,train_data/session_20260605_154345/frame_01767_155831_384.jpg
session_20260605_154345/frame_01769_155832_385.jpg,session_20260605_154345,train_data/session_20260605_154345/frame_01769_155832_385.jpg
session_20260605_154345/frame_01781_155838_389.jpg,session_20260605_154345,train_data/session_20260605_154345/frame_01781_155838_389.jpg
session_20260605_154345/frame_01795_155845_427.jpg,session_20260605_154345,train_data/session_20260605_154345/frame_01795_155845_427.jpg
session_20260605_154345/frame_01814_155854_933.jpg,session_20260605_154345,train_data/session_20260605_154345/frame_01814_155854_933.jpg
session_20260605_154345/frame_01854_155914_981.jpg,session_20260605_154345,train_data/session_20260605_154345/frame_01854_155914_981.jpg
session_20260605_154345/frame_01861_155918_483.jpg,session_20260605_154345,train_data/session_20260605_154345/frame_01861_155918_483.jpg
session_20260605_154345/frame_01867_155921_485.jpg,session_20260605_154345,train_data/session_20260605_154345/frame_01867_155921_485.jpg
session_20260605_154345/frame_01890_155932_993.jpg,session_20260605_154345,train_data/session_20260605_154345/frame_01890_155932_993.jpg
session_20260605_154345/frame_01901_155938_530.jpg,session_20260605_154345,train_data/session_20260605_154345/frame_01901_155938_530.jpg
session_20260605_154345/frame_01906_155941_032.jpg,session_20260605_154345,train_data/session_20260605_154345/frame_01906_155941_032.jpg
session_20260605_154345/frame_01912_155944_034.jpg,session_20260605_154345,train_data/session_20260605_154345/frame_01912_155944_034.jpg
session_20260605_154345/frame_01918_155947_036.jpg,session_20260605_154345,train_data/session_20260605_154345/frame_01918_155947_036.jpg
session_20260605_154345/frame_01925_155950_539.jpg,session_20260605_154345,train_data/session_20260605_154345/frame_01925_155950_539.jpg
session_20260605_154345/frame_01932_155954_041.jpg,session_20260605_154345,train_data/session_20260605_154345/frame_01932_155954_041.jpg
session_20260605_154345/frame_01938_155957_043.jpg,session_20260605_154345,train_data/session_20260605_154345/frame_01938_155957_043.jpg
session_20260605_154345/frame_01942_155959_045.jpg,session_20260605_154345,train_data/session_20260605_154345/frame_01942_155959_045.jpg
session_20260605_154345/frame_01948_160002_047.jpg,session_20260605_154345,train_data/session_20260605_154345/frame_01948_160002_047.jpg
session_20260605_154345/frame_01953_160004_548.jpg,session_20260605_154345,train_data/session_20260605_154345/frame_01953_160004_548.jpg
session_20260605_154345/frame_01963_160009_552.jpg,session_20260605_154345,train_data/session_20260605_154345/frame_01963_160009_552.jpg
session_20260605_154345/frame_01964_160010_052.jpg,session_20260605_154345,train_data/session_20260605_154345/frame_01964_160010_052.jpg
session_20260605_154345/frame_01966_160011_053.jpg,session_20260605_154345,train_data/session_20260605_154345/frame_01966_160011_053.jpg
session_20260605_154345/frame_01970_160013_054.jpg,session_20260605_154345,train_data/session_20260605_154345/frame_01970_160013_054.jpg
session_20260605_154345/frame_01973_160014_555.jpg,session_20260605_154345,train_data/session_20260605_154345/frame_01973_160014_555.jpg
session_20260605_154345/frame_01978_160017_057.jpg,session_20260605_154345,train_data/session_20260605_154345/frame_01978_160017_057.jpg
session_20260605_154345/frame_01982_160019_059.jpg,session_20260605_154345,train_data/session_20260605_154345/frame_01982_160019_059.jpg
session_20260605_154345/frame_01986_160021_059.jpg,session_20260605_154345,train_data/session_20260605_154345/frame_01986_160021_059.jpg
session_20260605_154345/frame_01989_160022_561.jpg,session_20260605_154345,train_data/session_20260605_154345/frame_01989_160022_561.jpg
session_20260605_154345/frame_01991_160023_562.jpg,session_20260605_154345,train_data/session_20260605_154345/frame_01991_160023_562.jpg
session_20260605_154345/frame_01994_160025_063.jpg,session_20260605_154345,train_data/session_20260605_154345/frame_01994_160025_063.jpg
session_20260605_154345/frame_01996_160026_063.jpg,session_20260605_154345,train_data/session_20260605_154345/frame_01996_160026_063.jpg
session_20260605_154345/frame_01997_160026_564.jpg,session_20260605_154345,train_data/session_20260605_154345/frame_01997_160026_564.jpg
session_20260605_154345/frame_01999_160027_564.jpg,session_20260605_154345,train_data/session_20260605_154345/frame_01999_160027_564.jpg
session_20260605_154345/frame_02003_160029_566.jpg,session_20260605_154345,train_data/session_20260605_154345/frame_02003_160029_566.jpg
session_20260605_154345/frame_02009_160032_568.jpg,session_20260605_154345,train_data/session_20260605_154345/frame_02009_160032_568.jpg
session_20260605_154345/frame_02013_160034_568.jpg,session_20260605_154345,train_data/session_20260605_154345/frame_02013_160034_568.jpg
session_20260605_154345/frame_02024_160040_073.jpg,session_20260605_154345,train_data/session_20260605_154345/frame_02024_160040_073.jpg
session_20260605_154345/frame_02029_160042_575.jpg,session_20260605_154345,train_data/session_20260605_154345/frame_02029_160042_575.jpg
session_20260605_154345/frame_02036_160046_077.jpg,session_20260605_154345,train_data/session_20260605_154345/frame_02036_160046_077.jpg
session_20260605_154345/frame_02053_160054_583.jpg,session_20260605_154345,train_data/session_20260605_154345/frame_02053_160054_583.jpg
session_20260605_154345/frame_02060_160058_085.jpg,session_20260605_154345,train_data/session_20260605_154345/frame_02060_160058_085.jpg
session_20260605_154345/frame_02078_160107_092.jpg,session_20260605_154345,train_data/session_20260605_154345/frame_02078_160107_092.jpg
session_20260605_154345/frame_02090_160113_096.jpg,session_20260605_154345,train_data/session_20260605_154345/frame_02090_160113_096.jpg
session_20260605_154345/frame_02103_160119_600.jpg,session_20260605_154345,train_data/session_20260605_154345/frame_02103_160119_600.jpg
session_20260605_154345/frame_02113_160124_702.jpg,session_20260605_154345,train_data/session_20260605_154345/frame_02113_160124_702.jpg
session_20260605_154345/frame_02119_160127_773.jpg,session_20260605_154345,train_data/session_20260605_154345/frame_02119_160127_773.jpg
session_20260605_154345/frame_02121_160128_840.jpg,session_20260605_154345,train_data/session_20260605_154345/frame_02121_160128_840.jpg
session_20260605_154345/frame_02122_160129_374.jpg,session_20260605_154345,train_data/session_20260605_154345/frame_02122_160129_374.jpg
session_20260605_154345/frame_02123_160129_873.jpg,session_20260605_154345,train_data/session_20260605_154345/frame_02123_160129_873.jpg
session_20260605_154345/frame_02124_160130_407.jpg,session_20260605_154345,train_data/session_20260605_154345/frame_02124_160130_407.jpg
session_20260605_154345/frame_02125_160130_908.jpg,session_20260605_154345,train_data/session_20260605_154345/frame_02125_160130_908.jpg
session_20260605_154345/frame_02126_160131_408.jpg,session_20260605_154345,train_data/session_20260605_154345/frame_02126_160131_408.jpg
session_20260605_154345/frame_02128_160132_409.jpg,session_20260605_154345,train_data/session_20260605_154345/frame_02128_160132_409.jpg
session_20260605_154345/frame_02129_160132_909.jpg,session_20260605_154345,train_data/session_20260605_154345/frame_02129_160132_909.jpg
session_20260605_154345/frame_02131_160133_910.jpg,session_20260605_154345,train_data/session_20260605_154345/frame_02131_160133_910.jpg
session_20260605_154345/frame_02137_160136_912.jpg,session_20260605_154345,train_data/session_20260605_154345/frame_02137_160136_912.jpg
session_20260605_154345/frame_02147_160141_915.jpg,session_20260605_154345,train_data/session_20260605_154345/frame_02147_160141_915.jpg
session_20260605_154345/frame_02154_160145_417.jpg,session_20260605_154345,train_data/session_20260605_154345/frame_02154_160145_417.jpg
session_20260605_154345/frame_02160_160148_420.jpg,session_20260605_154345,train_data/session_20260605_154345/frame_02160_160148_420.jpg
session_20260605_154345/frame_02193_160205_032.jpg,session_20260605_154345,train_data/session_20260605_154345/frame_02193_160205_032.jpg
session_20260605_154345/frame_02218_160217_540.jpg,session_20260605_154345,train_data/session_20260605_154345/frame_02218_160217_540.jpg
session_20260605_154345/frame_02232_160224_545.jpg,session_20260605_154345,train_data/session_20260605_154345/frame_02232_160224_545.jpg
session_20260605_154345/frame_02239_160228_047.jpg,session_20260605_154345,train_data/session_20260605_154345/frame_02239_160228_047.jpg
session_20260605_154345/frame_02250_160233_551.jpg,session_20260605_154345,train_data/session_20260605_154345/frame_02250_160233_551.jpg
session_20260605_154345/frame_02263_160240_056.jpg,session_20260605_154345,train_data/session_20260605_154345/frame_02263_160240_056.jpg
session_20260605_154345/frame_02269_160243_058.jpg,session_20260605_154345,train_data/session_20260605_154345/frame_02269_160243_058.jpg
session_20260605_154345/frame_02278_160247_561.jpg,session_20260605_154345,train_data/session_20260605_154345/frame_02278_160247_561.jpg
session_20260605_154345/frame_02292_160254_566.jpg,session_20260605_154345,train_data/session_20260605_154345/frame_02292_160254_566.jpg
session_20260605_154345/frame_02294_160255_566.jpg,session_20260605_154345,train_data/session_20260605_154345/frame_02294_160255_566.jpg
session_20260605_154345/frame_02304_160300_570.jpg,session_20260605_154345,train_data/session_20260605_154345/frame_02304_160300_570.jpg
session_20260605_154345/frame_02314_160305_573.jpg,session_20260605_154345,train_data/session_20260605_154345/frame_02314_160305_573.jpg
session_20260605_154345/frame_02326_160311_578.jpg,session_20260605_154345,train_data/session_20260605_154345/frame_02326_160311_578.jpg
session_20260605_154345/frame_02331_160314_079.jpg,session_20260605_154345,train_data/session_20260605_154345/frame_02331_160314_079.jpg
session_20260605_154345/frame_02342_160319_616.jpg,session_20260605_154345,train_data/session_20260605_154345/frame_02342_160319_616.jpg
session_20260605_154345/frame_02356_160326_622.jpg,session_20260605_154345,train_data/session_20260605_154345/frame_02356_160326_622.jpg
session_20260605_154345/frame_02358_160327_622.jpg,session_20260605_154345,train_data/session_20260605_154345/frame_02358_160327_622.jpg
session_20260605_154345/frame_02360_160328_622.jpg,session_20260605_154345,train_data/session_20260605_154345/frame_02360_160328_622.jpg
session_20260605_154345/frame_02361_160329_123.jpg,session_20260605_154345,train_data/session_20260605_154345/frame_02361_160329_123.jpg
session_20260605_154345/frame_02371_160334_126.jpg,session_20260605_154345,train_data/session_20260605_154345/frame_02371_160334_126.jpg
session_20260605_154345/frame_02374_160335_628.jpg,session_20260605_154345,train_data/session_20260605_154345/frame_02374_160335_628.jpg
session_20260605_154345/frame_02376_160336_628.jpg,session_20260605_154345,train_data/session_20260605_154345/frame_02376_160336_628.jpg
session_20260605_154345/frame_02377_160337_129.jpg,session_20260605_154345,train_data/session_20260605_154345/frame_02377_160337_129.jpg
session_20260605_154345/frame_02378_160337_629.jpg,session_20260605_154345,train_data/session_20260605_154345/frame_02378_160337_629.jpg
session_20260605_154345/frame_02379_160338_129.jpg,session_20260605_154345,train_data/session_20260605_154345/frame_02379_160338_129.jpg
session_20260605_154345/frame_02380_160338_630.jpg,session_20260605_154345,train_data/session_20260605_154345/frame_02380_160338_630.jpg
session_20260605_154345/frame_02381_160339_130.jpg,session_20260605_154345,train_data/session_20260605_154345/frame_02381_160339_130.jpg
session_20260605_154345/frame_02382_160339_631.jpg,session_20260605_154345,train_data/session_20260605_154345/frame_02382_160339_631.jpg
session_20260605_154345/frame_02383_160340_131.jpg,session_20260605_154345,train_data/session_20260605_154345/frame_02383_160340_131.jpg
session_20260605_154345/frame_02384_160340_631.jpg,session_20260605_154345,train_data/session_20260605_154345/frame_02384_160340_631.jpg
session_20260605_154345/frame_02385_160341_131.jpg,session_20260605_154345,train_data/session_20260605_154345/frame_02385_160341_131.jpg
session_20260605_154345/frame_02386_160341_631.jpg,session_20260605_154345,train_data/session_20260605_154345/frame_02386_160341_631.jpg
session_20260605_154345/frame_02388_160342_632.jpg,session_20260605_154345,train_data/session_20260605_154345/frame_02388_160342_632.jpg
session_20260605_154345/frame_02395_160346_135.jpg,session_20260605_154345,train_data/session_20260605_154345/frame_02395_160346_135.jpg
session_20260605_154345/frame_02409_160353_139.jpg,session_20260605_154345,train_data/session_20260605_154345/frame_02409_160353_139.jpg
session_20260605_154345/frame_02415_160356_142.jpg,session_20260605_154345,train_data/session_20260605_154345/frame_02415_160356_142.jpg
session_20260605_154345/frame_02422_160359_644.jpg,session_20260605_154345,train_data/session_20260605_154345/frame_02422_160359_644.jpg
session_20260605_154345/frame_02425_160401_145.jpg,session_20260605_154345,train_data/session_20260605_154345/frame_02425_160401_145.jpg
session_20260605_154345/frame_02426_160401_645.jpg,session_20260605_154345,train_data/session_20260605_154345/frame_02426_160401_645.jpg
session_20260605_154345/frame_02427_160402_146.jpg,session_20260605_154345,train_data/session_20260605_154345/frame_02427_160402_146.jpg
session_20260605_154345/frame_02428_160402_646.jpg,session_20260605_154345,train_data/session_20260605_154345/frame_02428_160402_646.jpg
session_20260605_154345/frame_02429_160403_147.jpg,session_20260605_154345,train_data/session_20260605_154345/frame_02429_160403_147.jpg
session_20260605_154345/frame_02431_160404_147.jpg,session_20260605_154345,train_data/session_20260605_154345/frame_02431_160404_147.jpg
session_20260605_154345/frame_02434_160405_648.jpg,session_20260605_154345,train_data/session_20260605_154345/frame_02434_160405_648.jpg
session_20260605_154345/frame_02435_160406_149.jpg,session_20260605_154345,train_data/session_20260605_154345/frame_02435_160406_149.jpg
session_20260605_154345/frame_02436_160406_649.jpg,session_20260605_154345,train_data/session_20260605_154345/frame_02436_160406_649.jpg
session_20260605_154345/frame_02438_160407_650.jpg,session_20260605_154345,train_data/session_20260605_154345/frame_02438_160407_650.jpg
session_20260605_154345/frame_02439_160408_150.jpg,session_20260605_154345,train_data/session_20260605_154345/frame_02439_160408_150.jpg
session_20260605_154345/frame_02442_160409_651.jpg,session_20260605_154345,train_data/session_20260605_154345/frame_02442_160409_651.jpg
session_20260605_154345/frame_02444_160410_652.jpg,session_20260605_154345,train_data/session_20260605_154345/frame_02444_160410_652.jpg
session_20260605_154345/frame_02447_160412_153.jpg,session_20260605_154345,train_data/session_20260605_154345/frame_02447_160412_153.jpg
session_20260605_154345/frame_02454_160415_655.jpg,session_20260605_154345,train_data/session_20260605_154345/frame_02454_160415_655.jpg
session_20260605_154345/frame_02465_160421_159.jpg,session_20260605_154345,train_data/session_20260605_154345/frame_02465_160421_159.jpg
session_20260605_154345/frame_02478_160427_663.jpg,session_20260605_154345,train_data/session_20260605_154345/frame_02478_160427_663.jpg
session_20260605_154345/frame_02483_160430_165.jpg,session_20260605_154345,train_data/session_20260605_154345/frame_02483_160430_165.jpg
session_20260605_154345/frame_02490_160433_667.jpg,session_20260605_154345,train_data/session_20260605_154345/frame_02490_160433_667.jpg
session_20260605_154345/frame_02503_160440_172.jpg,session_20260605_154345,train_data/session_20260605_154345/frame_02503_160440_172.jpg
session_20260605_154345/frame_02513_160445_176.jpg,session_20260605_154345,train_data/session_20260605_154345/frame_02513_160445_176.jpg
session_20260605_154345/frame_02524_160450_680.jpg,session_20260605_154345,train_data/session_20260605_154345/frame_02524_160450_680.jpg
session_20260605_154345/frame_02529_160453_181.jpg,session_20260605_154345,train_data/session_20260605_154345/frame_02529_160453_181.jpg
session_20260605_154345/frame_02536_160456_683.jpg,session_20260605_154345,train_data/session_20260605_154345/frame_02536_160456_683.jpg
session_20260605_154345/frame_02544_160500_686.jpg,session_20260605_154345,train_data/session_20260605_154345/frame_02544_160500_686.jpg
session_20260605_154345/frame_02548_160502_688.jpg,session_20260605_154345,train_data/session_20260605_154345/frame_02548_160502_688.jpg
session_20260605_154345/frame_02551_160504_189.jpg,session_20260605_154345,train_data/session_20260605_154345/frame_02551_160504_189.jpg
session_20260605_154345/frame_02552_160504_689.jpg,session_20260605_154345,train_data/session_20260605_154345/frame_02552_160504_689.jpg
session_20260605_154345/frame_02553_160505_189.jpg,session_20260605_154345,train_data/session_20260605_154345/frame_02553_160505_189.jpg
session_20260605_154345/frame_02555_160506_190.jpg,session_20260605_154345,train_data/session_20260605_154345/frame_02555_160506_190.jpg
session_20260605_154345/frame_02558_160507_691.jpg,session_20260605_154345,train_data/session_20260605_154345/frame_02558_160507_691.jpg
session_20260605_154345/frame_02562_160509_693.jpg,session_20260605_154345,train_data/session_20260605_154345/frame_02562_160509_693.jpg
session_20260605_154345/frame_02578_160517_698.jpg,session_20260605_154345,train_data/session_20260605_154345/frame_02578_160517_698.jpg
session_20260605_154345/frame_02587_160522_201.jpg,session_20260605_154345,train_data/session_20260605_154345/frame_02587_160522_201.jpg
session_20260605_154345/frame_02599_160528_205.jpg,session_20260605_154345,train_data/session_20260605_154345/frame_02599_160528_205.jpg
session_20260605_154345/frame_02624_160540_714.jpg,session_20260605_154345,train_data/session_20260605_154345/frame_02624_160540_714.jpg
session_20260605_154345/frame_02628_160542_716.jpg,session_20260605_154345,train_data/session_20260605_154345/frame_02628_160542_716.jpg
session_20260605_154345/frame_02634_160545_718.jpg,session_20260605_154345,train_data/session_20260605_154345/frame_02634_160545_718.jpg
session_20260605_154345/frame_02653_160555_224.jpg,session_20260605_154345,train_data/session_20260605_154345/frame_02653_160555_224.jpg
session_20260605_154345/frame_02657_160557_226.jpg,session_20260605_154345,train_data/session_20260605_154345/frame_02657_160557_226.jpg
session_20260605_154345/frame_02671_160604_230.jpg,session_20260605_154345,train_data/session_20260605_154345/frame_02671_160604_230.jpg
session_20260605_154345/frame_02685_160611_235.jpg,session_20260605_154345,train_data/session_20260605_154345/frame_02685_160611_235.jpg
session_20260605_154345/frame_02716_160626_746.jpg,session_20260605_154345,train_data/session_20260605_154345/frame_02716_160626_746.jpg
session_20260605_154345/frame_02722_160629_748.jpg,session_20260605_154345,train_data/session_20260605_154345/frame_02722_160629_748.jpg
session_20260605_154345/frame_02727_160632_250.jpg,session_20260605_154345,train_data/session_20260605_154345/frame_02727_160632_250.jpg
session_20260605_154345/frame_02734_160635_752.jpg,session_20260605_154345,train_data/session_20260605_154345/frame_02734_160635_752.jpg
session_20260605_154345/frame_02737_160637_286.jpg,session_20260605_154345,train_data/session_20260605_154345/frame_02737_160637_286.jpg
session_20260605_154345/frame_02739_160638_287.jpg,session_20260605_154345,train_data/session_20260605_154345/frame_02739_160638_287.jpg
session_20260605_154345/frame_02740_160638_787.jpg,session_20260605_154345,train_data/session_20260605_154345/frame_02740_160638_787.jpg
session_20260605_154345/frame_02741_160639_288.jpg,session_20260605_154345,train_data/session_20260605_154345/frame_02741_160639_288.jpg
session_20260605_154345/frame_02743_160640_289.jpg,session_20260605_154345,train_data/session_20260605_154345/frame_02743_160640_289.jpg
session_20260605_154345/frame_02745_160641_289.jpg,session_20260605_154345,train_data/session_20260605_154345/frame_02745_160641_289.jpg
session_20260605_154345/frame_02757_160647_293.jpg,session_20260605_154345,train_data/session_20260605_154345/frame_02757_160647_293.jpg
session_20260605_154345/frame_02775_160656_365.jpg,session_20260605_154345,train_data/session_20260605_154345/frame_02775_160656_365.jpg
session_20260605_154345/frame_02824_160720_884.jpg,session_20260605_154345,train_data/session_20260605_154345/frame_02824_160720_884.jpg
session_20260605_154345/frame_02832_160724_886.jpg,session_20260605_154345,train_data/session_20260605_154345/frame_02832_160724_886.jpg
session_20260605_154345/frame_02842_160729_890.jpg,session_20260605_154345,train_data/session_20260605_154345/frame_02842_160729_890.jpg
session_20260605_154345/frame_02861_160739_396.jpg,session_20260605_154345,train_data/session_20260605_154345/frame_02861_160739_396.jpg
session_20260605_154345/frame_02863_160740_397.jpg,session_20260605_154345,train_data/session_20260605_154345/frame_02863_160740_397.jpg
session_20260605_154345/frame_02883_160750_404.jpg,session_20260605_154345,train_data/session_20260605_154345/frame_02883_160750_404.jpg
session_20260605_154345/frame_02902_160759_911.jpg,session_20260605_154345,train_data/session_20260605_154345/frame_02902_160759_911.jpg
session_20260605_154345/frame_02903_160800_410.jpg,session_20260605_154345,train_data/session_20260605_154345/frame_02903_160800_410.jpg
session_20260605_154345/frame_02907_160802_412.jpg,session_20260605_154345,train_data/session_20260605_154345/frame_02907_160802_412.jpg
session_20260605_154345/frame_02912_160804_913.jpg,session_20260605_154345,train_data/session_20260605_154345/frame_02912_160804_913.jpg
session_20260605_154345/frame_02922_160809_917.jpg,session_20260605_154345,train_data/session_20260605_154345/frame_02922_160809_917.jpg
session_20260605_154345/frame_02927_160812_419.jpg,session_20260605_154345,train_data/session_20260605_154345/frame_02927_160812_419.jpg
session_20260605_154345/frame_02936_160816_922.jpg,session_20260605_154345,train_data/session_20260605_154345/frame_02936_160816_922.jpg
session_20260605_154345/frame_02944_160820_925.jpg,session_20260605_154345,train_data/session_20260605_154345/frame_02944_160820_925.jpg
session_20260605_154345/frame_02957_160827_429.jpg,session_20260605_154345,train_data/session_20260605_154345/frame_02957_160827_429.jpg
session_20260605_154345/frame_03003_160850_478.jpg,session_20260605_154345,train_data/session_20260605_154345/frame_03003_160850_478.jpg
session_20260605_154345/frame_03014_160855_982.jpg,session_20260605_154345,train_data/session_20260605_154345/frame_03014_160855_982.jpg
session_20260605_154345/frame_03027_160902_487.jpg,session_20260605_154345,train_data/session_20260605_154345/frame_03027_160902_487.jpg
session_20260605_154345/frame_03042_160909_992.jpg,session_20260605_154345,train_data/session_20260605_154345/frame_03042_160909_992.jpg
session_20260605_154345/frame_03045_160911_493.jpg,session_20260605_154345,train_data/session_20260605_154345/frame_03045_160911_493.jpg
session_20260605_154345/frame_03046_160911_994.jpg,session_20260605_154345,train_data/session_20260605_154345/frame_03046_160911_994.jpg
session_20260605_154345/frame_03047_160912_494.jpg,session_20260605_154345,train_data/session_20260605_154345/frame_03047_160912_494.jpg
session_20260605_154345/frame_03050_160913_995.jpg,session_20260605_154345,train_data/session_20260605_154345/frame_03050_160913_995.jpg
session_20260605_154345/frame_03051_160914_495.jpg,session_20260605_154345,train_data/session_20260605_154345/frame_03051_160914_495.jpg
session_20260605_154345/frame_03052_160914_996.jpg,session_20260605_154345,train_data/session_20260605_154345/frame_03052_160914_996.jpg
session_20260605_154345/frame_03058_160917_997.jpg,session_20260605_154345,train_data/session_20260605_154345/frame_03058_160917_997.jpg
session_20260605_154345/frame_03068_160923_001.jpg,session_20260605_154345,train_data/session_20260605_154345/frame_03068_160923_001.jpg
session_20260605_154345/frame_03072_160925_003.jpg,session_20260605_154345,train_data/session_20260605_154345/frame_03072_160925_003.jpg
session_20260605_154345/frame_03073_160925_503.jpg,session_20260605_154345,train_data/session_20260605_154345/frame_03073_160925_503.jpg
session_20260605_154345/frame_03074_160926_003.jpg,session_20260605_154345,train_data/session_20260605_154345/frame_03074_160926_003.jpg
session_20260605_154345/frame_03076_160927_004.jpg,session_20260605_154345,train_data/session_20260605_154345/frame_03076_160927_004.jpg
session_20260605_154345/frame_03081_160929_505.jpg,session_20260605_154345,train_data/session_20260605_154345/frame_03081_160929_505.jpg
session_20260605_154345/frame_03082_160930_006.jpg,session_20260605_154345,train_data/session_20260605_154345/frame_03082_160930_006.jpg
session_20260605_154345/frame_03086_160932_008.jpg,session_20260605_154345,train_data/session_20260605_154345/frame_03086_160932_008.jpg
session_20260605_154345/frame_03100_160939_012.jpg,session_20260605_154345,train_data/session_20260605_154345/frame_03100_160939_012.jpg
session_20260605_154345/frame_03119_160948_552.jpg,session_20260605_154345,train_data/session_20260605_154345/frame_03119_160948_552.jpg
session_20260605_154345/frame_03131_160954_556.jpg,session_20260605_154345,train_data/session_20260605_154345/frame_03131_160954_556.jpg
session_20260605_154345/frame_03144_161001_061.jpg,session_20260605_154345,train_data/session_20260605_154345/frame_03144_161001_061.jpg
session_20260605_154345/frame_03157_161007_565.jpg,session_20260605_154345,train_data/session_20260605_154345/frame_03157_161007_565.jpg
session_20260605_154345/frame_03169_161013_569.jpg,session_20260605_154345,train_data/session_20260605_154345/frame_03169_161013_569.jpg
session_20260605_154345/frame_03174_161016_071.jpg,session_20260605_154345,train_data/session_20260605_154345/frame_03174_161016_071.jpg
session_20260605_154345/frame_03182_161020_074.jpg,session_20260605_154345,train_data/session_20260605_154345/frame_03182_161020_074.jpg
session_20260605_154345/frame_03184_161021_074.jpg,session_20260605_154345,train_data/session_20260605_154345/frame_03184_161021_074.jpg
session_20260605_154345/frame_03185_161021_575.jpg,session_20260605_154345,train_data/session_20260605_154345/frame_03185_161021_575.jpg
session_20260605_154345/frame_03187_161022_576.jpg,session_20260605_154345,train_data/session_20260605_154345/frame_03187_161022_576.jpg
session_20260605_154345/frame_03190_161024_077.jpg,session_20260605_154345,train_data/session_20260605_154345/frame_03190_161024_077.jpg
session_20260605_154345/frame_03195_161026_578.jpg,session_20260605_154345,train_data/session_20260605_154345/frame_03195_161026_578.jpg
session_20260605_154345/frame_03197_161027_579.jpg,session_20260605_154345,train_data/session_20260605_154345/frame_03197_161027_579.jpg
session_20260605_154345/frame_03198_161028_079.jpg,session_20260605_154345,train_data/session_20260605_154345/frame_03198_161028_079.jpg
session_20260605_154345/frame_03200_161029_080.jpg,session_20260605_154345,train_data/session_20260605_154345/frame_03200_161029_080.jpg
session_20260605_154345/frame_03201_161029_580.jpg,session_20260605_154345,train_data/session_20260605_154345/frame_03201_161029_580.jpg
session_20260605_154345/frame_03202_161030_081.jpg,session_20260605_154345,train_data/session_20260605_154345/frame_03202_161030_081.jpg
session_20260605_154345/frame_03205_161031_582.jpg,session_20260605_154345,train_data/session_20260605_154345/frame_03205_161031_582.jpg
session_20260605_154345/frame_03208_161033_083.jpg,session_20260605_154345,train_data/session_20260605_154345/frame_03208_161033_083.jpg
session_20260605_154345/frame_03210_161034_084.jpg,session_20260605_154345,train_data/session_20260605_154345/frame_03210_161034_084.jpg
session_20260605_154345/frame_03212_161035_084.jpg,session_20260605_154345,train_data/session_20260605_154345/frame_03212_161035_084.jpg
session_20260605_154345/frame_03213_161035_584.jpg,session_20260605_154345,train_data/session_20260605_154345/frame_03213_161035_584.jpg
session_20260605_154345/frame_03214_161036_085.jpg,session_20260605_154345,train_data/session_20260605_154345/frame_03214_161036_085.jpg
session_20260605_154345/frame_03215_161036_585.jpg,session_20260605_154345,train_data/session_20260605_154345/frame_03215_161036_585.jpg
session_20260605_154345/frame_03216_161037_086.jpg,session_20260605_154345,train_data/session_20260605_154345/frame_03216_161037_086.jpg
session_20260605_154345/frame_03217_161037_586.jpg,session_20260605_154345,train_data/session_20260605_154345/frame_03217_161037_586.jpg
session_20260605_154345/frame_03218_161038_087.jpg,session_20260605_154345,train_data/session_20260605_154345/frame_03218_161038_087.jpg
session_20260605_154345/frame_03221_161039_587.jpg,session_20260605_154345,train_data/session_20260605_154345/frame_03221_161039_587.jpg
session_20260605_154345/frame_03227_161042_590.jpg,session_20260605_154345,train_data/session_20260605_154345/frame_03227_161042_590.jpg
session_20260605_154345/frame_03231_161044_591.jpg,session_20260605_154345,train_data/session_20260605_154345/frame_03231_161044_591.jpg
session_20260605_154345/frame_03235_161046_592.jpg,session_20260605_154345,train_data/session_20260605_154345/frame_03235_161046_592.jpg
session_20260605_154345/frame_03237_161047_593.jpg,session_20260605_154345,train_data/session_20260605_154345/frame_03237_161047_593.jpg
session_20260605_154345/frame_03238_161048_094.jpg,session_20260605_154345,train_data/session_20260605_154345/frame_03238_161048_094.jpg
session_20260605_154345/frame_03239_161048_593.jpg,session_20260605_154345,train_data/session_20260605_154345/frame_03239_161048_593.jpg
session_20260605_154345/frame_03240_161049_094.jpg,session_20260605_154345,train_data/session_20260605_154345/frame_03240_161049_094.jpg
session_20260605_154345/frame_03242_161050_095.jpg,session_20260605_154345,train_data/session_20260605_154345/frame_03242_161050_095.jpg
session_20260605_154345/frame_03243_161050_595.jpg,session_20260605_154345,train_data/session_20260605_154345/frame_03243_161050_595.jpg
session_20260605_154345/frame_03244_161051_095.jpg,session_20260605_154345,train_data/session_20260605_154345/frame_03244_161051_095.jpg
session_20260605_154345/frame_03245_161051_595.jpg,session_20260605_154345,train_data/session_20260605_154345/frame_03245_161051_595.jpg
session_20260605_154345/frame_03247_161052_596.jpg,session_20260605_154345,train_data/session_20260605_154345/frame_03247_161052_596.jpg
session_20260605_154345/frame_03249_161053_597.jpg,session_20260605_154345,train_data/session_20260605_154345/frame_03249_161053_597.jpg
session_20260605_154345/frame_03250_161054_098.jpg,session_20260605_154345,train_data/session_20260605_154345/frame_03250_161054_098.jpg
session_20260605_154345/frame_03252_161055_098.jpg,session_20260605_154345,train_data/session_20260605_154345/frame_03252_161055_098.jpg
session_20260605_154345/frame_03253_161055_599.jpg,session_20260605_154345,train_data/session_20260605_154345/frame_03253_161055_599.jpg
session_20260605_154345/frame_03254_161056_099.jpg,session_20260605_154345,train_data/session_20260605_154345/frame_03254_161056_099.jpg
session_20260605_154345/frame_03255_161056_599.jpg,session_20260605_154345,train_data/session_20260605_154345/frame_03255_161056_599.jpg
session_20260605_154345/frame_03256_161057_099.jpg,session_20260605_154345,train_data/session_20260605_154345/frame_03256_161057_099.jpg
session_20260605_154345/frame_03258_161058_100.jpg,session_20260605_154345,train_data/session_20260605_154345/frame_03258_161058_100.jpg
session_20260605_154345/frame_03259_161058_601.jpg,session_20260605_154345,train_data/session_20260605_154345/frame_03259_161058_601.jpg
session_20260605_154345/frame_03264_161101_102.jpg,session_20260605_154345,train_data/session_20260605_154345/frame_03264_161101_102.jpg
session_20260605_154345/frame_03265_161101_603.jpg,session_20260605_154345,train_data/session_20260605_154345/frame_03265_161101_603.jpg
session_20260605_154345/frame_03266_161102_103.jpg,session_20260605_154345,train_data/session_20260605_154345/frame_03266_161102_103.jpg
session_20260605_154345/frame_03267_161102_604.jpg,session_20260605_154345,train_data/session_20260605_154345/frame_03267_161102_604.jpg
session_20260605_154345/frame_03269_161103_605.jpg,session_20260605_154345,train_data/session_20260605_154345/frame_03269_161103_605.jpg
session_20260605_154345/frame_03270_161104_104.jpg,session_20260605_154345,train_data/session_20260605_154345/frame_03270_161104_104.jpg
session_20260605_154345/frame_03272_161105_105.jpg,session_20260605_154345,train_data/session_20260605_154345/frame_03272_161105_105.jpg
session_20260605_154345/frame_03274_161106_105.jpg,session_20260605_154345,train_data/session_20260605_154345/frame_03274_161106_105.jpg
session_20260605_154345/frame_03275_161106_606.jpg,session_20260605_154345,train_data/session_20260605_154345/frame_03275_161106_606.jpg
session_20260605_154345/frame_03278_161108_107.jpg,session_20260605_154345,train_data/session_20260605_154345/frame_03278_161108_107.jpg
session_20260605_154345/frame_03281_161109_608.jpg,session_20260605_154345,train_data/session_20260605_154345/frame_03281_161109_608.jpg
session_20260605_154345/frame_03284_161111_109.jpg,session_20260605_154345,train_data/session_20260605_154345/frame_03284_161111_109.jpg
session_20260605_154345/frame_03285_161111_610.jpg,session_20260605_154345,train_data/session_20260605_154345/frame_03285_161111_610.jpg
session_20260605_154345/frame_03287_161112_610.jpg,session_20260605_154345,train_data/session_20260605_154345/frame_03287_161112_610.jpg
session_20260605_154345/frame_03289_161113_611.jpg,session_20260605_154345,train_data/session_20260605_154345/frame_03289_161113_611.jpg
session_20260605_154345/frame_03292_161115_112.jpg,session_20260605_154345,train_data/session_20260605_154345/frame_03292_161115_112.jpg
session_20260605_154345/frame_03299_161118_615.jpg,session_20260605_154345,train_data/session_20260605_154345/frame_03299_161118_615.jpg
session_20260605_154345/frame_03302_161120_149.jpg,session_20260605_154345,train_data/session_20260605_154345/frame_03302_161120_149.jpg
session_20260605_154345/frame_03305_161121_651.jpg,session_20260605_154345,train_data/session_20260605_154345/frame_03305_161121_651.jpg
session_20260605_154345/frame_03307_161122_651.jpg,session_20260605_154345,train_data/session_20260605_154345/frame_03307_161122_651.jpg
session_20260605_154345/frame_03310_161124_152.jpg,session_20260605_154345,train_data/session_20260605_154345/frame_03310_161124_152.jpg
session_20260605_154345/frame_03313_161125_653.jpg,session_20260605_154345,train_data/session_20260605_154345/frame_03313_161125_653.jpg
session_20260605_154345/frame_03315_161126_654.jpg,session_20260605_154345,train_data/session_20260605_154345/frame_03315_161126_654.jpg
session_20260605_154345/frame_03320_161129_189.jpg,session_20260605_154345,train_data/session_20260605_154345/frame_03320_161129_189.jpg
session_20260605_154345/frame_03322_161130_189.jpg,session_20260605_154345,train_data/session_20260605_154345/frame_03322_161130_189.jpg
session_20260605_154345/frame_03325_161131_690.jpg,session_20260605_154345,train_data/session_20260605_154345/frame_03325_161131_690.jpg
session_20260605_154345/frame_03327_161132_691.jpg,session_20260605_154345,train_data/session_20260605_154345/frame_03327_161132_691.jpg
session_20260605_154345/frame_03328_161133_191.jpg,session_20260605_154345,train_data/session_20260605_154345/frame_03328_161133_191.jpg
session_20260605_154345/frame_03331_161134_692.jpg,session_20260605_154345,train_data/session_20260605_154345/frame_03331_161134_692.jpg
session_20260605_154345/frame_03335_161136_694.jpg,session_20260605_154345,train_data/session_20260605_154345/frame_03335_161136_694.jpg
session_20260605_154345/frame_03339_161138_695.jpg,session_20260605_154345,train_data/session_20260605_154345/frame_03339_161138_695.jpg
session_20260605_154345/frame_03344_161141_197.jpg,session_20260605_154345,train_data/session_20260605_154345/frame_03344_161141_197.jpg
session_20260605_154345/frame_03349_161143_698.jpg,session_20260605_154345,train_data/session_20260605_154345/frame_03349_161143_698.jpg
session_20260605_154345/frame_03352_161145_199.jpg,session_20260605_154345,train_data/session_20260605_154345/frame_03352_161145_199.jpg
session_20260605_154345/frame_03353_161145_699.jpg,session_20260605_154345,train_data/session_20260605_154345/frame_03353_161145_699.jpg
session_20260605_154345/frame_03354_161146_200.jpg,session_20260605_154345,train_data/session_20260605_154345/frame_03354_161146_200.jpg
session_20260605_154345/frame_03356_161147_201.jpg,session_20260605_154345,train_data/session_20260605_154345/frame_03356_161147_201.jpg
session_20260605_154345/frame_03358_161148_202.jpg,session_20260605_154345,train_data/session_20260605_154345/frame_03358_161148_202.jpg
session_20260605_154345/frame_03368_161153_205.jpg,session_20260605_154345,train_data/session_20260605_154345/frame_03368_161153_205.jpg
session_20260605_154345/frame_03370_161154_205.jpg,session_20260605_154345,train_data/session_20260605_154345/frame_03370_161154_205.jpg
session_20260605_154345/frame_03371_161154_706.jpg,session_20260605_154345,train_data/session_20260605_154345/frame_03371_161154_706.jpg
session_20260605_154345/frame_03372_161155_206.jpg,session_20260605_154345,train_data/session_20260605_154345/frame_03372_161155_206.jpg
session_20260605_154345/frame_03373_161155_707.jpg,session_20260605_154345,train_data/session_20260605_154345/frame_03373_161155_707.jpg
session_20260605_154345/frame_03374_161156_207.jpg,session_20260605_154345,train_data/session_20260605_154345/frame_03374_161156_207.jpg
session_20260605_154345/frame_03375_161156_707.jpg,session_20260605_154345,train_data/session_20260605_154345/frame_03375_161156_707.jpg
session_20260618_144733/frame_00001_144737_252.jpg,session_20260618_144733,train_data/session_20260618_144733/frame_00001_144737_252.jpg
session_20260618_144733/frame_00002_144740_255.jpg,session_20260618_144733,train_data/session_20260618_144733/frame_00002_144740_255.jpg
session_20260618_144733/frame_00003_144743_257.jpg,session_20260618_144733,train_data/session_20260618_144733/frame_00003_144743_257.jpg
session_20260618_144733/frame_00004_144746_258.jpg,session_20260618_144733,train_data/session_20260618_144733/frame_00004_144746_258.jpg
session_20260618_144733/frame_00005_144749_260.jpg,session_20260618_144733,train_data/session_20260618_144733/frame_00005_144749_260.jpg
session_20260618_144733/frame_00006_144752_262.jpg,session_20260618_144733,train_data/session_20260618_144733/frame_00006_144752_262.jpg
session_20260618_144733/frame_00008_144758_267.jpg,session_20260618_144733,train_data/session_20260618_144733/frame_00008_144758_267.jpg
session_20260618_144733/frame_00012_144810_275.jpg,session_20260618_144733,train_data/session_20260618_144733/frame_00012_144810_275.jpg
session_20260618_144733/frame_00015_144819_280.jpg,session_20260618_144733,train_data/session_20260618_144733/frame_00015_144819_280.jpg
session_20260618_144733/frame_00016_144822_283.jpg,session_20260618_144733,train_data/session_20260618_144733/frame_00016_144822_283.jpg
session_20260618_144733/frame_00017_144825_285.jpg,session_20260618_144733,train_data/session_20260618_144733/frame_00017_144825_285.jpg
session_20260618_144733/frame_00018_144828_288.jpg,session_20260618_144733,train_data/session_20260618_144733/frame_00018_144828_288.jpg
session_20260618_144733/frame_00019_144831_290.jpg,session_20260618_144733,train_data/session_20260618_144733/frame_00019_144831_290.jpg
session_20260618_144733/frame_00020_144834_290.jpg,session_20260618_144733,train_data/session_20260618_144733/frame_00020_144834_290.jpg
session_20260618_144733/frame_00022_144840_296.jpg,session_20260618_144733,train_data/session_20260618_144733/frame_00022_144840_296.jpg
session_20260618_144733/frame_00023_144843_298.jpg,session_20260618_144733,train_data/session_20260618_144733/frame_00023_144843_298.jpg
session_20260618_144733/frame_00024_144846_300.jpg,session_20260618_144733,train_data/session_20260618_144733/frame_00024_144846_300.jpg
session_20260618_144733/frame_00025_144849_300.jpg,session_20260618_144733,train_data/session_20260618_144733/frame_00025_144849_300.jpg
session_20260618_144733/frame_00028_144858_308.jpg,session_20260618_144733,train_data/session_20260618_144733/frame_00028_144858_308.jpg
session_20260618_144733/frame_00029_144901_310.jpg,session_20260618_144733,train_data/session_20260618_144733/frame_00029_144901_310.jpg
session_20260618_144733/frame_00031_144907_314.jpg,session_20260618_144733,train_data/session_20260618_144733/frame_00031_144907_314.jpg
session_20260618_144733/frame_00032_144910_315.jpg,session_20260618_144733,train_data/session_20260618_144733/frame_00032_144910_315.jpg
session_20260618_144733/frame_00033_144913_319.jpg,session_20260618_144733,train_data/session_20260618_144733/frame_00033_144913_319.jpg
session_20260618_144733/frame_00034_144916_320.jpg,session_20260618_144733,train_data/session_20260618_144733/frame_00034_144916_320.jpg
session_20260618_144733/frame_00036_144922_325.jpg,session_20260618_144733,train_data/session_20260618_144733/frame_00036_144922_325.jpg
session_20260618_145337/frame_00001_145340_907.jpg,session_20260618_145337,train_data/session_20260618_145337/frame_00001_145340_907.jpg
session_20260618_145337/frame_00002_145343_910.jpg,session_20260618_145337,train_data/session_20260618_145337/frame_00002_145343_910.jpg
session_20260618_145337/frame_00004_145349_914.jpg,session_20260618_145337,train_data/session_20260618_145337/frame_00004_145349_914.jpg
session_20260618_145337/frame_00007_145358_920.jpg,session_20260618_145337,train_data/session_20260618_145337/frame_00007_145358_920.jpg
session_20260618_145337/frame_00012_145413_930.jpg,session_20260618_145337,train_data/session_20260618_145337/frame_00012_145413_930.jpg
session_20260618_145337/frame_00018_145431_943.jpg,session_20260618_145337,train_data/session_20260618_145337/frame_00018_145431_943.jpg
session_20260618_145337/frame_00019_145434_945.jpg,session_20260618_145337,train_data/session_20260618_145337/frame_00019_145434_945.jpg
session_20260618_145337/frame_00021_145440_949.jpg,session_20260618_145337,train_data/session_20260618_145337/frame_00021_145440_949.jpg
session_20260618_145337/frame_00022_145443_950.jpg,session_20260618_145337,train_data/session_20260618_145337/frame_00022_145443_950.jpg
session_20260618_145337/frame_00023_145446_953.jpg,session_20260618_145337,train_data/session_20260618_145337/frame_00023_145446_953.jpg
session_20260618_145337/frame_00024_145449_955.jpg,session_20260618_145337,train_data/session_20260618_145337/frame_00024_145449_955.jpg
session_20260618_145337/frame_00025_145452_957.jpg,session_20260618_145337,train_data/session_20260618_145337/frame_00025_145452_957.jpg
session_20260618_145337/frame_00027_145458_962.jpg,session_20260618_145337,train_data/session_20260618_145337/frame_00027_145458_962.jpg
session_20260618_145337/frame_00028_145501_964.jpg,session_20260618_145337,train_data/session_20260618_145337/frame_00028_145501_964.jpg
session_20260618_145337/frame_00029_145504_965.jpg,session_20260618_145337,train_data/session_20260618_145337/frame_00029_145504_965.jpg
session_20260618_145337/frame_00030_145507_968.jpg,session_20260618_145337,train_data/session_20260618_145337/frame_00030_145507_968.jpg
session_20260618_145337/frame_00032_145513_972.jpg,session_20260618_145337,train_data/session_20260618_145337/frame_00032_145513_972.jpg
session_20260618_145337/frame_00033_145516_974.jpg,session_20260618_145337,train_data/session_20260618_145337/frame_00033_145516_974.jpg
session_20260618_145337/frame_00035_145522_978.jpg,session_20260618_145337,train_data/session_20260618_145337/frame_00035_145522_978.jpg
session_20260618_145337/frame_00036_145525_980.jpg,session_20260618_145337,train_data/session_20260618_145337/frame_00036_145525_980.jpg
session_20260618_145337/frame_00037_145528_982.jpg,session_20260618_145337,train_data/session_20260618_145337/frame_00037_145528_982.jpg
session_20260618_145337/frame_00039_145534_987.jpg,session_20260618_145337,train_data/session_20260618_145337/frame_00039_145534_987.jpg
session_20260618_145337/frame_00040_145537_989.jpg,session_20260618_145337,train_data/session_20260618_145337/frame_00040_145537_989.jpg
session_20260618_145337/frame_00041_145540_990.jpg,session_20260618_145337,train_data/session_20260618_145337/frame_00041_145540_990.jpg
session_20260618_145337/frame_00042_145543_993.jpg,session_20260618_145337,train_data/session_20260618_145337/frame_00042_145543_993.jpg
session_20260618_145337/frame_00043_145546_994.jpg,session_20260618_145337,train_data/session_20260618_145337/frame_00043_145546_994.jpg
session_20260618_145337/frame_00045_145552_999.jpg,session_20260618_145337,train_data/session_20260618_145337/frame_00045_145552_999.jpg
session_20260618_145337/frame_00046_145556_001.jpg,session_20260618_145337,train_data/session_20260618_145337/frame_00046_145556_001.jpg
session_20260618_145337/frame_00047_145559_003.jpg,session_20260618_145337,train_data/session_20260618_145337/frame_00047_145559_003.jpg
session_20260618_145337/frame_00048_145602_005.jpg,session_20260618_145337,train_data/session_20260618_145337/frame_00048_145602_005.jpg
session_20260618_145337/frame_00050_145608_009.jpg,session_20260618_145337,train_data/session_20260618_145337/frame_00050_145608_009.jpg
session_20260618_145337/frame_00051_145611_011.jpg,session_20260618_145337,train_data/session_20260618_145337/frame_00051_145611_011.jpg
session_20260618_145337/frame_00052_145614_013.jpg,session_20260618_145337,train_data/session_20260618_145337/frame_00052_145614_013.jpg
session_20260618_145337/frame_00056_145626_022.jpg,session_20260618_145337,train_data/session_20260618_145337/frame_00056_145626_022.jpg
session_20260618_145337/frame_00057_145629_024.jpg,session_20260618_145337,train_data/session_20260618_145337/frame_00057_145629_024.jpg
session_20260618_145337/frame_00059_145635_026.jpg,session_20260618_145337,train_data/session_20260618_145337/frame_00059_145635_026.jpg
session_20260618_145337/frame_00060_145638_030.jpg,session_20260618_145337,train_data/session_20260618_145337/frame_00060_145638_030.jpg
session_20260618_145337/frame_00061_145641_032.jpg,session_20260618_145337,train_data/session_20260618_145337/frame_00061_145641_032.jpg
session_20260618_145337/frame_00062_145644_034.jpg,session_20260618_145337,train_data/session_20260618_145337/frame_00062_145644_034.jpg
session_20260618_145337/frame_00063_145647_036.jpg,session_20260618_145337,train_data/session_20260618_145337/frame_00063_145647_036.jpg
session_20260618_145337/frame_00064_145650_037.jpg,session_20260618_145337,train_data/session_20260618_145337/frame_00064_145650_037.jpg
session_20260618_145337/frame_00067_145659_044.jpg,session_20260618_145337,train_data/session_20260618_145337/frame_00067_145659_044.jpg
session_20260618_145337/frame_00068_145702_047.jpg,session_20260618_145337,train_data/session_20260618_145337/frame_00068_145702_047.jpg
session_20260618_145337/frame_00069_145705_047.jpg,session_20260618_145337,train_data/session_20260618_145337/frame_00069_145705_047.jpg
session_20260618_145337/frame_00070_145708_051.jpg,session_20260618_145337,train_data/session_20260618_145337/frame_00070_145708_051.jpg
session_20260618_145337/frame_00073_145717_057.jpg,session_20260618_145337,train_data/session_20260618_145337/frame_00073_145717_057.jpg
session_20260618_145337/frame_00074_145720_058.jpg,session_20260618_145337,train_data/session_20260618_145337/frame_00074_145720_058.jpg
session_20260618_145337/frame_00075_145723_061.jpg,session_20260618_145337,train_data/session_20260618_145337/frame_00075_145723_061.jpg
session_20260618_145337/frame_00076_145726_061.jpg,session_20260618_145337,train_data/session_20260618_145337/frame_00076_145726_061.jpg
session_20260618_145337/frame_00078_145732_067.jpg,session_20260618_145337,train_data/session_20260618_145337/frame_00078_145732_067.jpg
session_20260618_145337/frame_00080_145738_071.jpg,session_20260618_145337,train_data/session_20260618_145337/frame_00080_145738_071.jpg
session_20260618_145337/frame_00081_145741_073.jpg,session_20260618_145337,train_data/session_20260618_145337/frame_00081_145741_073.jpg
session_20260618_145337/frame_00083_145747_078.jpg,session_20260618_145337,train_data/session_20260618_145337/frame_00083_145747_078.jpg
session_20260618_145337/frame_00084_145750_080.jpg,session_20260618_145337,train_data/session_20260618_145337/frame_00084_145750_080.jpg
session_20260618_145337/frame_00085_145753_082.jpg,session_20260618_145337,train_data/session_20260618_145337/frame_00085_145753_082.jpg
session_20260618_145337/frame_00086_145756_084.jpg,session_20260618_145337,train_data/session_20260618_145337/frame_00086_145756_084.jpg
session_20260618_145337/frame_00087_145759_086.jpg,session_20260618_145337,train_data/session_20260618_145337/frame_00087_145759_086.jpg
session_20260618_145337/frame_00088_145802_088.jpg,session_20260618_145337,train_data/session_20260618_145337/frame_00088_145802_088.jpg
session_20260618_145337/frame_00089_145805_090.jpg,session_20260618_145337,train_data/session_20260618_145337/frame_00089_145805_090.jpg
session_20260618_145337/frame_00091_145811_095.jpg,session_20260618_145337,train_data/session_20260618_145337/frame_00091_145811_095.jpg
session_20260618_145337/frame_00094_145820_100.jpg,session_20260618_145337,train_data/session_20260618_145337/frame_00094_145820_100.jpg
session_20260618_145337/frame_00095_145823_103.jpg,session_20260618_145337,train_data/session_20260618_145337/frame_00095_145823_103.jpg
session_20260618_145337/frame_00098_145832_109.jpg,session_20260618_145337,train_data/session_20260618_145337/frame_00098_145832_109.jpg
session_20260618_145337/frame_00099_145835_111.jpg,session_20260618_145337,train_data/session_20260618_145337/frame_00099_145835_111.jpg
session_20260618_145337/frame_00100_145838_112.jpg,session_20260618_145337,train_data/session_20260618_145337/frame_00100_145838_112.jpg
session_20260618_145337/frame_00101_145841_113.jpg,session_20260618_145337,train_data/session_20260618_145337/frame_00101_145841_113.jpg
session_20260618_145337/frame_00102_145844_117.jpg,session_20260618_145337,train_data/session_20260618_145337/frame_00102_145844_117.jpg
session_20260618_145337/frame_00103_145847_116.jpg,session_20260618_145337,train_data/session_20260618_145337/frame_00103_145847_116.jpg
session_20260618_145337/frame_00104_145850_121.jpg,session_20260618_145337,train_data/session_20260618_145337/frame_00104_145850_121.jpg
session_20260618_145337/frame_00106_145856_125.jpg,session_20260618_145337,train_data/session_20260618_145337/frame_00106_145856_125.jpg
session_20260618_145337/frame_00107_145859_127.jpg,session_20260618_145337,train_data/session_20260618_145337/frame_00107_145859_127.jpg
session_20260618_145337/frame_00108_145902_130.jpg,session_20260618_145337,train_data/session_20260618_145337/frame_00108_145902_130.jpg
session_20260618_145337/frame_00109_145905_132.jpg,session_20260618_145337,train_data/session_20260618_145337/frame_00109_145905_132.jpg
session_20260618_145337/frame_00111_145911_136.jpg,session_20260618_145337,train_data/session_20260618_145337/frame_00111_145911_136.jpg
session_20260618_145337/frame_00113_145917_140.jpg,session_20260618_145337,train_data/session_20260618_145337/frame_00113_145917_140.jpg
session_20260618_145337/frame_00114_145920_142.jpg,session_20260618_145337,train_data/session_20260618_145337/frame_00114_145920_142.jpg
session_20260618_145337/frame_00115_145923_144.jpg,session_20260618_145337,train_data/session_20260618_145337/frame_00115_145923_144.jpg
session_20260618_145337/frame_00116_145926_146.jpg,session_20260618_145337,train_data/session_20260618_145337/frame_00116_145926_146.jpg
session_20260618_145337/frame_00117_145929_148.jpg,session_20260618_145337,train_data/session_20260618_145337/frame_00117_145929_148.jpg
session_20260618_145337/frame_00119_145935_152.jpg,session_20260618_145337,train_data/session_20260618_145337/frame_00119_145935_152.jpg
session_20260618_145337/frame_00120_145938_154.jpg,session_20260618_145337,train_data/session_20260618_145337/frame_00120_145938_154.jpg
session_20260618_145337/frame_00121_145941_156.jpg,session_20260618_145337,train_data/session_20260618_145337/frame_00121_145941_156.jpg
session_20260618_145337/frame_00122_145944_159.jpg,session_20260618_145337,train_data/session_20260618_145337/frame_00122_145944_159.jpg
session_20260618_145337/frame_00124_145950_162.jpg,session_20260618_145337,train_data/session_20260618_145337/frame_00124_145950_162.jpg
session_20260618_145337/frame_00125_145953_165.jpg,session_20260618_145337,train_data/session_20260618_145337/frame_00125_145953_165.jpg
session_20260618_145337/frame_00126_145956_167.jpg,session_20260618_145337,train_data/session_20260618_145337/frame_00126_145956_167.jpg
session_20260618_145337/frame_00127_145959_169.jpg,session_20260618_145337,train_data/session_20260618_145337/frame_00127_145959_169.jpg
session_20260618_145337/frame_00128_150002_171.jpg,session_20260618_145337,train_data/session_20260618_145337/frame_00128_150002_171.jpg
session_20260618_145337/frame_00129_150005_173.jpg,session_20260618_145337,train_data/session_20260618_145337/frame_00129_150005_173.jpg
session_20260618_145337/frame_00130_150008_175.jpg,session_20260618_145337,train_data/session_20260618_145337/frame_00130_150008_175.jpg
session_20260618_145337/frame_00131_150011_177.jpg,session_20260618_145337,train_data/session_20260618_145337/frame_00131_150011_177.jpg
session_20260618_145337/frame_00132_150014_180.jpg,session_20260618_145337,train_data/session_20260618_145337/frame_00132_150014_180.jpg
session_20260618_145337/frame_00134_150020_183.jpg,session_20260618_145337,train_data/session_20260618_145337/frame_00134_150020_183.jpg
session_20260618_145337/frame_00135_150023_185.jpg,session_20260618_145337,train_data/session_20260618_145337/frame_00135_150023_185.jpg
session_20260618_145337/frame_00136_150026_188.jpg,session_20260618_145337,train_data/session_20260618_145337/frame_00136_150026_188.jpg
session_20260618_145337/frame_00138_150032_192.jpg,session_20260618_145337,train_data/session_20260618_145337/frame_00138_150032_192.jpg
session_20260618_145337/frame_00139_150035_194.jpg,session_20260618_145337,train_data/session_20260618_145337/frame_00139_150035_194.jpg
session_20260618_145337/frame_00140_150038_196.jpg,session_20260618_145337,train_data/session_20260618_145337/frame_00140_150038_196.jpg
session_20260618_145337/frame_00141_150041_198.jpg,session_20260618_145337,train_data/session_20260618_145337/frame_00141_150041_198.jpg
session_20260618_145337/frame_00142_150044_200.jpg,session_20260618_145337,train_data/session_20260618_145337/frame_00142_150044_200.jpg
session_20260618_145337/frame_00143_150047_202.jpg,session_20260618_145337,train_data/session_20260618_145337/frame_00143_150047_202.jpg
session_20260618_145337/frame_00144_150050_204.jpg,session_20260618_145337,train_data/session_20260618_145337/frame_00144_150050_204.jpg
session_20260618_145337/frame_00145_150053_206.jpg,session_20260618_145337,train_data/session_20260618_145337/frame_00145_150053_206.jpg
session_20260618_145337/frame_00146_150056_208.jpg,session_20260618_145337,train_data/session_20260618_145337/frame_00146_150056_208.jpg
session_20260618_145337/frame_00147_150059_210.jpg,session_20260618_145337,train_data/session_20260618_145337/frame_00147_150059_210.jpg
session_20260618_145337/frame_00148_150102_212.jpg,session_20260618_145337,train_data/session_20260618_145337/frame_00148_150102_212.jpg
session_20260618_145337/frame_00149_150105_214.jpg,session_20260618_145337,train_data/session_20260618_145337/frame_00149_150105_214.jpg
session_20260618_145337/frame_00150_150108_216.jpg,session_20260618_145337,train_data/session_20260618_145337/frame_00150_150108_216.jpg
session_20260618_145337/frame_00151_150111_219.jpg,session_20260618_145337,train_data/session_20260618_145337/frame_00151_150111_219.jpg
session_20260618_145337/frame_00152_150114_221.jpg,session_20260618_145337,train_data/session_20260618_145337/frame_00152_150114_221.jpg
session_20260618_145337/frame_00153_150117_223.jpg,session_20260618_145337,train_data/session_20260618_145337/frame_00153_150117_223.jpg
session_20260618_145337/frame_00154_150120_225.jpg,session_20260618_145337,train_data/session_20260618_145337/frame_00154_150120_225.jpg
session_20260618_145337/frame_00155_150123_227.jpg,session_20260618_145337,train_data/session_20260618_145337/frame_00155_150123_227.jpg
session_20260618_145337/frame_00156_150126_229.jpg,session_20260618_145337,train_data/session_20260618_145337/frame_00156_150126_229.jpg
session_20260618_145337/frame_00157_150129_231.jpg,session_20260618_145337,train_data/session_20260618_145337/frame_00157_150129_231.jpg
session_20260618_145337/frame_00158_150132_233.jpg,session_20260618_145337,train_data/session_20260618_145337/frame_00158_150132_233.jpg
session_20260618_145337/frame_00159_150135_236.jpg,session_20260618_145337,train_data/session_20260618_145337/frame_00159_150135_236.jpg
session_20260618_145337/frame_00160_150138_237.jpg,session_20260618_145337,train_data/session_20260618_145337/frame_00160_150138_237.jpg
session_20260618_145337/frame_00161_150141_240.jpg,session_20260618_145337,train_data/session_20260618_145337/frame_00161_150141_240.jpg
session_20260618_145337/frame_00162_150144_242.jpg,session_20260618_145337,train_data/session_20260618_145337/frame_00162_150144_242.jpg
session_20260618_145337/frame_00163_150147_244.jpg,session_20260618_145337,train_data/session_20260618_145337/frame_00163_150147_244.jpg
session_20260618_145337/frame_00164_150150_246.jpg,session_20260618_145337,train_data/session_20260618_145337/frame_00164_150150_246.jpg
session_20260618_145337/frame_00165_150153_248.jpg,session_20260618_145337,train_data/session_20260618_145337/frame_00165_150153_248.jpg
session_20260618_145337/frame_00166_150156_250.jpg,session_20260618_145337,train_data/session_20260618_145337/frame_00166_150156_250.jpg
session_20260618_145337/frame_00168_150202_254.jpg,session_20260618_145337,train_data/session_20260618_145337/frame_00168_150202_254.jpg
session_20260618_145337/frame_00169_150205_256.jpg,session_20260618_145337,train_data/session_20260618_145337/frame_00169_150205_256.jpg
session_20260618_145337/frame_00170_150208_258.jpg,session_20260618_145337,train_data/session_20260618_145337/frame_00170_150208_258.jpg
session_20260618_145337/frame_00171_150211_260.jpg,session_20260618_145337,train_data/session_20260618_145337/frame_00171_150211_260.jpg
session_20260618_145337/frame_00172_150214_262.jpg,session_20260618_145337,train_data/session_20260618_145337/frame_00172_150214_262.jpg
session_20260618_145337/frame_00173_150217_264.jpg,session_20260618_145337,train_data/session_20260618_145337/frame_00173_150217_264.jpg
session_20260618_145337/frame_00174_150220_267.jpg,session_20260618_145337,train_data/session_20260618_145337/frame_00174_150220_267.jpg
session_20260618_145337/frame_00176_150226_270.jpg,session_20260618_145337,train_data/session_20260618_145337/frame_00176_150226_270.jpg
session_20260618_145337/frame_00177_150229_272.jpg,session_20260618_145337,train_data/session_20260618_145337/frame_00177_150229_272.jpg
session_20260618_145337/frame_00178_150232_275.jpg,session_20260618_145337,train_data/session_20260618_145337/frame_00178_150232_275.jpg
session_20260618_145337/frame_00179_150235_277.jpg,session_20260618_145337,train_data/session_20260618_145337/frame_00179_150235_277.jpg
session_20260618_145337/frame_00180_150238_279.jpg,session_20260618_145337,train_data/session_20260618_145337/frame_00180_150238_279.jpg
session_20260618_145337/frame_00181_150241_281.jpg,session_20260618_145337,train_data/session_20260618_145337/frame_00181_150241_281.jpg
session_20260618_145337/frame_00183_150247_285.jpg,session_20260618_145337,train_data/session_20260618_145337/frame_00183_150247_285.jpg
session_20260618_145337/frame_00184_150250_287.jpg,session_20260618_145337,train_data/session_20260618_145337/frame_00184_150250_287.jpg
session_20260618_145337/frame_00185_150253_289.jpg,session_20260618_145337,train_data/session_20260618_145337/frame_00185_150253_289.jpg
session_20260618_145337/frame_00186_150256_292.jpg,session_20260618_145337,train_data/session_20260618_145337/frame_00186_150256_292.jpg
session_20260618_145337/frame_00187_150259_294.jpg,session_20260618_145337,train_data/session_20260618_145337/frame_00187_150259_294.jpg
session_20260618_145337/frame_00189_150305_298.jpg,session_20260618_145337,train_data/session_20260618_145337/frame_00189_150305_298.jpg
session_20260618_145337/frame_00190_150308_300.jpg,session_20260618_145337,train_data/session_20260618_145337/frame_00190_150308_300.jpg
session_20260618_145337/frame_00191_150311_301.jpg,session_20260618_145337,train_data/session_20260618_145337/frame_00191_150311_301.jpg
session_20260618_145337/frame_00192_150314_304.jpg,session_20260618_145337,train_data/session_20260618_145337/frame_00192_150314_304.jpg
session_20260618_145337/frame_00193_150317_306.jpg,session_20260618_145337,train_data/session_20260618_145337/frame_00193_150317_306.jpg
session_20260618_145337/frame_00194_150320_308.jpg,session_20260618_145337,train_data/session_20260618_145337/frame_00194_150320_308.jpg
session_20260618_145337/frame_00195_150323_310.jpg,session_20260618_145337,train_data/session_20260618_145337/frame_00195_150323_310.jpg
session_20260618_145337/frame_00196_150326_312.jpg,session_20260618_145337,train_data/session_20260618_145337/frame_00196_150326_312.jpg
session_20260618_145337/frame_00197_150329_314.jpg,session_20260618_145337,train_data/session_20260618_145337/frame_00197_150329_314.jpg
session_20260618_145337/frame_00198_150332_316.jpg,session_20260618_145337,train_data/session_20260618_145337/frame_00198_150332_316.jpg
session_20260618_145337/frame_00199_150335_318.jpg,session_20260618_145337,train_data/session_20260618_145337/frame_00199_150335_318.jpg
session_20260618_145337/frame_00200_150338_321.jpg,session_20260618_145337,train_data/session_20260618_145337/frame_00200_150338_321.jpg
session_20260618_145337/frame_00201_150341_323.jpg,session_20260618_145337,train_data/session_20260618_145337/frame_00201_150341_323.jpg
session_20260618_145337/frame_00202_150344_325.jpg,session_20260618_145337,train_data/session_20260618_145337/frame_00202_150344_325.jpg
session_20260618_145337/frame_00203_150347_327.jpg,session_20260618_145337,train_data/session_20260618_145337/frame_00203_150347_327.jpg
session_20260618_145337/frame_00204_150350_328.jpg,session_20260618_145337,train_data/session_20260618_145337/frame_00204_150350_328.jpg
session_20260618_145337/frame_00205_150353_331.jpg,session_20260618_145337,train_data/session_20260618_145337/frame_00205_150353_331.jpg
session_20260618_145337/frame_00206_150356_331.jpg,session_20260618_145337,train_data/session_20260618_145337/frame_00206_150356_331.jpg
session_20260618_145337/frame_00208_150402_337.jpg,session_20260618_145337,train_data/session_20260618_145337/frame_00208_150402_337.jpg
session_20260618_145337/frame_00209_150405_339.jpg,session_20260618_145337,train_data/session_20260618_145337/frame_00209_150405_339.jpg
session_20260618_145337/frame_00211_150411_343.jpg,session_20260618_145337,train_data/session_20260618_145337/frame_00211_150411_343.jpg
session_20260618_145337/frame_00212_150414_345.jpg,session_20260618_145337,train_data/session_20260618_145337/frame_00212_150414_345.jpg
session_20260618_145337/frame_00213_150417_347.jpg,session_20260618_145337,train_data/session_20260618_145337/frame_00213_150417_347.jpg
session_20260618_145337/frame_00214_150420_349.jpg,session_20260618_145337,train_data/session_20260618_145337/frame_00214_150420_349.jpg
session_20260618_145337/frame_00215_150423_351.jpg,session_20260618_145337,train_data/session_20260618_145337/frame_00215_150423_351.jpg
session_20260618_145337/frame_00216_150426_353.jpg,session_20260618_145337,train_data/session_20260618_145337/frame_00216_150426_353.jpg
session_20260618_145337/frame_00217_150429_355.jpg,session_20260618_145337,train_data/session_20260618_145337/frame_00217_150429_355.jpg
session_20260618_145337/frame_00220_150438_361.jpg,session_20260618_145337,train_data/session_20260618_145337/frame_00220_150438_361.jpg
session_20260618_145337/frame_00221_150441_364.jpg,session_20260618_145337,train_data/session_20260618_145337/frame_00221_150441_364.jpg
session_20260618_145337/frame_00222_150444_366.jpg,session_20260618_145337,train_data/session_20260618_145337/frame_00222_150444_366.jpg
session_20260618_145337/frame_00223_150447_368.jpg,session_20260618_145337,train_data/session_20260618_145337/frame_00223_150447_368.jpg
session_20260618_145337/frame_00224_150450_370.jpg,session_20260618_145337,train_data/session_20260618_145337/frame_00224_150450_370.jpg
session_20260618_145337/frame_00225_150453_370.jpg,session_20260618_145337,train_data/session_20260618_145337/frame_00225_150453_370.jpg
session_20260618_145337/frame_00226_150456_371.jpg,session_20260618_145337,train_data/session_20260618_145337/frame_00226_150456_371.jpg
session_20260618_145337/frame_00227_150459_377.jpg,session_20260618_145337,train_data/session_20260618_145337/frame_00227_150459_377.jpg
session_20260618_145337/frame_00228_150502_379.jpg,session_20260618_145337,train_data/session_20260618_145337/frame_00228_150502_379.jpg
session_20260618_145337/frame_00229_150505_381.jpg,session_20260618_145337,train_data/session_20260618_145337/frame_00229_150505_381.jpg
session_20260618_145337/frame_00230_150508_383.jpg,session_20260618_145337,train_data/session_20260618_145337/frame_00230_150508_383.jpg
session_20260618_145337/frame_00231_150511_385.jpg,session_20260618_145337,train_data/session_20260618_145337/frame_00231_150511_385.jpg
session_20260618_145337/frame_00232_150514_387.jpg,session_20260618_145337,train_data/session_20260618_145337/frame_00232_150514_387.jpg
session_20260618_145337/frame_00233_150517_389.jpg,session_20260618_145337,train_data/session_20260618_145337/frame_00233_150517_389.jpg
session_20260618_145337/frame_00234_150520_391.jpg,session_20260618_145337,train_data/session_20260618_145337/frame_00234_150520_391.jpg
session_20260618_145337/frame_00235_150523_393.jpg,session_20260618_145337,train_data/session_20260618_145337/frame_00235_150523_393.jpg
session_20260618_145337/frame_00236_150526_395.jpg,session_20260618_145337,train_data/session_20260618_145337/frame_00236_150526_395.jpg
session_20260618_145337/frame_00237_150529_397.jpg,session_20260618_145337,train_data/session_20260618_145337/frame_00237_150529_397.jpg
session_20260618_145337/frame_00238_150532_399.jpg,session_20260618_145337,train_data/session_20260618_145337/frame_00238_150532_399.jpg
session_20260618_145337/frame_00239_150535_401.jpg,session_20260618_145337,train_data/session_20260618_145337/frame_00239_150535_401.jpg
session_20260618_145337/frame_00240_150538_403.jpg,session_20260618_145337,train_data/session_20260618_145337/frame_00240_150538_403.jpg
session_20260618_145337/frame_00241_150541_405.jpg,session_20260618_145337,train_data/session_20260618_145337/frame_00241_150541_405.jpg
session_20260618_145337/frame_00242_150544_407.jpg,session_20260618_145337,train_data/session_20260618_145337/frame_00242_150544_407.jpg
session_20260618_145337/frame_00243_150547_409.jpg,session_20260618_145337,train_data/session_20260618_145337/frame_00243_150547_409.jpg
session_20260618_145337/frame_00244_150550_412.jpg,session_20260618_145337,train_data/session_20260618_145337/frame_00244_150550_412.jpg
session_20260618_145337/frame_00245_150553_414.jpg,session_20260618_145337,train_data/session_20260618_145337/frame_00245_150553_414.jpg
session_20260618_145337/frame_00246_150556_416.jpg,session_20260618_145337,train_data/session_20260618_145337/frame_00246_150556_416.jpg
session_20260618_145337/frame_00247_150559_418.jpg,session_20260618_145337,train_data/session_20260618_145337/frame_00247_150559_418.jpg
session_20260618_145337/frame_00248_150602_420.jpg,session_20260618_145337,train_data/session_20260618_145337/frame_00248_150602_420.jpg
session_20260618_145337/frame_00249_150605_422.jpg,session_20260618_145337,train_data/session_20260618_145337/frame_00249_150605_422.jpg
session_20260618_145337/frame_00250_150608_424.jpg,session_20260618_145337,train_data/session_20260618_145337/frame_00250_150608_424.jpg
session_20260618_145337/frame_00251_150611_427.jpg,session_20260618_145337,train_data/session_20260618_145337/frame_00251_150611_427.jpg
session_20260618_145337/frame_00252_150614_428.jpg,session_20260618_145337,train_data/session_20260618_145337/frame_00252_150614_428.jpg
session_20260618_145337/frame_00253_150617_431.jpg,session_20260618_145337,train_data/session_20260618_145337/frame_00253_150617_431.jpg
session_20260618_145337/frame_00254_150620_432.jpg,session_20260618_145337,train_data/session_20260618_145337/frame_00254_150620_432.jpg
session_20260618_145337/frame_00256_150626_436.jpg,session_20260618_145337,train_data/session_20260618_145337/frame_00256_150626_436.jpg
session_20260618_145337/frame_00257_150629_438.jpg,session_20260618_145337,train_data/session_20260618_145337/frame_00257_150629_438.jpg
session_20260618_150720/frame_00001_150723_676.jpg,session_20260618_150720,train_data/session_20260618_150720/frame_00001_150723_676.jpg
session_20260618_150720/frame_00002_150725_677.jpg,session_20260618_150720,train_data/session_20260618_150720/frame_00002_150725_677.jpg
session_20260618_150720/frame_00003_150727_678.jpg,session_20260618_150720,train_data/session_20260618_150720/frame_00003_150727_678.jpg
session_20260618_150720/frame_00004_150729_680.jpg,session_20260618_150720,train_data/session_20260618_150720/frame_00004_150729_680.jpg
session_20260618_150720/frame_00005_150731_682.jpg,session_20260618_150720,train_data/session_20260618_150720/frame_00005_150731_682.jpg
session_20260618_150720/frame_00006_150733_683.jpg,session_20260618_150720,train_data/session_20260618_150720/frame_00006_150733_683.jpg
session_20260618_150720/frame_00007_150735_684.jpg,session_20260618_150720,train_data/session_20260618_150720/frame_00007_150735_684.jpg
session_20260618_150720/frame_00008_150737_685.jpg,session_20260618_150720,train_data/session_20260618_150720/frame_00008_150737_685.jpg
session_20260618_150720/frame_00009_150739_687.jpg,session_20260618_150720,train_data/session_20260618_150720/frame_00009_150739_687.jpg
session_20260618_150720/frame_00010_150741_687.jpg,session_20260618_150720,train_data/session_20260618_150720/frame_00010_150741_687.jpg
session_20260618_150720/frame_00011_150743_689.jpg,session_20260618_150720,train_data/session_20260618_150720/frame_00011_150743_689.jpg
session_20260618_150720/frame_00012_150745_691.jpg,session_20260618_150720,train_data/session_20260618_150720/frame_00012_150745_691.jpg
session_20260618_150720/frame_00013_150747_692.jpg,session_20260618_150720,train_data/session_20260618_150720/frame_00013_150747_692.jpg
session_20260618_150720/frame_00014_150749_694.jpg,session_20260618_150720,train_data/session_20260618_150720/frame_00014_150749_694.jpg
session_20260618_150720/frame_00015_150751_694.jpg,session_20260618_150720,train_data/session_20260618_150720/frame_00015_150751_694.jpg
session_20260618_150720/frame_00016_150753_697.jpg,session_20260618_150720,train_data/session_20260618_150720/frame_00016_150753_697.jpg
session_20260618_150720/frame_00017_150755_698.jpg,session_20260618_150720,train_data/session_20260618_150720/frame_00017_150755_698.jpg
session_20260618_150720/frame_00018_150757_699.jpg,session_20260618_150720,train_data/session_20260618_150720/frame_00018_150757_699.jpg
session_20260618_150720/frame_00019_150759_701.jpg,session_20260618_150720,train_data/session_20260618_150720/frame_00019_150759_701.jpg
session_20260618_150720/frame_00020_150801_701.jpg,session_20260618_150720,train_data/session_20260618_150720/frame_00020_150801_701.jpg
session_20260618_150720/frame_00021_150803_703.jpg,session_20260618_150720,train_data/session_20260618_150720/frame_00021_150803_703.jpg
session_20260618_150720/frame_00022_150805_705.jpg,session_20260618_150720,train_data/session_20260618_150720/frame_00022_150805_705.jpg
session_20260618_150720/frame_00023_150807_706.jpg,session_20260618_150720,train_data/session_20260618_150720/frame_00023_150807_706.jpg
session_20260618_150720/frame_00024_150809_706.jpg,session_20260618_150720,train_data/session_20260618_150720/frame_00024_150809_706.jpg
session_20260618_150720/frame_00025_150811_707.jpg,session_20260618_150720,train_data/session_20260618_150720/frame_00025_150811_707.jpg
session_20260618_150720/frame_00026_150813_710.jpg,session_20260618_150720,train_data/session_20260618_150720/frame_00026_150813_710.jpg
session_20260618_150720/frame_00029_150819_714.jpg,session_20260618_150720,train_data/session_20260618_150720/frame_00029_150819_714.jpg
session_20260618_150720/frame_00030_150821_714.jpg,session_20260618_150720,train_data/session_20260618_150720/frame_00030_150821_714.jpg
session_20260618_150720/frame_00031_150823_717.jpg,session_20260618_150720,train_data/session_20260618_150720/frame_00031_150823_717.jpg
session_20260618_150720/frame_00032_150825_719.jpg,session_20260618_150720,train_data/session_20260618_150720/frame_00032_150825_719.jpg
session_20260618_150720/frame_00033_150827_720.jpg,session_20260618_150720,train_data/session_20260618_150720/frame_00033_150827_720.jpg
session_20260618_150720/frame_00034_150829_721.jpg,session_20260618_150720,train_data/session_20260618_150720/frame_00034_150829_721.jpg
session_20260618_150720/frame_00035_150831_721.jpg,session_20260618_150720,train_data/session_20260618_150720/frame_00035_150831_721.jpg
session_20260618_150720/frame_00036_150833_724.jpg,session_20260618_150720,train_data/session_20260618_150720/frame_00036_150833_724.jpg
session_20260618_150720/frame_00037_150835_726.jpg,session_20260618_150720,train_data/session_20260618_150720/frame_00037_150835_726.jpg
session_20260618_150720/frame_00038_150837_726.jpg,session_20260618_150720,train_data/session_20260618_150720/frame_00038_150837_726.jpg
session_20260618_150720/frame_00039_150839_729.jpg,session_20260618_150720,train_data/session_20260618_150720/frame_00039_150839_729.jpg
session_20260618_150720/frame_00040_150841_729.jpg,session_20260618_150720,train_data/session_20260618_150720/frame_00040_150841_729.jpg
session_20260618_150720/frame_00041_150843_731.jpg,session_20260618_150720,train_data/session_20260618_150720/frame_00041_150843_731.jpg
session_20260618_150720/frame_00042_150845_732.jpg,session_20260618_150720,train_data/session_20260618_150720/frame_00042_150845_732.jpg
session_20260618_150720/frame_00043_150847_733.jpg,session_20260618_150720,train_data/session_20260618_150720/frame_00043_150847_733.jpg
session_20260618_150720/frame_00044_150849_735.jpg,session_20260618_150720,train_data/session_20260618_150720/frame_00044_150849_735.jpg
session_20260618_150720/frame_00045_150851_737.jpg,session_20260618_150720,train_data/session_20260618_150720/frame_00045_150851_737.jpg
session_20260618_150720/frame_00046_150853_738.jpg,session_20260618_150720,train_data/session_20260618_150720/frame_00046_150853_738.jpg
session_20260618_150720/frame_00047_150855_739.jpg,session_20260618_150720,train_data/session_20260618_150720/frame_00047_150855_739.jpg
session_20260618_150720/frame_00049_150859_743.jpg,session_20260618_150720,train_data/session_20260618_150720/frame_00049_150859_743.jpg
session_20260618_150720/frame_00050_150901_743.jpg,session_20260618_150720,train_data/session_20260618_150720/frame_00050_150901_743.jpg
session_20260618_150720/frame_00051_150903_745.jpg,session_20260618_150720,train_data/session_20260618_150720/frame_00051_150903_745.jpg
session_20260618_150720/frame_00052_150905_746.jpg,session_20260618_150720,train_data/session_20260618_150720/frame_00052_150905_746.jpg
session_20260618_150720/frame_00053_150907_748.jpg,session_20260618_150720,train_data/session_20260618_150720/frame_00053_150907_748.jpg
session_20260618_150720/frame_00054_150909_749.jpg,session_20260618_150720,train_data/session_20260618_150720/frame_00054_150909_749.jpg
session_20260618_150720/frame_00055_150911_751.jpg,session_20260618_150720,train_data/session_20260618_150720/frame_00055_150911_751.jpg
session_20260618_150720/frame_00056_150913_752.jpg,session_20260618_150720,train_data/session_20260618_150720/frame_00056_150913_752.jpg
session_20260618_150720/frame_00058_150917_755.jpg,session_20260618_150720,train_data/session_20260618_150720/frame_00058_150917_755.jpg
session_20260618_150720/frame_00059_150919_756.jpg,session_20260618_150720,train_data/session_20260618_150720/frame_00059_150919_756.jpg
session_20260618_150720/frame_00060_150921_758.jpg,session_20260618_150720,train_data/session_20260618_150720/frame_00060_150921_758.jpg
session_20260618_150720/frame_00061_150923_759.jpg,session_20260618_150720,train_data/session_20260618_150720/frame_00061_150923_759.jpg
session_20260618_150720/frame_00062_150925_760.jpg,session_20260618_150720,train_data/session_20260618_150720/frame_00062_150925_760.jpg
session_20260618_150720/frame_00063_150927_761.jpg,session_20260618_150720,train_data/session_20260618_150720/frame_00063_150927_761.jpg
session_20260618_150720/frame_00064_150929_763.jpg,session_20260618_150720,train_data/session_20260618_150720/frame_00064_150929_763.jpg
session_20260618_150720/frame_00065_150931_765.jpg,session_20260618_150720,train_data/session_20260618_150720/frame_00065_150931_765.jpg
session_20260618_150720/frame_00066_150933_766.jpg,session_20260618_150720,train_data/session_20260618_150720/frame_00066_150933_766.jpg
session_20260618_150720/frame_00067_150935_767.jpg,session_20260618_150720,train_data/session_20260618_150720/frame_00067_150935_767.jpg
session_20260618_150720/frame_00068_150937_769.jpg,session_20260618_150720,train_data/session_20260618_150720/frame_00068_150937_769.jpg
session_20260618_150720/frame_00069_150939_770.jpg,session_20260618_150720,train_data/session_20260618_150720/frame_00069_150939_770.jpg
session_20260618_150720/frame_00070_150941_771.jpg,session_20260618_150720,train_data/session_20260618_150720/frame_00070_150941_771.jpg
session_20260618_150720/frame_00071_150943_773.jpg,session_20260618_150720,train_data/session_20260618_150720/frame_00071_150943_773.jpg
session_20260618_150720/frame_00072_150945_774.jpg,session_20260618_150720,train_data/session_20260618_150720/frame_00072_150945_774.jpg
session_20260618_150720/frame_00073_150947_775.jpg,session_20260618_150720,train_data/session_20260618_150720/frame_00073_150947_775.jpg
session_20260618_150720/frame_00074_150949_777.jpg,session_20260618_150720,train_data/session_20260618_150720/frame_00074_150949_777.jpg
session_20260618_150720/frame_00075_150951_778.jpg,session_20260618_150720,train_data/session_20260618_150720/frame_00075_150951_778.jpg
session_20260618_150720/frame_00076_150953_780.jpg,session_20260618_150720,train_data/session_20260618_150720/frame_00076_150953_780.jpg
session_20260618_150720/frame_00077_150955_781.jpg,session_20260618_150720,train_data/session_20260618_150720/frame_00077_150955_781.jpg
session_20260618_150720/frame_00078_150957_782.jpg,session_20260618_150720,train_data/session_20260618_150720/frame_00078_150957_782.jpg
session_20260618_150720/frame_00079_150959_784.jpg,session_20260618_150720,train_data/session_20260618_150720/frame_00079_150959_784.jpg
session_20260618_150720/frame_00081_151003_787.jpg,session_20260618_150720,train_data/session_20260618_150720/frame_00081_151003_787.jpg
session_20260618_150720/frame_00082_151005_788.jpg,session_20260618_150720,train_data/session_20260618_150720/frame_00082_151005_788.jpg
session_20260618_150720/frame_00083_151007_789.jpg,session_20260618_150720,train_data/session_20260618_150720/frame_00083_151007_789.jpg
session_20260618_150720/frame_00084_151009_791.jpg,session_20260618_150720,train_data/session_20260618_150720/frame_00084_151009_791.jpg
session_20260618_150720/frame_00085_151011_792.jpg,session_20260618_150720,train_data/session_20260618_150720/frame_00085_151011_792.jpg
session_20260618_150720/frame_00086_151013_794.jpg,session_20260618_150720,train_data/session_20260618_150720/frame_00086_151013_794.jpg
session_20260618_150720/frame_00087_151015_795.jpg,session_20260618_150720,train_data/session_20260618_150720/frame_00087_151015_795.jpg
session_20260618_150720/frame_00088_151017_796.jpg,session_20260618_150720,train_data/session_20260618_150720/frame_00088_151017_796.jpg
session_20260618_150720/frame_00089_151019_798.jpg,session_20260618_150720,train_data/session_20260618_150720/frame_00089_151019_798.jpg
session_20260618_150720/frame_00090_151021_799.jpg,session_20260618_150720,train_data/session_20260618_150720/frame_00090_151021_799.jpg
session_20260618_150720/frame_00091_151023_800.jpg,session_20260618_150720,train_data/session_20260618_150720/frame_00091_151023_800.jpg
session_20260618_150720/frame_00092_151025_802.jpg,session_20260618_150720,train_data/session_20260618_150720/frame_00092_151025_802.jpg
session_20260618_150720/frame_00093_151027_803.jpg,session_20260618_150720,train_data/session_20260618_150720/frame_00093_151027_803.jpg
session_20260618_150720/frame_00094_151029_805.jpg,session_20260618_150720,train_data/session_20260618_150720/frame_00094_151029_805.jpg
session_20260618_150720/frame_00095_151031_806.jpg,session_20260618_150720,train_data/session_20260618_150720/frame_00095_151031_806.jpg
session_20260618_150720/frame_00096_151033_807.jpg,session_20260618_150720,train_data/session_20260618_150720/frame_00096_151033_807.jpg
session_20260618_150720/frame_00097_151035_808.jpg,session_20260618_150720,train_data/session_20260618_150720/frame_00097_151035_808.jpg
session_20260618_150720/frame_00098_151037_810.jpg,session_20260618_150720,train_data/session_20260618_150720/frame_00098_151037_810.jpg
session_20260618_150720/frame_00099_151039_811.jpg,session_20260618_150720,train_data/session_20260618_150720/frame_00099_151039_811.jpg
session_20260618_150720/frame_00100_151041_813.jpg,session_20260618_150720,train_data/session_20260618_150720/frame_00100_151041_813.jpg
session_20260618_150720/frame_00102_151045_816.jpg,session_20260618_150720,train_data/session_20260618_150720/frame_00102_151045_816.jpg
session_20260618_150720/frame_00103_151047_817.jpg,session_20260618_150720,train_data/session_20260618_150720/frame_00103_151047_817.jpg
session_20260618_150720/frame_00104_151049_819.jpg,session_20260618_150720,train_data/session_20260618_150720/frame_00104_151049_819.jpg
session_20260618_150720/frame_00105_151051_820.jpg,session_20260618_150720,train_data/session_20260618_150720/frame_00105_151051_820.jpg
session_20260618_150720/frame_00106_151053_821.jpg,session_20260618_150720,train_data/session_20260618_150720/frame_00106_151053_821.jpg
session_20260618_150720/frame_00107_151055_822.jpg,session_20260618_150720,train_data/session_20260618_150720/frame_00107_151055_822.jpg
session_20260618_150720/frame_00108_151057_824.jpg,session_20260618_150720,train_data/session_20260618_150720/frame_00108_151057_824.jpg
session_20260618_150720/frame_00110_151101_827.jpg,session_20260618_150720,train_data/session_20260618_150720/frame_00110_151101_827.jpg
session_20260618_150720/frame_00111_151103_828.jpg,session_20260618_150720,train_data/session_20260618_150720/frame_00111_151103_828.jpg
session_20260618_150720/frame_00112_151105_830.jpg,session_20260618_150720,train_data/session_20260618_150720/frame_00112_151105_830.jpg
session_20260618_150720/frame_00113_151107_831.jpg,session_20260618_150720,train_data/session_20260618_150720/frame_00113_151107_831.jpg
session_20260618_150720/frame_00114_151109_832.jpg,session_20260618_150720,train_data/session_20260618_150720/frame_00114_151109_832.jpg
session_20260618_150720/frame_00115_151111_833.jpg,session_20260618_150720,train_data/session_20260618_150720/frame_00115_151111_833.jpg
session_20260618_150720/frame_00116_151113_835.jpg,session_20260618_150720,train_data/session_20260618_150720/frame_00116_151113_835.jpg
session_20260618_150720/frame_00117_151115_836.jpg,session_20260618_150720,train_data/session_20260618_150720/frame_00117_151115_836.jpg
session_20260618_150720/frame_00118_151117_838.jpg,session_20260618_150720,train_data/session_20260618_150720/frame_00118_151117_838.jpg
session_20260618_150720/frame_00119_151119_839.jpg,session_20260618_150720,train_data/session_20260618_150720/frame_00119_151119_839.jpg
session_20260618_150720/frame_00120_151121_841.jpg,session_20260618_150720,train_data/session_20260618_150720/frame_00120_151121_841.jpg
session_20260618_150720/frame_00121_151123_842.jpg,session_20260618_150720,train_data/session_20260618_150720/frame_00121_151123_842.jpg
session_20260618_150720/frame_00122_151125_843.jpg,session_20260618_150720,train_data/session_20260618_150720/frame_00122_151125_843.jpg
session_20260618_150720/frame_00123_151127_845.jpg,session_20260618_150720,train_data/session_20260618_150720/frame_00123_151127_845.jpg
session_20260618_150720/frame_00124_151129_847.jpg,session_20260618_150720,train_data/session_20260618_150720/frame_00124_151129_847.jpg
session_20260618_150720/frame_00125_151131_847.jpg,session_20260618_150720,train_data/session_20260618_150720/frame_00125_151131_847.jpg
session_20260618_150720/frame_00126_151133_848.jpg,session_20260618_150720,train_data/session_20260618_150720/frame_00126_151133_848.jpg
session_20260618_150720/frame_00127_151135_849.jpg,session_20260618_150720,train_data/session_20260618_150720/frame_00127_151135_849.jpg
session_20260618_150720/frame_00128_151137_852.jpg,session_20260618_150720,train_data/session_20260618_150720/frame_00128_151137_852.jpg
session_20260618_150720/frame_00129_151139_853.jpg,session_20260618_150720,train_data/session_20260618_150720/frame_00129_151139_853.jpg
session_20260618_150720/frame_00130_151141_854.jpg,session_20260618_150720,train_data/session_20260618_150720/frame_00130_151141_854.jpg
session_20260618_150720/frame_00131_151143_856.jpg,session_20260618_150720,train_data/session_20260618_150720/frame_00131_151143_856.jpg
session_20260618_150720/frame_00132_151145_857.jpg,session_20260618_150720,train_data/session_20260618_150720/frame_00132_151145_857.jpg
session_20260618_150720/frame_00133_151147_859.jpg,session_20260618_150720,train_data/session_20260618_150720/frame_00133_151147_859.jpg
session_20260618_150720/frame_00134_151149_860.jpg,session_20260618_150720,train_data/session_20260618_150720/frame_00134_151149_860.jpg
session_20260618_150720/frame_00135_151151_861.jpg,session_20260618_150720,train_data/session_20260618_150720/frame_00135_151151_861.jpg
session_20260618_150720/frame_00136_151153_862.jpg,session_20260618_150720,train_data/session_20260618_150720/frame_00136_151153_862.jpg
session_20260618_150720/frame_00137_151155_864.jpg,session_20260618_150720,train_data/session_20260618_150720/frame_00137_151155_864.jpg
session_20260618_150720/frame_00138_151157_865.jpg,session_20260618_150720,train_data/session_20260618_150720/frame_00138_151157_865.jpg
session_20260618_150720/frame_00140_151201_868.jpg,session_20260618_150720,train_data/session_20260618_150720/frame_00140_151201_868.jpg
session_20260618_150720/frame_00141_151203_869.jpg,session_20260618_150720,train_data/session_20260618_150720/frame_00141_151203_869.jpg
session_20260618_150720/frame_00142_151205_871.jpg,session_20260618_150720,train_data/session_20260618_150720/frame_00142_151205_871.jpg
session_20260618_150720/frame_00144_151209_873.jpg,session_20260618_150720,train_data/session_20260618_150720/frame_00144_151209_873.jpg
session_20260618_150720/frame_00145_151211_875.jpg,session_20260618_150720,train_data/session_20260618_150720/frame_00145_151211_875.jpg
session_20260618_150720/frame_00146_151213_876.jpg,session_20260618_150720,train_data/session_20260618_150720/frame_00146_151213_876.jpg
session_20260618_150720/frame_00147_151215_878.jpg,session_20260618_150720,train_data/session_20260618_150720/frame_00147_151215_878.jpg
session_20260618_150720/frame_00148_151217_879.jpg,session_20260618_150720,train_data/session_20260618_150720/frame_00148_151217_879.jpg
session_20260618_150720/frame_00149_151219_881.jpg,session_20260618_150720,train_data/session_20260618_150720/frame_00149_151219_881.jpg
session_20260618_150720/frame_00150_151221_880.jpg,session_20260618_150720,train_data/session_20260618_150720/frame_00150_151221_880.jpg
session_20260618_150720/frame_00151_151223_883.jpg,session_20260618_150720,train_data/session_20260618_150720/frame_00151_151223_883.jpg
session_20260618_150720/frame_00152_151225_883.jpg,session_20260618_150720,train_data/session_20260618_150720/frame_00152_151225_883.jpg
session_20260618_150720/frame_00153_151227_885.jpg,session_20260618_150720,train_data/session_20260618_150720/frame_00153_151227_885.jpg
session_20260618_150720/frame_00154_151229_887.jpg,session_20260618_150720,train_data/session_20260618_150720/frame_00154_151229_887.jpg
session_20260618_150720/frame_00156_151233_890.jpg,session_20260618_150720,train_data/session_20260618_150720/frame_00156_151233_890.jpg
session_20260618_150720/frame_00160_151241_896.jpg,session_20260618_150720,train_data/session_20260618_150720/frame_00160_151241_896.jpg
session_20260618_150720/frame_00162_151245_898.jpg,session_20260618_150720,train_data/session_20260618_150720/frame_00162_151245_898.jpg
session_20260618_150720/frame_00163_151247_900.jpg,session_20260618_150720,train_data/session_20260618_150720/frame_00163_151247_900.jpg
session_20260618_150720/frame_00165_151251_903.jpg,session_20260618_150720,train_data/session_20260618_150720/frame_00165_151251_903.jpg
session_20260618_150720/frame_00167_151255_905.jpg,session_20260618_150720,train_data/session_20260618_150720/frame_00167_151255_905.jpg
session_20260618_150720/frame_00168_151257_907.jpg,session_20260618_150720,train_data/session_20260618_150720/frame_00168_151257_907.jpg
session_20260618_150720/frame_00169_151259_907.jpg,session_20260618_150720,train_data/session_20260618_150720/frame_00169_151259_907.jpg
session_20260618_150720/frame_00170_151301_910.jpg,session_20260618_150720,train_data/session_20260618_150720/frame_00170_151301_910.jpg
session_20260618_150720/frame_00171_151303_911.jpg,session_20260618_150720,train_data/session_20260618_150720/frame_00171_151303_911.jpg
session_20260618_150720/frame_00172_151305_912.jpg,session_20260618_150720,train_data/session_20260618_150720/frame_00172_151305_912.jpg
session_20260618_150720/frame_00173_151307_914.jpg,session_20260618_150720,train_data/session_20260618_150720/frame_00173_151307_914.jpg
session_20260618_150720/frame_00174_151309_948.jpg,session_20260618_150720,train_data/session_20260618_150720/frame_00174_151309_948.jpg
session_20260618_150720/frame_00176_151313_951.jpg,session_20260618_150720,train_data/session_20260618_150720/frame_00176_151313_951.jpg
session_20260618_150720/frame_00177_151315_952.jpg,session_20260618_150720,train_data/session_20260618_150720/frame_00177_151315_952.jpg
session_20260618_150720/frame_00178_151317_954.jpg,session_20260618_150720,train_data/session_20260618_150720/frame_00178_151317_954.jpg
session_20260618_150720/frame_00179_151319_955.jpg,session_20260618_150720,train_data/session_20260618_150720/frame_00179_151319_955.jpg
session_20260618_150720/frame_00180_151321_957.jpg,session_20260618_150720,train_data/session_20260618_150720/frame_00180_151321_957.jpg
session_20260618_150720/frame_00181_151323_958.jpg,session_20260618_150720,train_data/session_20260618_150720/frame_00181_151323_958.jpg
session_20260618_150720/frame_00183_151327_961.jpg,session_20260618_150720,train_data/session_20260618_150720/frame_00183_151327_961.jpg
session_20260618_150720/frame_00184_151329_962.jpg,session_20260618_150720,train_data/session_20260618_150720/frame_00184_151329_962.jpg
session_20260618_150720/frame_00185_151331_964.jpg,session_20260618_150720,train_data/session_20260618_150720/frame_00185_151331_964.jpg
session_20260618_150720/frame_00190_151341_971.jpg,session_20260618_150720,train_data/session_20260618_150720/frame_00190_151341_971.jpg
session_20260618_150720/frame_00191_151343_972.jpg,session_20260618_150720,train_data/session_20260618_150720/frame_00191_151343_972.jpg
session_20260618_150720/frame_00192_151345_973.jpg,session_20260618_150720,train_data/session_20260618_150720/frame_00192_151345_973.jpg
session_20260618_150720/frame_00195_151351_977.jpg,session_20260618_150720,train_data/session_20260618_150720/frame_00195_151351_977.jpg
session_20260618_150720/frame_00196_151353_979.jpg,session_20260618_150720,train_data/session_20260618_150720/frame_00196_151353_979.jpg
session_20260618_150720/frame_00197_151355_980.jpg,session_20260618_150720,train_data/session_20260618_150720/frame_00197_151355_980.jpg
session_20260618_150720/frame_00198_151357_982.jpg,session_20260618_150720,train_data/session_20260618_150720/frame_00198_151357_982.jpg
session_20260618_150720/frame_00199_151359_983.jpg,session_20260618_150720,train_data/session_20260618_150720/frame_00199_151359_983.jpg
session_20260618_150720/frame_00200_151401_985.jpg,session_20260618_150720,train_data/session_20260618_150720/frame_00200_151401_985.jpg
session_20260618_150720/frame_00201_151403_986.jpg,session_20260618_150720,train_data/session_20260618_150720/frame_00201_151403_986.jpg
session_20260618_150720/frame_00202_151405_987.jpg,session_20260618_150720,train_data/session_20260618_150720/frame_00202_151405_987.jpg
session_20260618_150720/frame_00203_151407_989.jpg,session_20260618_150720,train_data/session_20260618_150720/frame_00203_151407_989.jpg
session_20260618_150720/frame_00204_151409_990.jpg,session_20260618_150720,train_data/session_20260618_150720/frame_00204_151409_990.jpg
session_20260618_150720/frame_00205_151411_991.jpg,session_20260618_150720,train_data/session_20260618_150720/frame_00205_151411_991.jpg
session_20260618_150720/frame_00206_151413_993.jpg,session_20260618_150720,train_data/session_20260618_150720/frame_00206_151413_993.jpg
session_20260618_150720/frame_00207_151415_994.jpg,session_20260618_150720,train_data/session_20260618_150720/frame_00207_151415_994.jpg
session_20260618_150720/frame_00208_151417_996.jpg,session_20260618_150720,train_data/session_20260618_150720/frame_00208_151417_996.jpg
session_20260618_150720/frame_00209_151419_997.jpg,session_20260618_150720,train_data/session_20260618_150720/frame_00209_151419_997.jpg
session_20260618_150720/frame_00210_151421_999.jpg,session_20260618_150720,train_data/session_20260618_150720/frame_00210_151421_999.jpg
session_20260618_150720/frame_00211_151424_000.jpg,session_20260618_150720,train_data/session_20260618_150720/frame_00211_151424_000.jpg
session_20260618_150720/frame_00213_151428_002.jpg,session_20260618_150720,train_data/session_20260618_150720/frame_00213_151428_002.jpg
session_20260618_150720/frame_00214_151430_004.jpg,session_20260618_150720,train_data/session_20260618_150720/frame_00214_151430_004.jpg
session_20260618_150720/frame_00215_151432_005.jpg,session_20260618_150720,train_data/session_20260618_150720/frame_00215_151432_005.jpg
session_20260618_150720/frame_00218_151438_009.jpg,session_20260618_150720,train_data/session_20260618_150720/frame_00218_151438_009.jpg
session_20260618_150720/frame_00219_151440_011.jpg,session_20260618_150720,train_data/session_20260618_150720/frame_00219_151440_011.jpg
session_20260618_150720/frame_00220_151442_012.jpg,session_20260618_150720,train_data/session_20260618_150720/frame_00220_151442_012.jpg
session_20260618_150720/frame_00221_151444_013.jpg,session_20260618_150720,train_data/session_20260618_150720/frame_00221_151444_013.jpg
session_20260618_150720/frame_00223_151448_016.jpg,session_20260618_150720,train_data/session_20260618_150720/frame_00223_151448_016.jpg
session_20260618_150720/frame_00225_151452_019.jpg,session_20260618_150720,train_data/session_20260618_150720/frame_00225_151452_019.jpg
session_20260618_150720/frame_00226_151454_020.jpg,session_20260618_150720,train_data/session_20260618_150720/frame_00226_151454_020.jpg
session_20260618_150720/frame_00227_151456_022.jpg,session_20260618_150720,train_data/session_20260618_150720/frame_00227_151456_022.jpg
session_20260618_150720/frame_00228_151458_023.jpg,session_20260618_150720,train_data/session_20260618_150720/frame_00228_151458_023.jpg
session_20260618_150720/frame_00230_151502_026.jpg,session_20260618_150720,train_data/session_20260618_150720/frame_00230_151502_026.jpg
session_20260618_150720/frame_00234_151510_031.jpg,session_20260618_150720,train_data/session_20260618_150720/frame_00234_151510_031.jpg
session_20260618_150720/frame_00235_151512_033.jpg,session_20260618_150720,train_data/session_20260618_150720/frame_00235_151512_033.jpg
session_20260618_150720/frame_00236_151514_034.jpg,session_20260618_150720,train_data/session_20260618_150720/frame_00236_151514_034.jpg
session_20260618_150720/frame_00237_151516_036.jpg,session_20260618_150720,train_data/session_20260618_150720/frame_00237_151516_036.jpg
session_20260618_150720/frame_00238_151518_037.jpg,session_20260618_150720,train_data/session_20260618_150720/frame_00238_151518_037.jpg
session_20260618_150720/frame_00239_151520_038.jpg,session_20260618_150720,train_data/session_20260618_150720/frame_00239_151520_038.jpg
session_20260618_150720/frame_00241_151524_040.jpg,session_20260618_150720,train_data/session_20260618_150720/frame_00241_151524_040.jpg
session_20260618_150720/frame_00242_151526_042.jpg,session_20260618_150720,train_data/session_20260618_150720/frame_00242_151526_042.jpg
session_20260618_150720/frame_00244_151530_045.jpg,session_20260618_150720,train_data/session_20260618_150720/frame_00244_151530_045.jpg
session_20260618_150720/frame_00245_151532_046.jpg,session_20260618_150720,train_data/session_20260618_150720/frame_00245_151532_046.jpg
session_20260618_150720/frame_00246_151534_049.jpg,session_20260618_150720,train_data/session_20260618_150720/frame_00246_151534_049.jpg
session_20260618_150720/frame_00247_151536_049.jpg,session_20260618_150720,train_data/session_20260618_150720/frame_00247_151536_049.jpg
session_20260618_150720/frame_00248_151538_051.jpg,session_20260618_150720,train_data/session_20260618_150720/frame_00248_151538_051.jpg
session_20260618_150720/frame_00249_151540_052.jpg,session_20260618_150720,train_data/session_20260618_150720/frame_00249_151540_052.jpg
session_20260618_150720/frame_00250_151542_054.jpg,session_20260618_150720,train_data/session_20260618_150720/frame_00250_151542_054.jpg
session_20260618_150720/frame_00251_151544_055.jpg,session_20260618_150720,train_data/session_20260618_150720/frame_00251_151544_055.jpg
session_20260618_150720/frame_00252_151546_056.jpg,session_20260618_150720,train_data/session_20260618_150720/frame_00252_151546_056.jpg
session_20260618_150720/frame_00253_151548_058.jpg,session_20260618_150720,train_data/session_20260618_150720/frame_00253_151548_058.jpg
session_20260618_150720/frame_00254_151550_059.jpg,session_20260618_150720,train_data/session_20260618_150720/frame_00254_151550_059.jpg
session_20260618_150720/frame_00255_151552_060.jpg,session_20260618_150720,train_data/session_20260618_150720/frame_00255_151552_060.jpg
session_20260618_150720/frame_00256_151554_062.jpg,session_20260618_150720,train_data/session_20260618_150720/frame_00256_151554_062.jpg
session_20260618_150720/frame_00257_151556_063.jpg,session_20260618_150720,train_data/session_20260618_150720/frame_00257_151556_063.jpg
session_20260618_150720/frame_00258_151558_065.jpg,session_20260618_150720,train_data/session_20260618_150720/frame_00258_151558_065.jpg
session_20260618_150720/frame_00259_151600_066.jpg,session_20260618_150720,train_data/session_20260618_150720/frame_00259_151600_066.jpg
session_20260618_150720/frame_00260_151602_067.jpg,session_20260618_150720,train_data/session_20260618_150720/frame_00260_151602_067.jpg
session_20260618_150720/frame_00261_151604_069.jpg,session_20260618_150720,train_data/session_20260618_150720/frame_00261_151604_069.jpg
session_20260618_150720/frame_00262_151606_070.jpg,session_20260618_150720,train_data/session_20260618_150720/frame_00262_151606_070.jpg
session_20260618_150720/frame_00263_151608_071.jpg,session_20260618_150720,train_data/session_20260618_150720/frame_00263_151608_071.jpg
session_20260618_150720/frame_00265_151612_074.jpg,session_20260618_150720,train_data/session_20260618_150720/frame_00265_151612_074.jpg
session_20260618_150720/frame_00266_151614_076.jpg,session_20260618_150720,train_data/session_20260618_150720/frame_00266_151614_076.jpg
session_20260618_150720/frame_00267_151616_077.jpg,session_20260618_150720,train_data/session_20260618_150720/frame_00267_151616_077.jpg
session_20260618_150720/frame_00268_151618_078.jpg,session_20260618_150720,train_data/session_20260618_150720/frame_00268_151618_078.jpg
session_20260618_150720/frame_00269_151620_080.jpg,session_20260618_150720,train_data/session_20260618_150720/frame_00269_151620_080.jpg
session_20260618_150720/frame_00270_151622_081.jpg,session_20260618_150720,train_data/session_20260618_150720/frame_00270_151622_081.jpg
session_20260618_150720/frame_00271_151624_082.jpg,session_20260618_150720,train_data/session_20260618_150720/frame_00271_151624_082.jpg
session_20260618_150720/frame_00272_151626_084.jpg,session_20260618_150720,train_data/session_20260618_150720/frame_00272_151626_084.jpg
session_20260618_150720/frame_00273_151628_085.jpg,session_20260618_150720,train_data/session_20260618_150720/frame_00273_151628_085.jpg
session_20260618_150720/frame_00274_151630_087.jpg,session_20260618_150720,train_data/session_20260618_150720/frame_00274_151630_087.jpg
session_20260618_150720/frame_00275_151632_088.jpg,session_20260618_150720,train_data/session_20260618_150720/frame_00275_151632_088.jpg
session_20260618_150720/frame_00277_151636_091.jpg,session_20260618_150720,train_data/session_20260618_150720/frame_00277_151636_091.jpg
session_20260618_150720/frame_00278_151638_092.jpg,session_20260618_150720,train_data/session_20260618_150720/frame_00278_151638_092.jpg
session_20260618_150720/frame_00279_151640_094.jpg,session_20260618_150720,train_data/session_20260618_150720/frame_00279_151640_094.jpg
session_20260618_150720/frame_00280_151642_095.jpg,session_20260618_150720,train_data/session_20260618_150720/frame_00280_151642_095.jpg
session_20260618_150720/frame_00281_151644_096.jpg,session_20260618_150720,train_data/session_20260618_150720/frame_00281_151644_096.jpg
session_20260618_150720/frame_00282_151646_098.jpg,session_20260618_150720,train_data/session_20260618_150720/frame_00282_151646_098.jpg
session_20260618_150720/frame_00283_151648_100.jpg,session_20260618_150720,train_data/session_20260618_150720/frame_00283_151648_100.jpg
session_20260618_150720/frame_00284_151650_100.jpg,session_20260618_150720,train_data/session_20260618_150720/frame_00284_151650_100.jpg
session_20260618_150720/frame_00285_151652_102.jpg,session_20260618_150720,train_data/session_20260618_150720/frame_00285_151652_102.jpg
session_20260618_150720/frame_00286_151654_103.jpg,session_20260618_150720,train_data/session_20260618_150720/frame_00286_151654_103.jpg
session_20260618_150720/frame_00287_151656_105.jpg,session_20260618_150720,train_data/session_20260618_150720/frame_00287_151656_105.jpg
session_20260618_150720/frame_00288_151658_106.jpg,session_20260618_150720,train_data/session_20260618_150720/frame_00288_151658_106.jpg
session_20260618_150720/frame_00289_151700_107.jpg,session_20260618_150720,train_data/session_20260618_150720/frame_00289_151700_107.jpg
session_20260618_150720/frame_00290_151702_109.jpg,session_20260618_150720,train_data/session_20260618_150720/frame_00290_151702_109.jpg
session_20260618_150720/frame_00291_151704_110.jpg,session_20260618_150720,train_data/session_20260618_150720/frame_00291_151704_110.jpg
session_20260618_150720/frame_00292_151706_112.jpg,session_20260618_150720,train_data/session_20260618_150720/frame_00292_151706_112.jpg
session_20260618_150720/frame_00293_151708_113.jpg,session_20260618_150720,train_data/session_20260618_150720/frame_00293_151708_113.jpg
session_20260618_150720/frame_00294_151710_114.jpg,session_20260618_150720,train_data/session_20260618_150720/frame_00294_151710_114.jpg
session_20260618_150720/frame_00295_151712_116.jpg,session_20260618_150720,train_data/session_20260618_150720/frame_00295_151712_116.jpg
session_20260618_150720/frame_00296_151714_117.jpg,session_20260618_150720,train_data/session_20260618_150720/frame_00296_151714_117.jpg
session_20260618_150720/frame_00297_151716_119.jpg,session_20260618_150720,train_data/session_20260618_150720/frame_00297_151716_119.jpg
session_20260618_150720/frame_00298_151718_120.jpg,session_20260618_150720,train_data/session_20260618_150720/frame_00298_151718_120.jpg
session_20260618_150720/frame_00300_151722_123.jpg,session_20260618_150720,train_data/session_20260618_150720/frame_00300_151722_123.jpg
session_20260618_150720/frame_00301_151724_124.jpg,session_20260618_150720,train_data/session_20260618_150720/frame_00301_151724_124.jpg
session_20260618_150720/frame_00302_151726_126.jpg,session_20260618_150720,train_data/session_20260618_150720/frame_00302_151726_126.jpg
session_20260618_150720/frame_00303_151728_127.jpg,session_20260618_150720,train_data/session_20260618_150720/frame_00303_151728_127.jpg
session_20260618_150720/frame_00304_151730_128.jpg,session_20260618_150720,train_data/session_20260618_150720/frame_00304_151730_128.jpg
session_20260618_150720/frame_00305_151732_128.jpg,session_20260618_150720,train_data/session_20260618_150720/frame_00305_151732_128.jpg
session_20260618_150720/frame_00306_151734_129.jpg,session_20260618_150720,train_data/session_20260618_150720/frame_00306_151734_129.jpg
session_20260618_150720/frame_00307_151736_132.jpg,session_20260618_150720,train_data/session_20260618_150720/frame_00307_151736_132.jpg
session_20260618_150720/frame_00308_151738_134.jpg,session_20260618_150720,train_data/session_20260618_150720/frame_00308_151738_134.jpg
session_20260618_150720/frame_00309_151740_135.jpg,session_20260618_150720,train_data/session_20260618_150720/frame_00309_151740_135.jpg
session_20260618_150720/frame_00310_151742_137.jpg,session_20260618_150720,train_data/session_20260618_150720/frame_00310_151742_137.jpg
session_20260618_150720/frame_00311_151744_138.jpg,session_20260618_150720,train_data/session_20260618_150720/frame_00311_151744_138.jpg
session_20260618_150720/frame_00313_151748_141.jpg,session_20260618_150720,train_data/session_20260618_150720/frame_00313_151748_141.jpg
session_20260618_150720/frame_00314_151750_142.jpg,session_20260618_150720,train_data/session_20260618_150720/frame_00314_151750_142.jpg
session_20260618_150720/frame_00315_151752_143.jpg,session_20260618_150720,train_data/session_20260618_150720/frame_00315_151752_143.jpg
session_20260618_150720/frame_00316_151754_145.jpg,session_20260618_150720,train_data/session_20260618_150720/frame_00316_151754_145.jpg
session_20260618_150720/frame_00317_151756_146.jpg,session_20260618_150720,train_data/session_20260618_150720/frame_00317_151756_146.jpg
session_20260618_150720/frame_00318_151758_147.jpg,session_20260618_150720,train_data/session_20260618_150720/frame_00318_151758_147.jpg
session_20260618_150720/frame_00319_151800_149.jpg,session_20260618_150720,train_data/session_20260618_150720/frame_00319_151800_149.jpg
session_20260618_150720/frame_00320_151802_151.jpg,session_20260618_150720,train_data/session_20260618_150720/frame_00320_151802_151.jpg
session_20260618_150720/frame_00321_151804_152.jpg,session_20260618_150720,train_data/session_20260618_150720/frame_00321_151804_152.jpg
session_20260618_150720/frame_00322_151806_153.jpg,session_20260618_150720,train_data/session_20260618_150720/frame_00322_151806_153.jpg
session_20260618_150720/frame_00323_151808_155.jpg,session_20260618_150720,train_data/session_20260618_150720/frame_00323_151808_155.jpg
session_20260618_150720/frame_00324_151810_156.jpg,session_20260618_150720,train_data/session_20260618_150720/frame_00324_151810_156.jpg
session_20260618_150720/frame_00325_151812_157.jpg,session_20260618_150720,train_data/session_20260618_150720/frame_00325_151812_157.jpg
session_20260618_150720/frame_00326_151814_159.jpg,session_20260618_150720,train_data/session_20260618_150720/frame_00326_151814_159.jpg
session_20260618_150720/frame_00327_151816_160.jpg,session_20260618_150720,train_data/session_20260618_150720/frame_00327_151816_160.jpg
session_20260618_150720/frame_00328_151818_161.jpg,session_20260618_150720,train_data/session_20260618_150720/frame_00328_151818_161.jpg
session_20260618_150720/frame_00329_151820_163.jpg,session_20260618_150720,train_data/session_20260618_150720/frame_00329_151820_163.jpg
session_20260618_150720/frame_00330_151822_164.jpg,session_20260618_150720,train_data/session_20260618_150720/frame_00330_151822_164.jpg
session_20260618_150720/frame_00331_151824_166.jpg,session_20260618_150720,train_data/session_20260618_150720/frame_00331_151824_166.jpg
session_20260618_150720/frame_00332_151826_167.jpg,session_20260618_150720,train_data/session_20260618_150720/frame_00332_151826_167.jpg
session_20260618_150720/frame_00333_151828_168.jpg,session_20260618_150720,train_data/session_20260618_150720/frame_00333_151828_168.jpg
session_20260618_150720/frame_00334_151830_170.jpg,session_20260618_150720,train_data/session_20260618_150720/frame_00334_151830_170.jpg
session_20260618_150720/frame_00335_151832_171.jpg,session_20260618_150720,train_data/session_20260618_150720/frame_00335_151832_171.jpg
session_20260618_150720/frame_00336_151834_172.jpg,session_20260618_150720,train_data/session_20260618_150720/frame_00336_151834_172.jpg
session_20260618_150720/frame_00337_151836_174.jpg,session_20260618_150720,train_data/session_20260618_150720/frame_00337_151836_174.jpg
session_20260618_150720/frame_00338_151838_176.jpg,session_20260618_150720,train_data/session_20260618_150720/frame_00338_151838_176.jpg
session_20260618_150720/frame_00340_151842_178.jpg,session_20260618_150720,train_data/session_20260618_150720/frame_00340_151842_178.jpg
session_20260618_150720/frame_00341_151844_179.jpg,session_20260618_150720,train_data/session_20260618_150720/frame_00341_151844_179.jpg
session_20260618_150720/frame_00342_151846_181.jpg,session_20260618_150720,train_data/session_20260618_150720/frame_00342_151846_181.jpg
session_20260618_150720/frame_00343_151848_182.jpg,session_20260618_150720,train_data/session_20260618_150720/frame_00343_151848_182.jpg
session_20260618_150720/frame_00344_151850_184.jpg,session_20260618_150720,train_data/session_20260618_150720/frame_00344_151850_184.jpg
session_20260618_150720/frame_00345_151852_185.jpg,session_20260618_150720,train_data/session_20260618_150720/frame_00345_151852_185.jpg
session_20260618_150720/frame_00346_151854_186.jpg,session_20260618_150720,train_data/session_20260618_150720/frame_00346_151854_186.jpg
session_20260618_150720/frame_00347_151856_188.jpg,session_20260618_150720,train_data/session_20260618_150720/frame_00347_151856_188.jpg
session_20260618_150720/frame_00348_151858_189.jpg,session_20260618_150720,train_data/session_20260618_150720/frame_00348_151858_189.jpg
session_20260618_150720/frame_00349_151900_191.jpg,session_20260618_150720,train_data/session_20260618_150720/frame_00349_151900_191.jpg
session_20260618_150720/frame_00350_151902_192.jpg,session_20260618_150720,train_data/session_20260618_150720/frame_00350_151902_192.jpg
session_20260618_150720/frame_00351_151904_193.jpg,session_20260618_150720,train_data/session_20260618_150720/frame_00351_151904_193.jpg
session_20260618_150720/frame_00352_151906_194.jpg,session_20260618_150720,train_data/session_20260618_150720/frame_00352_151906_194.jpg
session_20260618_150720/frame_00353_151908_196.jpg,session_20260618_150720,train_data/session_20260618_150720/frame_00353_151908_196.jpg
session_20260618_150720/frame_00355_151912_199.jpg,session_20260618_150720,train_data/session_20260618_150720/frame_00355_151912_199.jpg
session_20260618_150720/frame_00356_151914_200.jpg,session_20260618_150720,train_data/session_20260618_150720/frame_00356_151914_200.jpg
session_20260618_150720/frame_00357_151916_202.jpg,session_20260618_150720,train_data/session_20260618_150720/frame_00357_151916_202.jpg
session_20260618_150720/frame_00358_151918_203.jpg,session_20260618_150720,train_data/session_20260618_150720/frame_00358_151918_203.jpg
session_20260618_150720/frame_00359_151920_204.jpg,session_20260618_150720,train_data/session_20260618_150720/frame_00359_151920_204.jpg
session_20260618_150720/frame_00360_151922_206.jpg,session_20260618_150720,train_data/session_20260618_150720/frame_00360_151922_206.jpg
session_20260618_150720/frame_00361_151924_207.jpg,session_20260618_150720,train_data/session_20260618_150720/frame_00361_151924_207.jpg
session_20260618_150720/frame_00362_151926_209.jpg,session_20260618_150720,train_data/session_20260618_150720/frame_00362_151926_209.jpg
session_20260618_150720/frame_00363_151928_210.jpg,session_20260618_150720,train_data/session_20260618_150720/frame_00363_151928_210.jpg
session_20260618_150720/frame_00364_151930_211.jpg,session_20260618_150720,train_data/session_20260618_150720/frame_00364_151930_211.jpg
session_20260618_150720/frame_00365_151932_212.jpg,session_20260618_150720,train_data/session_20260618_150720/frame_00365_151932_212.jpg
session_20260618_150720/frame_00366_151934_214.jpg,session_20260618_150720,train_data/session_20260618_150720/frame_00366_151934_214.jpg
session_20260618_150720/frame_00368_151938_217.jpg,session_20260618_150720,train_data/session_20260618_150720/frame_00368_151938_217.jpg
session_20260618_150720/frame_00369_151940_218.jpg,session_20260618_150720,train_data/session_20260618_150720/frame_00369_151940_218.jpg
session_20260618_150720/frame_00370_151942_219.jpg,session_20260618_150720,train_data/session_20260618_150720/frame_00370_151942_219.jpg
session_20260618_150720/frame_00371_151944_221.jpg,session_20260618_150720,train_data/session_20260618_150720/frame_00371_151944_221.jpg
session_20260618_150720/frame_00372_151946_222.jpg,session_20260618_150720,train_data/session_20260618_150720/frame_00372_151946_222.jpg
session_20260618_150720/frame_00373_151948_223.jpg,session_20260618_150720,train_data/session_20260618_150720/frame_00373_151948_223.jpg
session_20260618_150720/frame_00374_151950_225.jpg,session_20260618_150720,train_data/session_20260618_150720/frame_00374_151950_225.jpg
session_20260618_150720/frame_00375_151952_226.jpg,session_20260618_150720,train_data/session_20260618_150720/frame_00375_151952_226.jpg
session_20260618_150720/frame_00376_151954_228.jpg,session_20260618_150720,train_data/session_20260618_150720/frame_00376_151954_228.jpg
session_20260618_150720/frame_00377_151956_229.jpg,session_20260618_150720,train_data/session_20260618_150720/frame_00377_151956_229.jpg
session_20260618_150720/frame_00378_151958_230.jpg,session_20260618_150720,train_data/session_20260618_150720/frame_00378_151958_230.jpg
session_20260618_150720/frame_00380_152002_234.jpg,session_20260618_150720,train_data/session_20260618_150720/frame_00380_152002_234.jpg
session_20260618_150720/frame_00381_152004_235.jpg,session_20260618_150720,train_data/session_20260618_150720/frame_00381_152004_235.jpg
session_20260618_150720/frame_00382_152006_236.jpg,session_20260618_150720,train_data/session_20260618_150720/frame_00382_152006_236.jpg
session_20260618_150720/frame_00383_152008_237.jpg,session_20260618_150720,train_data/session_20260618_150720/frame_00383_152008_237.jpg
session_20260618_150720/frame_00387_152016_243.jpg,session_20260618_150720,train_data/session_20260618_150720/frame_00387_152016_243.jpg
session_20260618_150720/frame_00388_152018_245.jpg,session_20260618_150720,train_data/session_20260618_150720/frame_00388_152018_245.jpg
session_20260618_150720/frame_00389_152020_247.jpg,session_20260618_150720,train_data/session_20260618_150720/frame_00389_152020_247.jpg
session_20260618_150720/frame_00390_152022_247.jpg,session_20260618_150720,train_data/session_20260618_150720/frame_00390_152022_247.jpg
session_20260618_150720/frame_00391_152024_248.jpg,session_20260618_150720,train_data/session_20260618_150720/frame_00391_152024_248.jpg
session_20260618_150720/frame_00392_152026_250.jpg,session_20260618_150720,train_data/session_20260618_150720/frame_00392_152026_250.jpg
session_20260618_150720/frame_00393_152028_251.jpg,session_20260618_150720,train_data/session_20260618_150720/frame_00393_152028_251.jpg
session_20260618_150720/frame_00394_152030_253.jpg,session_20260618_150720,train_data/session_20260618_150720/frame_00394_152030_253.jpg
session_20260702_170249/frame_00000_170250_126.jpg,session_20260702_170249,train_data/session_20260702_170249/frame_00000_170250_126.jpg
session_20260702_170249/frame_00001_170253_111.jpg,session_20260702_170249,train_data/session_20260702_170249/frame_00001_170253_111.jpg
session_20260702_170249/frame_00002_170256_113.jpg,session_20260702_170249,train_data/session_20260702_170249/frame_00002_170256_113.jpg
session_20260702_170249/frame_00003_170259_115.jpg,session_20260702_170249,train_data/session_20260702_170249/frame_00003_170259_115.jpg
session_20260702_170249/frame_00004_170302_117.jpg,session_20260702_170249,train_data/session_20260702_170249/frame_00004_170302_117.jpg
session_20260702_170249/frame_00005_170305_120.jpg,session_20260702_170249,train_data/session_20260702_170249/frame_00005_170305_120.jpg
session_20260702_170249/frame_00006_170308_122.jpg,session_20260702_170249,train_data/session_20260702_170249/frame_00006_170308_122.jpg
session_20260702_170249/frame_00009_170317_128.jpg,session_20260702_170249,train_data/session_20260702_170249/frame_00009_170317_128.jpg
session_20260702_170249/frame_00010_170320_131.jpg,session_20260702_170249,train_data/session_20260702_170249/frame_00010_170320_131.jpg
session_20260702_170249/frame_00011_170323_133.jpg,session_20260702_170249,train_data/session_20260702_170249/frame_00011_170323_133.jpg
session_20260702_170249/frame_00012_170326_135.jpg,session_20260702_170249,train_data/session_20260702_170249/frame_00012_170326_135.jpg
session_20260702_170249/frame_00013_170329_136.jpg,session_20260702_170249,train_data/session_20260702_170249/frame_00013_170329_136.jpg
session_20260702_170249/frame_00014_170332_139.jpg,session_20260702_170249,train_data/session_20260702_170249/frame_00014_170332_139.jpg
session_20260702_170249/frame_00015_170335_142.jpg,session_20260702_170249,train_data/session_20260702_170249/frame_00015_170335_142.jpg
session_20260702_170249/frame_00016_170338_145.jpg,session_20260702_170249,train_data/session_20260702_170249/frame_00016_170338_145.jpg
session_20260702_170249/frame_00017_170341_145.jpg,session_20260702_170249,train_data/session_20260702_170249/frame_00017_170341_145.jpg
session_20260702_170249/frame_00018_170344_147.jpg,session_20260702_170249,train_data/session_20260702_170249/frame_00018_170344_147.jpg
session_20260702_170249/frame_00019_170347_149.jpg,session_20260702_170249,train_data/session_20260702_170249/frame_00019_170347_149.jpg
session_20260702_170249/frame_00020_170350_152.jpg,session_20260702_170249,train_data/session_20260702_170249/frame_00020_170350_152.jpg
session_20260702_170249/frame_00021_170353_153.jpg,session_20260702_170249,train_data/session_20260702_170249/frame_00021_170353_153.jpg
session_20260702_170249/frame_00022_170356_156.jpg,session_20260702_170249,train_data/session_20260702_170249/frame_00022_170356_156.jpg
session_20260702_170249/frame_00023_170359_162.jpg,session_20260702_170249,train_data/session_20260702_170249/frame_00023_170359_162.jpg
session_20260702_170249/frame_00024_170402_194.jpg,session_20260702_170249,train_data/session_20260702_170249/frame_00024_170402_194.jpg
session_20260702_170249/frame_00025_170405_195.jpg,session_20260702_170249,train_data/session_20260702_170249/frame_00025_170405_195.jpg
session_20260702_170249/frame_00026_170408_199.jpg,session_20260702_170249,train_data/session_20260702_170249/frame_00026_170408_199.jpg
session_20260702_170249/frame_00027_170411_200.jpg,session_20260702_170249,train_data/session_20260702_170249/frame_00027_170411_200.jpg
session_20260702_170249/frame_00028_170414_203.jpg,session_20260702_170249,train_data/session_20260702_170249/frame_00028_170414_203.jpg
session_20260702_170249/frame_00029_170417_206.jpg,session_20260702_170249,train_data/session_20260702_170249/frame_00029_170417_206.jpg
session_20260702_170249/frame_00030_170420_207.jpg,session_20260702_170249,train_data/session_20260702_170249/frame_00030_170420_207.jpg
session_20260702_170249/frame_00031_170423_210.jpg,session_20260702_170249,train_data/session_20260702_170249/frame_00031_170423_210.jpg
session_20260702_170249/frame_00032_170426_212.jpg,session_20260702_170249,train_data/session_20260702_170249/frame_00032_170426_212.jpg
session_20260702_170249/frame_00033_170429_213.jpg,session_20260702_170249,train_data/session_20260702_170249/frame_00033_170429_213.jpg
session_20260702_170249/frame_00034_170432_215.jpg,session_20260702_170249,train_data/session_20260702_170249/frame_00034_170432_215.jpg
session_20260702_170249/frame_00035_170435_221.jpg,session_20260702_170249,train_data/session_20260702_170249/frame_00035_170435_221.jpg
session_20260702_170249/frame_00036_170438_222.jpg,session_20260702_170249,train_data/session_20260702_170249/frame_00036_170438_222.jpg
session_20260702_170249/frame_00037_170441_256.jpg,session_20260702_170249,train_data/session_20260702_170249/frame_00037_170441_256.jpg
session_20260702_170249/frame_00038_170444_259.jpg,session_20260702_170249,train_data/session_20260702_170249/frame_00038_170444_259.jpg
session_20260702_170249/frame_00039_170447_259.jpg,session_20260702_170249,train_data/session_20260702_170249/frame_00039_170447_259.jpg
session_20260702_170249/frame_00040_170450_262.jpg,session_20260702_170249,train_data/session_20260702_170249/frame_00040_170450_262.jpg
session_20260702_170249/frame_00041_170453_263.jpg,session_20260702_170249,train_data/session_20260702_170249/frame_00041_170453_263.jpg
session_20260702_170249/frame_00042_170456_266.jpg,session_20260702_170249,train_data/session_20260702_170249/frame_00042_170456_266.jpg
session_20260702_170249/frame_00043_170459_269.jpg,session_20260702_170249,train_data/session_20260702_170249/frame_00043_170459_269.jpg
session_20260702_170249/frame_00044_170502_270.jpg,session_20260702_170249,train_data/session_20260702_170249/frame_00044_170502_270.jpg
session_20260702_170249/frame_00045_170505_273.jpg,session_20260702_170249,train_data/session_20260702_170249/frame_00045_170505_273.jpg
session_20260702_170249/frame_00046_170508_275.jpg,session_20260702_170249,train_data/session_20260702_170249/frame_00046_170508_275.jpg
session_20260702_170249/frame_00047_170511_277.jpg,session_20260702_170249,train_data/session_20260702_170249/frame_00047_170511_277.jpg
session_20260702_170249/frame_00048_170514_279.jpg,session_20260702_170249,train_data/session_20260702_170249/frame_00048_170514_279.jpg
session_20260702_170249/frame_00049_170517_282.jpg,session_20260702_170249,train_data/session_20260702_170249/frame_00049_170517_282.jpg
session_20260702_170249/frame_00050_170520_283.jpg,session_20260702_170249,train_data/session_20260702_170249/frame_00050_170520_283.jpg
session_20260702_170249/frame_00051_170523_286.jpg,session_20260702_170249,train_data/session_20260702_170249/frame_00051_170523_286.jpg
session_20260702_170249/frame_00052_170526_288.jpg,session_20260702_170249,train_data/session_20260702_170249/frame_00052_170526_288.jpg
session_20260702_170249/frame_00053_170529_289.jpg,session_20260702_170249,train_data/session_20260702_170249/frame_00053_170529_289.jpg
session_20260702_170249/frame_00054_170532_292.jpg,session_20260702_170249,train_data/session_20260702_170249/frame_00054_170532_292.jpg
session_20260702_170249/frame_00055_170535_294.jpg,session_20260702_170249,train_data/session_20260702_170249/frame_00055_170535_294.jpg
session_20260702_170249/frame_00056_170538_297.jpg,session_20260702_170249,train_data/session_20260702_170249/frame_00056_170538_297.jpg
session_20260702_170249/frame_00057_170541_299.jpg,session_20260702_170249,train_data/session_20260702_170249/frame_00057_170541_299.jpg
session_20260702_170249/frame_00058_170544_302.jpg,session_20260702_170249,train_data/session_20260702_170249/frame_00058_170544_302.jpg
session_20260702_170249/frame_00059_170547_303.jpg,session_20260702_170249,train_data/session_20260702_170249/frame_00059_170547_303.jpg
session_20260702_170249/frame_00060_170550_305.jpg,session_20260702_170249,train_data/session_20260702_170249/frame_00060_170550_305.jpg
session_20260702_170249/frame_00061_170553_312.jpg,session_20260702_170249,train_data/session_20260702_170249/frame_00061_170553_312.jpg
session_20260702_170249/frame_00062_170556_342.jpg,session_20260702_170249,train_data/session_20260702_170249/frame_00062_170556_342.jpg
session_20260702_170249/frame_00063_170559_344.jpg,session_20260702_170249,train_data/session_20260702_170249/frame_00063_170559_344.jpg
session_20260702_170249/frame_00064_170602_347.jpg,session_20260702_170249,train_data/session_20260702_170249/frame_00064_170602_347.jpg
session_20260702_170249/frame_00065_170605_350.jpg,session_20260702_170249,train_data/session_20260702_170249/frame_00065_170605_350.jpg
session_20260702_170249/frame_00066_170608_353.jpg,session_20260702_170249,train_data/session_20260702_170249/frame_00066_170608_353.jpg
session_20260702_170249/frame_00067_170611_354.jpg,session_20260702_170249,train_data/session_20260702_170249/frame_00067_170611_354.jpg
session_20260702_170249/frame_00068_170614_357.jpg,session_20260702_170249,train_data/session_20260702_170249/frame_00068_170614_357.jpg
session_20260702_170249/frame_00069_170617_358.jpg,session_20260702_170249,train_data/session_20260702_170249/frame_00069_170617_358.jpg
session_20260702_170249/frame_00088_170714_399.jpg,session_20260702_170249,train_data/session_20260702_170249/frame_00088_170714_399.jpg
session_20260702_170249/frame_00090_170720_403.jpg,session_20260702_170249,train_data/session_20260702_170249/frame_00090_170720_403.jpg
session_20260702_170249/frame_00091_170723_405.jpg,session_20260702_170249,train_data/session_20260702_170249/frame_00091_170723_405.jpg
session_20260702_170249/frame_00092_170726_407.jpg,session_20260702_170249,train_data/session_20260702_170249/frame_00092_170726_407.jpg
session_20260702_170249/frame_00093_170729_410.jpg,session_20260702_170249,train_data/session_20260702_170249/frame_00093_170729_410.jpg
session_20260702_170249/frame_00094_170732_412.jpg,session_20260702_170249,train_data/session_20260702_170249/frame_00094_170732_412.jpg
session_20260702_170249/frame_00095_170735_414.jpg,session_20260702_170249,train_data/session_20260702_170249/frame_00095_170735_414.jpg
session_20260702_170249/frame_00096_170738_416.jpg,session_20260702_170249,train_data/session_20260702_170249/frame_00096_170738_416.jpg
session_20260702_170249/frame_00097_170741_418.jpg,session_20260702_170249,train_data/session_20260702_170249/frame_00097_170741_418.jpg
session_20260702_170249/frame_00098_170744_422.jpg,session_20260702_170249,train_data/session_20260702_170249/frame_00098_170744_422.jpg
session_20260702_170249/frame_00099_170747_424.jpg,session_20260702_170249,train_data/session_20260702_170249/frame_00099_170747_424.jpg
session_20260702_170249/frame_00100_170750_425.jpg,session_20260702_170249,train_data/session_20260702_170249/frame_00100_170750_425.jpg
session_20260702_170249/frame_00101_170753_427.jpg,session_20260702_170249,train_data/session_20260702_170249/frame_00101_170753_427.jpg
session_20260702_170249/frame_00102_170756_431.jpg,session_20260702_170249,train_data/session_20260702_170249/frame_00102_170756_431.jpg
session_20260702_170249/frame_00103_170759_432.jpg,session_20260702_170249,train_data/session_20260702_170249/frame_00103_170759_432.jpg
session_20260702_170249/frame_00104_170802_433.jpg,session_20260702_170249,train_data/session_20260702_170249/frame_00104_170802_433.jpg
session_20260702_170249/frame_00105_170805_436.jpg,session_20260702_170249,train_data/session_20260702_170249/frame_00105_170805_436.jpg
session_20260702_170249/frame_00106_170808_439.jpg,session_20260702_170249,train_data/session_20260702_170249/frame_00106_170808_439.jpg
session_20260702_170249/frame_00107_170811_440.jpg,session_20260702_170249,train_data/session_20260702_170249/frame_00107_170811_440.jpg
session_20260702_170249/frame_00108_170814_445.jpg,session_20260702_170249,train_data/session_20260702_170249/frame_00108_170814_445.jpg
session_20260702_170249/frame_00109_170817_444.jpg,session_20260702_170249,train_data/session_20260702_170249/frame_00109_170817_444.jpg
session_20260702_170249/frame_00110_170820_447.jpg,session_20260702_170249,train_data/session_20260702_170249/frame_00110_170820_447.jpg
session_20260702_170249/frame_00111_170823_449.jpg,session_20260702_170249,train_data/session_20260702_170249/frame_00111_170823_449.jpg
session_20260702_170249/frame_00112_170826_451.jpg,session_20260702_170249,train_data/session_20260702_170249/frame_00112_170826_451.jpg
session_20260702_170249/frame_00113_170829_454.jpg,session_20260702_170249,train_data/session_20260702_170249/frame_00113_170829_454.jpg
session_20260702_170249/frame_00114_170832_456.jpg,session_20260702_170249,train_data/session_20260702_170249/frame_00114_170832_456.jpg
session_20260702_170249/frame_00115_170835_459.jpg,session_20260702_170249,train_data/session_20260702_170249/frame_00115_170835_459.jpg
session_20260702_170249/frame_00116_170838_460.jpg,session_20260702_170249,train_data/session_20260702_170249/frame_00116_170838_460.jpg
session_20260702_170249/frame_00117_170841_462.jpg,session_20260702_170249,train_data/session_20260702_170249/frame_00117_170841_462.jpg
session_20260702_170249/frame_00118_170844_465.jpg,session_20260702_170249,train_data/session_20260702_170249/frame_00118_170844_465.jpg
session_20260702_170249/frame_00119_170847_467.jpg,session_20260702_170249,train_data/session_20260702_170249/frame_00119_170847_467.jpg
session_20260702_170249/frame_00120_170850_468.jpg,session_20260702_170249,train_data/session_20260702_170249/frame_00120_170850_468.jpg
session_20260702_170249/frame_00121_170853_472.jpg,session_20260702_170249,train_data/session_20260702_170249/frame_00121_170853_472.jpg
session_20260702_170249/frame_00122_170856_473.jpg,session_20260702_170249,train_data/session_20260702_170249/frame_00122_170856_473.jpg
session_20260702_170249/frame_00123_170859_476.jpg,session_20260702_170249,train_data/session_20260702_170249/frame_00123_170859_476.jpg
session_20260702_170249/frame_00124_170902_478.jpg,session_20260702_170249,train_data/session_20260702_170249/frame_00124_170902_478.jpg
session_20260702_170249/frame_00129_170917_488.jpg,session_20260702_170249,train_data/session_20260702_170249/frame_00129_170917_488.jpg
session_20260702_170249/frame_00130_170920_490.jpg,session_20260702_170249,train_data/session_20260702_170249/frame_00130_170920_490.jpg
session_20260702_170249/frame_00131_170923_493.jpg,session_20260702_170249,train_data/session_20260702_170249/frame_00131_170923_493.jpg
session_20260702_170249/frame_00132_170926_495.jpg,session_20260702_170249,train_data/session_20260702_170249/frame_00132_170926_495.jpg
session_20260702_170249/frame_00133_170929_498.jpg,session_20260702_170249,train_data/session_20260702_170249/frame_00133_170929_498.jpg
session_20260702_170249/frame_00134_170932_499.jpg,session_20260702_170249,train_data/session_20260702_170249/frame_00134_170932_499.jpg
session_20260702_170249/frame_00135_170935_501.jpg,session_20260702_170249,train_data/session_20260702_170249/frame_00135_170935_501.jpg
session_20260702_170249/frame_00136_170938_503.jpg,session_20260702_170249,train_data/session_20260702_170249/frame_00136_170938_503.jpg
session_20260702_170249/frame_00137_170941_506.jpg,session_20260702_170249,train_data/session_20260702_170249/frame_00137_170941_506.jpg
session_20260702_170249/frame_00138_170944_507.jpg,session_20260702_170249,train_data/session_20260702_170249/frame_00138_170944_507.jpg
session_20260702_170249/frame_00139_170947_509.jpg,session_20260702_170249,train_data/session_20260702_170249/frame_00139_170947_509.jpg
session_20260702_170249/frame_00140_170950_514.jpg,session_20260702_170249,train_data/session_20260702_170249/frame_00140_170950_514.jpg
session_20260702_170249/frame_00141_170953_547.jpg,session_20260702_170249,train_data/session_20260702_170249/frame_00141_170953_547.jpg
session_20260702_170249/frame_00142_170956_550.jpg,session_20260702_170249,train_data/session_20260702_170249/frame_00142_170956_550.jpg
session_20260702_170249/frame_00143_170959_552.jpg,session_20260702_170249,train_data/session_20260702_170249/frame_00143_170959_552.jpg
session_20260702_170249/frame_00144_171002_553.jpg,session_20260702_170249,train_data/session_20260702_170249/frame_00144_171002_553.jpg
session_20260702_170249/frame_00145_171005_556.jpg,session_20260702_170249,train_data/session_20260702_170249/frame_00145_171005_556.jpg
session_20260702_170249/frame_00146_171008_558.jpg,session_20260702_170249,train_data/session_20260702_170249/frame_00146_171008_558.jpg
session_20260702_170249/frame_00147_171011_560.jpg,session_20260702_170249,train_data/session_20260702_170249/frame_00147_171011_560.jpg
session_20260702_170249/frame_00148_171014_563.jpg,session_20260702_170249,train_data/session_20260702_170249/frame_00148_171014_563.jpg
session_20260702_170249/frame_00149_171017_565.jpg,session_20260702_170249,train_data/session_20260702_170249/frame_00149_171017_565.jpg
session_20260702_170249/frame_00150_171020_567.jpg,session_20260702_170249,train_data/session_20260702_170249/frame_00150_171020_567.jpg
session_20260702_170249/frame_00151_171023_570.jpg,session_20260702_170249,train_data/session_20260702_170249/frame_00151_171023_570.jpg
session_20260702_170249/frame_00152_171026_572.jpg,session_20260702_170249,train_data/session_20260702_170249/frame_00152_171026_572.jpg
session_20260702_170249/frame_00153_171029_573.jpg,session_20260702_170249,train_data/session_20260702_170249/frame_00153_171029_573.jpg
session_20260702_170249/frame_00154_171032_576.jpg,session_20260702_170249,train_data/session_20260702_170249/frame_00154_171032_576.jpg
session_20260702_170249/frame_00155_171035_578.jpg,session_20260702_170249,train_data/session_20260702_170249/frame_00155_171035_578.jpg
session_20260702_170249/frame_00156_171038_580.jpg,session_20260702_170249,train_data/session_20260702_170249/frame_00156_171038_580.jpg
session_20260702_170249/frame_00157_171041_582.jpg,session_20260702_170249,train_data/session_20260702_170249/frame_00157_171041_582.jpg
session_20260702_170249/frame_00158_171044_584.jpg,session_20260702_170249,train_data/session_20260702_170249/frame_00158_171044_584.jpg
session_20260702_170249/frame_00159_171047_587.jpg,session_20260702_170249,train_data/session_20260702_170249/frame_00159_171047_587.jpg
session_20260702_170249/frame_00160_171050_589.jpg,session_20260702_170249,train_data/session_20260702_170249/frame_00160_171050_589.jpg
session_20260702_170249/frame_00161_171053_591.jpg,session_20260702_170249,train_data/session_20260702_170249/frame_00161_171053_591.jpg
session_20260702_170249/frame_00162_171056_595.jpg,session_20260702_170249,train_data/session_20260702_170249/frame_00162_171056_595.jpg
session_20260702_170249/frame_00163_171059_594.jpg,session_20260702_170249,train_data/session_20260702_170249/frame_00163_171059_594.jpg
session_20260702_170249/frame_00164_171102_598.jpg,session_20260702_170249,train_data/session_20260702_170249/frame_00164_171102_598.jpg
session_20260702_170249/frame_00165_171105_600.jpg,session_20260702_170249,train_data/session_20260702_170249/frame_00165_171105_600.jpg
session_20260702_170249/frame_00166_171108_601.jpg,session_20260702_170249,train_data/session_20260702_170249/frame_00166_171108_601.jpg
session_20260702_170249/frame_00167_171111_603.jpg,session_20260702_170249,train_data/session_20260702_170249/frame_00167_171111_603.jpg
session_20260702_170249/frame_00168_171114_606.jpg,session_20260702_170249,train_data/session_20260702_170249/frame_00168_171114_606.jpg
session_20260702_170249/frame_00169_171117_608.jpg,session_20260702_170249,train_data/session_20260702_170249/frame_00169_171117_608.jpg
session_20260702_170249/frame_00170_171120_611.jpg,session_20260702_170249,train_data/session_20260702_170249/frame_00170_171120_611.jpg
session_20260702_170249/frame_00171_171123_613.jpg,session_20260702_170249,train_data/session_20260702_170249/frame_00171_171123_613.jpg
session_20260702_170249/frame_00172_171126_615.jpg,session_20260702_170249,train_data/session_20260702_170249/frame_00172_171126_615.jpg
session_20260702_170249/frame_00173_171129_616.jpg,session_20260702_170249,train_data/session_20260702_170249/frame_00173_171129_616.jpg
session_20260702_170249/frame_00174_171132_618.jpg,session_20260702_170249,train_data/session_20260702_170249/frame_00174_171132_618.jpg
session_20260702_170249/frame_00175_171135_621.jpg,session_20260702_170249,train_data/session_20260702_170249/frame_00175_171135_621.jpg
session_20260702_170249/frame_00176_171138_624.jpg,session_20260702_170249,train_data/session_20260702_170249/frame_00176_171138_624.jpg
session_20260702_170249/frame_00177_171141_626.jpg,session_20260702_170249,train_data/session_20260702_170249/frame_00177_171141_626.jpg
session_20260702_170249/frame_00178_171144_628.jpg,session_20260702_170249,train_data/session_20260702_170249/frame_00178_171144_628.jpg
session_20260702_170249/frame_00179_171147_630.jpg,session_20260702_170249,train_data/session_20260702_170249/frame_00179_171147_630.jpg
session_20260702_170249/frame_00180_171150_631.jpg,session_20260702_170249,train_data/session_20260702_170249/frame_00180_171150_631.jpg
session_20260702_170249/frame_00181_171153_634.jpg,session_20260702_170249,train_data/session_20260702_170249/frame_00181_171153_634.jpg
session_20260702_170249/frame_00182_171156_636.jpg,session_20260702_170249,train_data/session_20260702_170249/frame_00182_171156_636.jpg
session_20260702_170249/frame_00183_171159_641.jpg,session_20260702_170249,train_data/session_20260702_170249/frame_00183_171159_641.jpg
session_20260702_170249/frame_00184_171202_640.jpg,session_20260702_170249,train_data/session_20260702_170249/frame_00184_171202_640.jpg
session_20260702_170249/frame_00185_171205_642.jpg,session_20260702_170249,train_data/session_20260702_170249/frame_00185_171205_642.jpg
session_20260702_170249/frame_00186_171208_646.jpg,session_20260702_170249,train_data/session_20260702_170249/frame_00186_171208_646.jpg
session_20260702_170249/frame_00187_171211_649.jpg,session_20260702_170249,train_data/session_20260702_170249/frame_00187_171211_649.jpg
session_20260702_170249/frame_00188_171214_649.jpg,session_20260702_170249,train_data/session_20260702_170249/frame_00188_171214_649.jpg
session_20260702_170249/frame_00189_171217_651.jpg,session_20260702_170249,train_data/session_20260702_170249/frame_00189_171217_651.jpg
session_20260702_170249/frame_00190_171220_654.jpg,session_20260702_170249,train_data/session_20260702_170249/frame_00190_171220_654.jpg
session_20260702_170249/frame_00191_171223_658.jpg,session_20260702_170249,train_data/session_20260702_170249/frame_00191_171223_658.jpg
session_20260702_170249/frame_00192_171226_658.jpg,session_20260702_170249,train_data/session_20260702_170249/frame_00192_171226_658.jpg
session_20260702_170249/frame_00193_171229_659.jpg,session_20260702_170249,train_data/session_20260702_170249/frame_00193_171229_659.jpg
session_20260702_170249/frame_00194_171232_662.jpg,session_20260702_170249,train_data/session_20260702_170249/frame_00194_171232_662.jpg
session_20260702_170249/frame_00195_171235_664.jpg,session_20260702_170249,train_data/session_20260702_170249/frame_00195_171235_664.jpg
session_20260702_170249/frame_00196_171238_667.jpg,session_20260702_170249,train_data/session_20260702_170249/frame_00196_171238_667.jpg
session_20260702_170249/frame_00197_171241_668.jpg,session_20260702_170249,train_data/session_20260702_170249/frame_00197_171241_668.jpg
session_20260702_170249/frame_00198_171244_672.jpg,session_20260702_170249,train_data/session_20260702_170249/frame_00198_171244_672.jpg
session_20260702_170249/frame_00199_171247_673.jpg,session_20260702_170249,train_data/session_20260702_170249/frame_00199_171247_673.jpg
session_20260702_170249/frame_00200_171250_675.jpg,session_20260702_170249,train_data/session_20260702_170249/frame_00200_171250_675.jpg
session_20260702_170249/frame_00201_171253_677.jpg,session_20260702_170249,train_data/session_20260702_170249/frame_00201_171253_677.jpg
session_20260702_170249/frame_00202_171256_680.jpg,session_20260702_170249,train_data/session_20260702_170249/frame_00202_171256_680.jpg
session_20260702_170249/frame_00203_171259_681.jpg,session_20260702_170249,train_data/session_20260702_170249/frame_00203_171259_681.jpg
session_20260702_170249/frame_00204_171302_684.jpg,session_20260702_170249,train_data/session_20260702_170249/frame_00204_171302_684.jpg
session_20260702_170249/frame_00205_171305_688.jpg,session_20260702_170249,train_data/session_20260702_170249/frame_00205_171305_688.jpg
session_20260702_170249/frame_00206_171308_689.jpg,session_20260702_170249,train_data/session_20260702_170249/frame_00206_171308_689.jpg
session_20260702_170249/frame_00207_171311_690.jpg,session_20260702_170249,train_data/session_20260702_170249/frame_00207_171311_690.jpg
session_20260702_170249/frame_00208_171314_692.jpg,session_20260702_170249,train_data/session_20260702_170249/frame_00208_171314_692.jpg
session_20260702_170249/frame_00209_171317_695.jpg,session_20260702_170249,train_data/session_20260702_170249/frame_00209_171317_695.jpg
session_20260702_170249/frame_00210_171320_697.jpg,session_20260702_170249,train_data/session_20260702_170249/frame_00210_171320_697.jpg
session_20260702_170249/frame_00211_171323_699.jpg,session_20260702_170249,train_data/session_20260702_170249/frame_00211_171323_699.jpg
session_20260702_170249/frame_00212_171326_705.jpg,session_20260702_170249,train_data/session_20260702_170249/frame_00212_171326_705.jpg
session_20260702_170249/frame_00213_171329_737.jpg,session_20260702_170249,train_data/session_20260702_170249/frame_00213_171329_737.jpg
session_20260702_170249/frame_00214_171332_739.jpg,session_20260702_170249,train_data/session_20260702_170249/frame_00214_171332_739.jpg
session_20260702_170249/frame_00215_171335_742.jpg,session_20260702_170249,train_data/session_20260702_170249/frame_00215_171335_742.jpg
session_20260702_170249/frame_00216_171338_743.jpg,session_20260702_170249,train_data/session_20260702_170249/frame_00216_171338_743.jpg
session_20260702_170249/frame_00217_171341_746.jpg,session_20260702_170249,train_data/session_20260702_170249/frame_00217_171341_746.jpg
session_20260702_170249/frame_00218_171344_747.jpg,session_20260702_170249,train_data/session_20260702_170249/frame_00218_171344_747.jpg
session_20260702_170249/frame_00219_171347_749.jpg,session_20260702_170249,train_data/session_20260702_170249/frame_00219_171347_749.jpg
session_20260702_170249/frame_00220_171350_751.jpg,session_20260702_170249,train_data/session_20260702_170249/frame_00220_171350_751.jpg
session_20260702_170249/frame_00221_171353_755.jpg,session_20260702_170249,train_data/session_20260702_170249/frame_00221_171353_755.jpg
session_20260702_170249/frame_00222_171356_757.jpg,session_20260702_170249,train_data/session_20260702_170249/frame_00222_171356_757.jpg
session_20260702_170249/frame_00223_171359_758.jpg,session_20260702_170249,train_data/session_20260702_170249/frame_00223_171359_758.jpg
session_20260702_170249/frame_00224_171402_761.jpg,session_20260702_170249,train_data/session_20260702_170249/frame_00224_171402_761.jpg
session_20260702_170249/frame_00225_171405_763.jpg,session_20260702_170249,train_data/session_20260702_170249/frame_00225_171405_763.jpg
session_20260702_170249/frame_00226_171408_765.jpg,session_20260702_170249,train_data/session_20260702_170249/frame_00226_171408_765.jpg
session_20260702_170249/frame_00228_171414_769.jpg,session_20260702_170249,train_data/session_20260702_170249/frame_00228_171414_769.jpg
session_20260702_170249/frame_00229_171417_771.jpg,session_20260702_170249,train_data/session_20260702_170249/frame_00229_171417_771.jpg
session_20260702_170249/frame_00230_171420_774.jpg,session_20260702_170249,train_data/session_20260702_170249/frame_00230_171420_774.jpg
session_20260702_170249/frame_00231_171423_777.jpg,session_20260702_170249,train_data/session_20260702_170249/frame_00231_171423_777.jpg
session_20260702_170249/frame_00232_171426_778.jpg,session_20260702_170249,train_data/session_20260702_170249/frame_00232_171426_778.jpg
session_20260702_170249/frame_00233_171429_780.jpg,session_20260702_170249,train_data/session_20260702_170249/frame_00233_171429_780.jpg
session_20260702_170249/frame_00234_171432_782.jpg,session_20260702_170249,train_data/session_20260702_170249/frame_00234_171432_782.jpg
session_20260702_170249/frame_00235_171435_785.jpg,session_20260702_170249,train_data/session_20260702_170249/frame_00235_171435_785.jpg
session_20260702_170249/frame_00236_171438_786.jpg,session_20260702_170249,train_data/session_20260702_170249/frame_00236_171438_786.jpg
session_20260702_170249/frame_00237_171441_788.jpg,session_20260702_170249,train_data/session_20260702_170249/frame_00237_171441_788.jpg
session_20260702_170249/frame_00238_171444_792.jpg,session_20260702_170249,train_data/session_20260702_170249/frame_00238_171444_792.jpg
session_20260702_170249/frame_00239_171447_793.jpg,session_20260702_170249,train_data/session_20260702_170249/frame_00239_171447_793.jpg
session_20260702_170249/frame_00240_171450_795.jpg,session_20260702_170249,train_data/session_20260702_170249/frame_00240_171450_795.jpg
session_20260702_170249/frame_00241_171453_797.jpg,session_20260702_170249,train_data/session_20260702_170249/frame_00241_171453_797.jpg
session_20260702_170249/frame_00242_171456_800.jpg,session_20260702_170249,train_data/session_20260702_170249/frame_00242_171456_800.jpg
session_20260702_170249/frame_00244_171502_804.jpg,session_20260702_170249,train_data/session_20260702_170249/frame_00244_171502_804.jpg
session_20260702_170249/frame_00245_171505_806.jpg,session_20260702_170249,train_data/session_20260702_170249/frame_00245_171505_806.jpg
session_20260702_170249/frame_00246_171508_808.jpg,session_20260702_170249,train_data/session_20260702_170249/frame_00246_171508_808.jpg
session_20260702_170249/frame_00247_171511_813.jpg,session_20260702_170249,train_data/session_20260702_170249/frame_00247_171511_813.jpg
session_20260702_170249/frame_00248_171514_846.jpg,session_20260702_170249,train_data/session_20260702_170249/frame_00248_171514_846.jpg
session_20260702_170249/frame_00249_171517_849.jpg,session_20260702_170249,train_data/session_20260702_170249/frame_00249_171517_849.jpg
session_20260702_170249/frame_00250_171520_850.jpg,session_20260702_170249,train_data/session_20260702_170249/frame_00250_171520_850.jpg
session_20260702_170249/frame_00251_171523_853.jpg,session_20260702_170249,train_data/session_20260702_170249/frame_00251_171523_853.jpg
session_20260702_170249/frame_00252_171526_856.jpg,session_20260702_170249,train_data/session_20260702_170249/frame_00252_171526_856.jpg
session_20260702_170249/frame_00253_171529_857.jpg,session_20260702_170249,train_data/session_20260702_170249/frame_00253_171529_857.jpg
session_20260702_170249/frame_00254_171532_859.jpg,session_20260702_170249,train_data/session_20260702_170249/frame_00254_171532_859.jpg
session_20260702_170249/frame_00255_171535_861.jpg,session_20260702_170249,train_data/session_20260702_170249/frame_00255_171535_861.jpg
session_20260702_170249/frame_00256_171538_864.jpg,session_20260702_170249,train_data/session_20260702_170249/frame_00256_171538_864.jpg
session_20260702_170249/frame_00257_171541_865.jpg,session_20260702_170249,train_data/session_20260702_170249/frame_00257_171541_865.jpg
session_20260702_170249/frame_00258_171544_868.jpg,session_20260702_170249,train_data/session_20260702_170249/frame_00258_171544_868.jpg
session_20260702_170249/frame_00259_171547_870.jpg,session_20260702_170249,train_data/session_20260702_170249/frame_00259_171547_870.jpg
session_20260702_170249/frame_00260_171550_872.jpg,session_20260702_170249,train_data/session_20260702_170249/frame_00260_171550_872.jpg
session_20260702_170249/frame_00261_171553_874.jpg,session_20260702_170249,train_data/session_20260702_170249/frame_00261_171553_874.jpg
session_20260702_170249/frame_00262_171556_877.jpg,session_20260702_170249,train_data/session_20260702_170249/frame_00262_171556_877.jpg
session_20260702_170249/frame_00263_171559_879.jpg,session_20260702_170249,train_data/session_20260702_170249/frame_00263_171559_879.jpg
session_20260702_170249/frame_00264_171602_882.jpg,session_20260702_170249,train_data/session_20260702_170249/frame_00264_171602_882.jpg
session_20260702_170249/frame_00265_171605_883.jpg,session_20260702_170249,train_data/session_20260702_170249/frame_00265_171605_883.jpg
session_20260702_170249/frame_00266_171608_885.jpg,session_20260702_170249,train_data/session_20260702_170249/frame_00266_171608_885.jpg
session_20260702_170249/frame_00267_171611_888.jpg,session_20260702_170249,train_data/session_20260702_170249/frame_00267_171611_888.jpg
session_20260702_170249/frame_00268_171614_890.jpg,session_20260702_170249,train_data/session_20260702_170249/frame_00268_171614_890.jpg
session_20260702_170249/frame_00269_171617_892.jpg,session_20260702_170249,train_data/session_20260702_170249/frame_00269_171617_892.jpg
session_20260702_170249/frame_00270_171620_893.jpg,session_20260702_170249,train_data/session_20260702_170249/frame_00270_171620_893.jpg
session_20260702_170249/frame_00271_171623_896.jpg,session_20260702_170249,train_data/session_20260702_170249/frame_00271_171623_896.jpg
session_20260702_170249/frame_00272_171626_898.jpg,session_20260702_170249,train_data/session_20260702_170249/frame_00272_171626_898.jpg
session_20260702_170249/frame_00273_171629_901.jpg,session_20260702_170249,train_data/session_20260702_170249/frame_00273_171629_901.jpg
session_20260702_170249/frame_00276_171638_907.jpg,session_20260702_170249,train_data/session_20260702_170249/frame_00276_171638_907.jpg
session_20260702_170249/frame_00277_171641_908.jpg,session_20260702_170249,train_data/session_20260702_170249/frame_00277_171641_908.jpg
session_20260702_170249/frame_00278_171644_912.jpg,session_20260702_170249,train_data/session_20260702_170249/frame_00278_171644_912.jpg
session_20260702_170249/frame_00279_171647_915.jpg,session_20260702_170249,train_data/session_20260702_170249/frame_00279_171647_915.jpg
session_20260702_170249/frame_00280_171650_915.jpg,session_20260702_170249,train_data/session_20260702_170249/frame_00280_171650_915.jpg
session_20260702_170249/frame_00288_171714_966.jpg,session_20260702_170249,train_data/session_20260702_170249/frame_00288_171714_966.jpg
session_20260702_170249/frame_00289_171717_969.jpg,session_20260702_170249,train_data/session_20260702_170249/frame_00289_171717_969.jpg
session_20260702_170249/frame_00290_171720_970.jpg,session_20260702_170249,train_data/session_20260702_170249/frame_00290_171720_970.jpg
session_20260702_170249/frame_00291_171723_974.jpg,session_20260702_170249,train_data/session_20260702_170249/frame_00291_171723_974.jpg
session_20260702_170249/frame_00292_171726_975.jpg,session_20260702_170249,train_data/session_20260702_170249/frame_00292_171726_975.jpg
session_20260702_170249/frame_00293_171729_978.jpg,session_20260702_170249,train_data/session_20260702_170249/frame_00293_171729_978.jpg
session_20260702_170249/frame_00294_171732_979.jpg,session_20260702_170249,train_data/session_20260702_170249/frame_00294_171732_979.jpg
session_20260702_170249/frame_00295_171735_981.jpg,session_20260702_170249,train_data/session_20260702_170249/frame_00295_171735_981.jpg
session_20260702_170249/frame_00296_171738_984.jpg,session_20260702_170249,train_data/session_20260702_170249/frame_00296_171738_984.jpg
session_20260702_170249/frame_00297_171741_986.jpg,session_20260702_170249,train_data/session_20260702_170249/frame_00297_171741_986.jpg
session_20260702_170249/frame_00298_171744_990.jpg,session_20260702_170249,train_data/session_20260702_170249/frame_00298_171744_990.jpg
session_20260702_170249/frame_00299_171747_990.jpg,session_20260702_170249,train_data/session_20260702_170249/frame_00299_171747_990.jpg
session_20260702_170249/frame_00300_171750_993.jpg,session_20260702_170249,train_data/session_20260702_170249/frame_00300_171750_993.jpg
session_20260702_170249/frame_00303_171759_999.jpg,session_20260702_170249,train_data/session_20260702_170249/frame_00303_171759_999.jpg
session_20260702_170249/frame_00304_171803_002.jpg,session_20260702_170249,train_data/session_20260702_170249/frame_00304_171803_002.jpg
session_20260702_170249/frame_00305_171806_002.jpg,session_20260702_170249,train_data/session_20260702_170249/frame_00305_171806_002.jpg
session_20260702_170249/frame_00306_171809_006.jpg,session_20260702_170249,train_data/session_20260702_170249/frame_00306_171809_006.jpg
session_20260702_170249/frame_00307_171812_007.jpg,session_20260702_170249,train_data/session_20260702_170249/frame_00307_171812_007.jpg
session_20260702_170249/frame_00308_171815_010.jpg,session_20260702_170249,train_data/session_20260702_170249/frame_00308_171815_010.jpg
session_20260702_170249/frame_00309_171818_013.jpg,session_20260702_170249,train_data/session_20260702_170249/frame_00309_171818_013.jpg
session_20260702_170249/frame_00310_171821_014.jpg,session_20260702_170249,train_data/session_20260702_170249/frame_00310_171821_014.jpg
session_20260702_170249/frame_00311_171824_017.jpg,session_20260702_170249,train_data/session_20260702_170249/frame_00311_171824_017.jpg
session_20260702_170249/frame_00312_171827_019.jpg,session_20260702_170249,train_data/session_20260702_170249/frame_00312_171827_019.jpg
session_20260702_170249/frame_00313_171830_020.jpg,session_20260702_170249,train_data/session_20260702_170249/frame_00313_171830_020.jpg
session_20260702_170249/frame_00314_171833_023.jpg,session_20260702_170249,train_data/session_20260702_170249/frame_00314_171833_023.jpg
session_20260702_170249/frame_00315_171836_024.jpg,session_20260702_170249,train_data/session_20260702_170249/frame_00315_171836_024.jpg
session_20260702_170249/frame_00316_171839_026.jpg,session_20260702_170249,train_data/session_20260702_170249/frame_00316_171839_026.jpg
session_20260702_170249/frame_00317_171842_030.jpg,session_20260702_170249,train_data/session_20260702_170249/frame_00317_171842_030.jpg
session_20260702_170249/frame_00318_171845_035.jpg,session_20260702_170249,train_data/session_20260702_170249/frame_00318_171845_035.jpg
session_20260702_170249/frame_00319_171848_034.jpg,session_20260702_170249,train_data/session_20260702_170249/frame_00319_171848_034.jpg
session_20260702_170249/frame_00320_171851_035.jpg,session_20260702_170249,train_data/session_20260702_170249/frame_00320_171851_035.jpg
session_20260702_170249/frame_00321_171854_039.jpg,session_20260702_170249,train_data/session_20260702_170249/frame_00321_171854_039.jpg
session_20260702_170249/frame_00324_171903_049.jpg,session_20260702_170249,train_data/session_20260702_170249/frame_00324_171903_049.jpg
session_20260702_170249/frame_00325_171906_047.jpg,session_20260702_170249,train_data/session_20260702_170249/frame_00325_171906_047.jpg
session_20260702_170249/frame_00326_171909_049.jpg,session_20260702_170249,train_data/session_20260702_170249/frame_00326_171909_049.jpg
session_20260702_170249/frame_00327_171912_050.jpg,session_20260702_170249,train_data/session_20260702_170249/frame_00327_171912_050.jpg
session_20260702_170249/frame_00328_171915_053.jpg,session_20260702_170249,train_data/session_20260702_170249/frame_00328_171915_053.jpg
session_20260702_170249/frame_00329_171918_055.jpg,session_20260702_170249,train_data/session_20260702_170249/frame_00329_171918_055.jpg
session_20260702_170249/frame_00330_171921_058.jpg,session_20260702_170249,train_data/session_20260702_170249/frame_00330_171921_058.jpg
session_20260702_170249/frame_00331_171924_059.jpg,session_20260702_170249,train_data/session_20260702_170249/frame_00331_171924_059.jpg
session_20260702_170249/frame_00332_171927_062.jpg,session_20260702_170249,train_data/session_20260702_170249/frame_00332_171927_062.jpg
session_20260702_170249/frame_00333_171930_063.jpg,session_20260702_170249,train_data/session_20260702_170249/frame_00333_171930_063.jpg
session_20260702_170249/frame_00334_171933_067.jpg,session_20260702_170249,train_data/session_20260702_170249/frame_00334_171933_067.jpg
session_20260702_170249/frame_00335_171936_068.jpg,session_20260702_170249,train_data/session_20260702_170249/frame_00335_171936_068.jpg
session_20260702_170249/frame_00336_171939_070.jpg,session_20260702_170249,train_data/session_20260702_170249/frame_00336_171939_070.jpg
session_20260702_170249/frame_00337_171942_072.jpg,session_20260702_170249,train_data/session_20260702_170249/frame_00337_171942_072.jpg
session_20260702_170249/frame_00338_171945_074.jpg,session_20260702_170249,train_data/session_20260702_170249/frame_00338_171945_074.jpg
session_20260702_170249/frame_00339_171948_077.jpg,session_20260702_170249,train_data/session_20260702_170249/frame_00339_171948_077.jpg
session_20260702_170249/frame_00340_171951_079.jpg,session_20260702_170249,train_data/session_20260702_170249/frame_00340_171951_079.jpg
session_20260702_170249/frame_00341_171954_081.jpg,session_20260702_170249,train_data/session_20260702_170249/frame_00341_171954_081.jpg
session_20260702_170249/frame_00342_171957_084.jpg,session_20260702_170249,train_data/session_20260702_170249/frame_00342_171957_084.jpg
session_20260702_170249/frame_00343_172000_086.jpg,session_20260702_170249,train_data/session_20260702_170249/frame_00343_172000_086.jpg
session_20260702_170249/frame_00344_172003_087.jpg,session_20260702_170249,train_data/session_20260702_170249/frame_00344_172003_087.jpg
session_20260702_170249/frame_00345_172006_089.jpg,session_20260702_170249,train_data/session_20260702_170249/frame_00345_172006_089.jpg
session_20260702_170249/frame_00346_172009_092.jpg,session_20260702_170249,train_data/session_20260702_170249/frame_00346_172009_092.jpg
session_20260702_170249/frame_00347_172012_095.jpg,session_20260702_170249,train_data/session_20260702_170249/frame_00347_172012_095.jpg
session_20260702_170249/frame_00348_172015_096.jpg,session_20260702_170249,train_data/session_20260702_170249/frame_00348_172015_096.jpg
session_20260702_170249/frame_00349_172018_099.jpg,session_20260702_170249,train_data/session_20260702_170249/frame_00349_172018_099.jpg
session_20260702_170249/frame_00351_172024_104.jpg,session_20260702_170249,train_data/session_20260702_170249/frame_00351_172024_104.jpg
session_20260702_170249/frame_00352_172027_104.jpg,session_20260702_170249,train_data/session_20260702_170249/frame_00352_172027_104.jpg
session_20260702_170249/frame_00353_172030_107.jpg,session_20260702_170249,train_data/session_20260702_170249/frame_00353_172030_107.jpg
session_20260702_170249/frame_00354_172033_109.jpg,session_20260702_170249,train_data/session_20260702_170249/frame_00354_172033_109.jpg
session_20260702_170249/frame_00355_172036_114.jpg,session_20260702_170249,train_data/session_20260702_170249/frame_00355_172036_114.jpg
session_20260702_170249/frame_00356_172039_114.jpg,session_20260702_170249,train_data/session_20260702_170249/frame_00356_172039_114.jpg
session_20260702_170249/frame_00357_172042_115.jpg,session_20260702_170249,train_data/session_20260702_170249/frame_00357_172042_115.jpg
session_20260702_170249/frame_00358_172045_118.jpg,session_20260702_170249,train_data/session_20260702_170249/frame_00358_172045_118.jpg
session_20260702_170249/frame_00359_172048_121.jpg,session_20260702_170249,train_data/session_20260702_170249/frame_00359_172048_121.jpg
session_20260702_170249/frame_00360_172051_122.jpg,session_20260702_170249,train_data/session_20260702_170249/frame_00360_172051_122.jpg
session_20260702_170249/frame_00361_172054_125.jpg,session_20260702_170249,train_data/session_20260702_170249/frame_00361_172054_125.jpg
session_20260702_170249/frame_00362_172057_127.jpg,session_20260702_170249,train_data/session_20260702_170249/frame_00362_172057_127.jpg
session_20260702_170249/frame_00363_172100_129.jpg,session_20260702_170249,train_data/session_20260702_170249/frame_00363_172100_129.jpg
session_20260702_170249/frame_00364_172103_131.jpg,session_20260702_170249,train_data/session_20260702_170249/frame_00364_172103_131.jpg
session_20260702_170249/frame_00365_172106_133.jpg,session_20260702_170249,train_data/session_20260702_170249/frame_00365_172106_133.jpg
session_20260702_170249/frame_00366_172109_137.jpg,session_20260702_170249,train_data/session_20260702_170249/frame_00366_172109_137.jpg
session_20260702_170249/frame_00367_172112_137.jpg,session_20260702_170249,train_data/session_20260702_170249/frame_00367_172112_137.jpg
session_20260702_170249/frame_00368_172115_141.jpg,session_20260702_170249,train_data/session_20260702_170249/frame_00368_172115_141.jpg
session_20260702_170249/frame_00369_172118_141.jpg,session_20260702_170249,train_data/session_20260702_170249/frame_00369_172118_141.jpg
session_20260702_170249/frame_00370_172121_143.jpg,session_20260702_170249,train_data/session_20260702_170249/frame_00370_172121_143.jpg
session_20260702_170249/frame_00371_172124_146.jpg,session_20260702_170249,train_data/session_20260702_170249/frame_00371_172124_146.jpg
session_20260702_170249/frame_00373_172130_150.jpg,session_20260702_170249,train_data/session_20260702_170249/frame_00373_172130_150.jpg
session_20260702_170249/frame_00374_172133_156.jpg,session_20260702_170249,train_data/session_20260702_170249/frame_00374_172133_156.jpg
session_20260702_170249/frame_00375_172136_156.jpg,session_20260702_170249,train_data/session_20260702_170249/frame_00375_172136_156.jpg
session_20260702_170249/frame_00376_172139_156.jpg,session_20260702_170249,train_data/session_20260702_170249/frame_00376_172139_156.jpg
session_20260702_170249/frame_00377_172142_159.jpg,session_20260702_170249,train_data/session_20260702_170249/frame_00377_172142_159.jpg
session_20260702_170249/frame_00378_172145_162.jpg,session_20260702_170249,train_data/session_20260702_170249/frame_00378_172145_162.jpg
session_20260702_170249/frame_00454_172533_393.jpg,session_20260702_170249,train_data/session_20260702_170249/frame_00454_172533_393.jpg
session_20260702_170249/frame_00455_172536_395.jpg,session_20260702_170249,train_data/session_20260702_170249/frame_00455_172536_395.jpg
session_20260702_170249/frame_00456_172539_397.jpg,session_20260702_170249,train_data/session_20260702_170249/frame_00456_172539_397.jpg
session_20260702_170249/frame_00457_172542_399.jpg,session_20260702_170249,train_data/session_20260702_170249/frame_00457_172542_399.jpg
session_20260702_170249/frame_00458_172545_403.jpg,session_20260702_170249,train_data/session_20260702_170249/frame_00458_172545_403.jpg
session_20260702_170249/frame_00459_172548_404.jpg,session_20260702_170249,train_data/session_20260702_170249/frame_00459_172548_404.jpg
session_20260702_170249/frame_00460_172551_406.jpg,session_20260702_170249,train_data/session_20260702_170249/frame_00460_172551_406.jpg
session_20260702_170249/frame_00461_172554_409.jpg,session_20260702_170249,train_data/session_20260702_170249/frame_00461_172554_409.jpg
session_20260702_170249/frame_00462_172557_411.jpg,session_20260702_170249,train_data/session_20260702_170249/frame_00462_172557_411.jpg
session_20260702_170249/frame_00463_172600_412.jpg,session_20260702_170249,train_data/session_20260702_170249/frame_00463_172600_412.jpg
session_20260702_170249/frame_00464_172603_416.jpg,session_20260702_170249,train_data/session_20260702_170249/frame_00464_172603_416.jpg
session_20260702_170249/frame_00465_172606_419.jpg,session_20260702_170249,train_data/session_20260702_170249/frame_00465_172606_419.jpg
session_20260702_170249/frame_00466_172609_419.jpg,session_20260702_170249,train_data/session_20260702_170249/frame_00466_172609_419.jpg
session_20260702_170249/frame_00467_172612_422.jpg,session_20260702_170249,train_data/session_20260702_170249/frame_00467_172612_422.jpg
session_20260702_170249/frame_00468_172615_423.jpg,session_20260702_170249,train_data/session_20260702_170249/frame_00468_172615_423.jpg
session_20260702_170249/frame_00469_172618_427.jpg,session_20260702_170249,train_data/session_20260702_170249/frame_00469_172618_427.jpg
session_20260702_170249/frame_00470_172621_427.jpg,session_20260702_170249,train_data/session_20260702_170249/frame_00470_172621_427.jpg
session_20260702_170249/frame_00471_172624_429.jpg,session_20260702_170249,train_data/session_20260702_170249/frame_00471_172624_429.jpg
session_20260702_170249/frame_00472_172627_432.jpg,session_20260702_170249,train_data/session_20260702_170249/frame_00472_172627_432.jpg
session_20260702_170249/frame_00473_172630_434.jpg,session_20260702_170249,train_data/session_20260702_170249/frame_00473_172630_434.jpg
session_20260702_170249/frame_00474_172633_437.jpg,session_20260702_170249,train_data/session_20260702_170249/frame_00474_172633_437.jpg
session_20260702_170249/frame_00475_172636_438.jpg,session_20260702_170249,train_data/session_20260702_170249/frame_00475_172636_438.jpg
session_20260702_170249/frame_00476_172639_441.jpg,session_20260702_170249,train_data/session_20260702_170249/frame_00476_172639_441.jpg
session_20260702_170249/frame_00477_172642_443.jpg,session_20260702_170249,train_data/session_20260702_170249/frame_00477_172642_443.jpg
session_20260702_170249/frame_00478_172645_445.jpg,session_20260702_170249,train_data/session_20260702_170249/frame_00478_172645_445.jpg
session_20260702_170249/frame_00479_172648_447.jpg,session_20260702_170249,train_data/session_20260702_170249/frame_00479_172648_447.jpg
session_20260702_170249/frame_00480_172651_450.jpg,session_20260702_170249,train_data/session_20260702_170249/frame_00480_172651_450.jpg
session_20260702_170249/frame_00482_172657_453.jpg,session_20260702_170249,train_data/session_20260702_170249/frame_00482_172657_453.jpg
session_20260702_170249/frame_00483_172700_457.jpg,session_20260702_170249,train_data/session_20260702_170249/frame_00483_172700_457.jpg
session_20260702_170249/frame_00484_172703_459.jpg,session_20260702_170249,train_data/session_20260702_170249/frame_00484_172703_459.jpg
session_20260702_170249/frame_00485_172706_461.jpg,session_20260702_170249,train_data/session_20260702_170249/frame_00485_172706_461.jpg
session_20260702_170249/frame_00486_172709_462.jpg,session_20260702_170249,train_data/session_20260702_170249/frame_00486_172709_462.jpg
session_20260702_170249/frame_00487_172712_464.jpg,session_20260702_170249,train_data/session_20260702_170249/frame_00487_172712_464.jpg
session_20260702_170249/frame_00488_172715_466.jpg,session_20260702_170249,train_data/session_20260702_170249/frame_00488_172715_466.jpg
session_20260702_170249/frame_00489_172718_468.jpg,session_20260702_170249,train_data/session_20260702_170249/frame_00489_172718_468.jpg
session_20260702_170249/frame_00490_172721_471.jpg,session_20260702_170249,train_data/session_20260702_170249/frame_00490_172721_471.jpg
session_20260702_170249/frame_00491_172724_474.jpg,session_20260702_170249,train_data/session_20260702_170249/frame_00491_172724_474.jpg
session_20260702_170249/frame_00492_172727_476.jpg,session_20260702_170249,train_data/session_20260702_170249/frame_00492_172727_476.jpg
session_20260702_170249/frame_00493_172730_477.jpg,session_20260702_170249,train_data/session_20260702_170249/frame_00493_172730_477.jpg
session_20260702_170249/frame_00494_172733_480.jpg,session_20260702_170249,train_data/session_20260702_170249/frame_00494_172733_480.jpg
session_20260702_170249/frame_00495_172736_481.jpg,session_20260702_170249,train_data/session_20260702_170249/frame_00495_172736_481.jpg
session_20260702_170249/frame_00496_172739_484.jpg,session_20260702_170249,train_data/session_20260702_170249/frame_00496_172739_484.jpg
session_20260702_170249/frame_00497_172742_486.jpg,session_20260702_170249,train_data/session_20260702_170249/frame_00497_172742_486.jpg
session_20260702_170249/frame_00498_172745_488.jpg,session_20260702_170249,train_data/session_20260702_170249/frame_00498_172745_488.jpg
session_20260702_170249/frame_00507_172812_542.jpg,session_20260702_170249,train_data/session_20260702_170249/frame_00507_172812_542.jpg
session_20260702_170249/frame_00510_172821_548.jpg,session_20260702_170249,train_data/session_20260702_170249/frame_00510_172821_548.jpg
session_20260702_170249/frame_00514_172833_557.jpg,session_20260702_170249,train_data/session_20260702_170249/frame_00514_172833_557.jpg
session_20260702_170249/frame_00515_172836_558.jpg,session_20260702_170249,train_data/session_20260702_170249/frame_00515_172836_558.jpg
session_20260702_170249/frame_00516_172839_562.jpg,session_20260702_170249,train_data/session_20260702_170249/frame_00516_172839_562.jpg
session_20260702_170249/frame_00517_172842_562.jpg,session_20260702_170249,train_data/session_20260702_170249/frame_00517_172842_562.jpg
session_20260702_170249/frame_00518_172845_567.jpg,session_20260702_170249,train_data/session_20260702_170249/frame_00518_172845_567.jpg
session_20260702_170249/frame_00519_172848_567.jpg,session_20260702_170249,train_data/session_20260702_170249/frame_00519_172848_567.jpg
session_20260702_170249/frame_00520_172851_569.jpg,session_20260702_170249,train_data/session_20260702_170249/frame_00520_172851_569.jpg
session_20260702_170249/frame_00521_172854_571.jpg,session_20260702_170249,train_data/session_20260702_170249/frame_00521_172854_571.jpg
session_20260702_170249/frame_00522_172857_574.jpg,session_20260702_170249,train_data/session_20260702_170249/frame_00522_172857_574.jpg
session_20260702_170249/frame_00523_172900_577.jpg,session_20260702_170249,train_data/session_20260702_170249/frame_00523_172900_577.jpg
session_20260702_170249/frame_00524_172903_579.jpg,session_20260702_170249,train_data/session_20260702_170249/frame_00524_172903_579.jpg
session_20260702_170249/frame_00525_172906_582.jpg,session_20260702_170249,train_data/session_20260702_170249/frame_00525_172906_582.jpg
session_20260702_170249/frame_00526_172909_582.jpg,session_20260702_170249,train_data/session_20260702_170249/frame_00526_172909_582.jpg
session_20260702_170249/frame_00527_172912_585.jpg,session_20260702_170249,train_data/session_20260702_170249/frame_00527_172912_585.jpg
session_20260702_170249/frame_00528_172915_587.jpg,session_20260702_170249,train_data/session_20260702_170249/frame_00528_172915_587.jpg
session_20260702_170249/frame_00529_172918_589.jpg,session_20260702_170249,train_data/session_20260702_170249/frame_00529_172918_589.jpg
session_20260702_170249/frame_00530_172921_591.jpg,session_20260702_170249,train_data/session_20260702_170249/frame_00530_172921_591.jpg
session_20260702_170249/frame_00531_172924_594.jpg,session_20260702_170249,train_data/session_20260702_170249/frame_00531_172924_594.jpg
session_20260702_170249/frame_00532_172927_596.jpg,session_20260702_170249,train_data/session_20260702_170249/frame_00532_172927_596.jpg
session_20260702_170249/frame_00533_172930_599.jpg,session_20260702_170249,train_data/session_20260702_170249/frame_00533_172930_599.jpg
session_20260702_170249/frame_00534_172933_600.jpg,session_20260702_170249,train_data/session_20260702_170249/frame_00534_172933_600.jpg
session_20260702_170249/frame_00535_172936_601.jpg,session_20260702_170249,train_data/session_20260702_170249/frame_00535_172936_601.jpg
session_20260702_170249/frame_00536_172939_605.jpg,session_20260702_170249,train_data/session_20260702_170249/frame_00536_172939_605.jpg
session_20260702_170249/frame_00537_172942_606.jpg,session_20260702_170249,train_data/session_20260702_170249/frame_00537_172942_606.jpg
session_20260702_170249/frame_00538_172945_609.jpg,session_20260702_170249,train_data/session_20260702_170249/frame_00538_172945_609.jpg
session_20260702_170249/frame_00539_172948_611.jpg,session_20260702_170249,train_data/session_20260702_170249/frame_00539_172948_611.jpg
session_20260702_170249/frame_00540_172951_613.jpg,session_20260702_170249,train_data/session_20260702_170249/frame_00540_172951_613.jpg
session_20260702_170249/frame_00541_172954_615.jpg,session_20260702_170249,train_data/session_20260702_170249/frame_00541_172954_615.jpg
session_20260702_170249/frame_00542_172957_618.jpg,session_20260702_170249,train_data/session_20260702_170249/frame_00542_172957_618.jpg
session_20260702_170249/frame_00543_173000_619.jpg,session_20260702_170249,train_data/session_20260702_170249/frame_00543_173000_619.jpg
session_20260702_170249/frame_00544_173003_622.jpg,session_20260702_170249,train_data/session_20260702_170249/frame_00544_173003_622.jpg
session_20260702_170249/frame_00545_173006_624.jpg,session_20260702_170249,train_data/session_20260702_170249/frame_00545_173006_624.jpg
session_20260702_170249/frame_00546_173009_626.jpg,session_20260702_170249,train_data/session_20260702_170249/frame_00546_173009_626.jpg
session_20260702_170249/frame_00547_173012_628.jpg,session_20260702_170249,train_data/session_20260702_170249/frame_00547_173012_628.jpg
session_20260702_170249/frame_00548_173015_634.jpg,session_20260702_170249,train_data/session_20260702_170249/frame_00548_173015_634.jpg
session_20260702_170249/frame_00549_173018_633.jpg,session_20260702_170249,train_data/session_20260702_170249/frame_00549_173018_633.jpg
session_20260702_170249/frame_00550_173021_635.jpg,session_20260702_170249,train_data/session_20260702_170249/frame_00550_173021_635.jpg
session_20260702_170249/frame_00551_173024_636.jpg,session_20260702_170249,train_data/session_20260702_170249/frame_00551_173024_636.jpg
session_20260702_170249/frame_00552_173027_639.jpg,session_20260702_170249,train_data/session_20260702_170249/frame_00552_173027_639.jpg
session_20260702_170249/frame_00553_173030_645.jpg,session_20260702_170249,train_data/session_20260702_170249/frame_00553_173030_645.jpg
session_20260702_170249/frame_00554_173033_643.jpg,session_20260702_170249,train_data/session_20260702_170249/frame_00554_173033_643.jpg
session_20260702_170249/frame_00558_173045_651.jpg,session_20260702_170249,train_data/session_20260702_170249/frame_00558_173045_651.jpg
session_20260702_170249/frame_00559_173048_654.jpg,session_20260702_170249,train_data/session_20260702_170249/frame_00559_173048_654.jpg
session_20260702_170249/frame_00560_173051_656.jpg,session_20260702_170249,train_data/session_20260702_170249/frame_00560_173051_656.jpg
session_20260702_170249/frame_00561_173054_661.jpg,session_20260702_170249,train_data/session_20260702_170249/frame_00561_173054_661.jpg
session_20260702_170249/frame_00563_173100_663.jpg,session_20260702_170249,train_data/session_20260702_170249/frame_00563_173100_663.jpg
session_20260702_170249/frame_00579_173148_731.jpg,session_20260702_170249,train_data/session_20260702_170249/frame_00579_173148_731.jpg
session_20260702_170249/frame_00580_173151_733.jpg,session_20260702_170249,train_data/session_20260702_170249/frame_00580_173151_733.jpg
session_20260702_170249/frame_00581_173154_735.jpg,session_20260702_170249,train_data/session_20260702_170249/frame_00581_173154_735.jpg
session_20260702_170249/frame_00582_173157_737.jpg,session_20260702_170249,train_data/session_20260702_170249/frame_00582_173157_737.jpg
session_20260702_170249/frame_00583_173200_741.jpg,session_20260702_170249,train_data/session_20260702_170249/frame_00583_173200_741.jpg
session_20260702_170249/frame_00584_173203_742.jpg,session_20260702_170249,train_data/session_20260702_170249/frame_00584_173203_742.jpg
session_20260702_170249/frame_00585_173206_743.jpg,session_20260702_170249,train_data/session_20260702_170249/frame_00585_173206_743.jpg
session_20260702_170249/frame_00586_173209_749.jpg,session_20260702_170249,train_data/session_20260702_170249/frame_00586_173209_749.jpg
session_20260702_170249/frame_00587_173212_781.jpg,session_20260702_170249,train_data/session_20260702_170249/frame_00587_173212_781.jpg
session_20260702_170249/frame_00600_173251_810.jpg,session_20260702_170249,train_data/session_20260702_170249/frame_00600_173251_810.jpg
session_20260702_170249/frame_00601_173254_812.jpg,session_20260702_170249,train_data/session_20260702_170249/frame_00601_173254_812.jpg
session_20260702_170249/frame_00602_173257_814.jpg,session_20260702_170249,train_data/session_20260702_170249/frame_00602_173257_814.jpg
session_20260702_170249/frame_00603_173300_817.jpg,session_20260702_170249,train_data/session_20260702_170249/frame_00603_173300_817.jpg
session_20260703_151305/frame_00001_151309_054.jpg,session_20260703_151305,train_data/session_20260703_151305/frame_00001_151309_054.jpg
session_20260703_151305/frame_00002_151312_057.jpg,session_20260703_151305,train_data/session_20260703_151305/frame_00002_151312_057.jpg
session_20260703_151305/frame_00003_151315_058.jpg,session_20260703_151305,train_data/session_20260703_151305/frame_00003_151315_058.jpg
session_20260703_151305/frame_00004_151318_060.jpg,session_20260703_151305,train_data/session_20260703_151305/frame_00004_151318_060.jpg
session_20260703_151305/frame_00005_151321_062.jpg,session_20260703_151305,train_data/session_20260703_151305/frame_00005_151321_062.jpg
session_20260703_151305/frame_00006_151324_065.jpg,session_20260703_151305,train_data/session_20260703_151305/frame_00006_151324_065.jpg
session_20260703_151305/frame_00007_151327_070.jpg,session_20260703_151305,train_data/session_20260703_151305/frame_00007_151327_070.jpg
session_20260703_151305/frame_00008_151330_071.jpg,session_20260703_151305,train_data/session_20260703_151305/frame_00008_151330_071.jpg
session_20260703_151305/frame_00009_151333_070.jpg,session_20260703_151305,train_data/session_20260703_151305/frame_00009_151333_070.jpg
session_20260703_151305/frame_00010_151336_075.jpg,session_20260703_151305,train_data/session_20260703_151305/frame_00010_151336_075.jpg
session_20260703_151305/frame_00011_151339_074.jpg,session_20260703_151305,train_data/session_20260703_151305/frame_00011_151339_074.jpg
session_20260703_151305/frame_00012_151342_077.jpg,session_20260703_151305,train_data/session_20260703_151305/frame_00012_151342_077.jpg
session_20260703_151305/frame_00013_151345_079.jpg,session_20260703_151305,train_data/session_20260703_151305/frame_00013_151345_079.jpg
session_20260703_151305/frame_00014_151348_080.jpg,session_20260703_151305,train_data/session_20260703_151305/frame_00014_151348_080.jpg
session_20260703_151305/frame_00015_151351_083.jpg,session_20260703_151305,train_data/session_20260703_151305/frame_00015_151351_083.jpg
session_20260703_151305/frame_00016_151354_085.jpg,session_20260703_151305,train_data/session_20260703_151305/frame_00016_151354_085.jpg
session_20260703_151305/frame_00017_151357_088.jpg,session_20260703_151305,train_data/session_20260703_151305/frame_00017_151357_088.jpg
session_20260703_151305/frame_00018_151400_091.jpg,session_20260703_151305,train_data/session_20260703_151305/frame_00018_151400_091.jpg
session_20260703_151305/frame_00019_151403_092.jpg,session_20260703_151305,train_data/session_20260703_151305/frame_00019_151403_092.jpg
session_20260703_151305/frame_00020_151406_094.jpg,session_20260703_151305,train_data/session_20260703_151305/frame_00020_151406_094.jpg
session_20260703_151305/frame_00021_151409_097.jpg,session_20260703_151305,train_data/session_20260703_151305/frame_00021_151409_097.jpg
session_20260703_151305/frame_00022_151412_097.jpg,session_20260703_151305,train_data/session_20260703_151305/frame_00022_151412_097.jpg
session_20260703_151305/frame_00023_151415_100.jpg,session_20260703_151305,train_data/session_20260703_151305/frame_00023_151415_100.jpg
session_20260703_151305/frame_00024_151418_101.jpg,session_20260703_151305,train_data/session_20260703_151305/frame_00024_151418_101.jpg
session_20260703_151305/frame_00025_151421_104.jpg,session_20260703_151305,train_data/session_20260703_151305/frame_00025_151421_104.jpg
session_20260703_151305/frame_00026_151424_106.jpg,session_20260703_151305,train_data/session_20260703_151305/frame_00026_151424_106.jpg
session_20260703_151305/frame_00027_151427_108.jpg,session_20260703_151305,train_data/session_20260703_151305/frame_00027_151427_108.jpg
session_20260703_151305/frame_00028_151430_110.jpg,session_20260703_151305,train_data/session_20260703_151305/frame_00028_151430_110.jpg
session_20260703_151305/frame_00029_151433_112.jpg,session_20260703_151305,train_data/session_20260703_151305/frame_00029_151433_112.jpg
session_20260703_151305/frame_00030_151436_115.jpg,session_20260703_151305,train_data/session_20260703_151305/frame_00030_151436_115.jpg
session_20260703_151305/frame_00031_151439_118.jpg,session_20260703_151305,train_data/session_20260703_151305/frame_00031_151439_118.jpg
session_20260703_151305/frame_00032_151442_119.jpg,session_20260703_151305,train_data/session_20260703_151305/frame_00032_151442_119.jpg
session_20260703_151305/frame_00033_151445_121.jpg,session_20260703_151305,train_data/session_20260703_151305/frame_00033_151445_121.jpg
session_20260703_151305/frame_00034_151448_130.jpg,session_20260703_151305,train_data/session_20260703_151305/frame_00034_151448_130.jpg
session_20260703_151305/frame_00035_151451_126.jpg,session_20260703_151305,train_data/session_20260703_151305/frame_00035_151451_126.jpg
session_20260703_151305/frame_00036_151454_127.jpg,session_20260703_151305,train_data/session_20260703_151305/frame_00036_151454_127.jpg
session_20260703_151305/frame_00037_151457_128.jpg,session_20260703_151305,train_data/session_20260703_151305/frame_00037_151457_128.jpg
session_20260703_151305/frame_00038_151500_131.jpg,session_20260703_151305,train_data/session_20260703_151305/frame_00038_151500_131.jpg
session_20260703_151305/frame_00039_151503_133.jpg,session_20260703_151305,train_data/session_20260703_151305/frame_00039_151503_133.jpg
session_20260703_151305/frame_00040_151506_135.jpg,session_20260703_151305,train_data/session_20260703_151305/frame_00040_151506_135.jpg
session_20260703_151305/frame_00041_151509_137.jpg,session_20260703_151305,train_data/session_20260703_151305/frame_00041_151509_137.jpg
session_20260703_151305/frame_00042_151512_139.jpg,session_20260703_151305,train_data/session_20260703_151305/frame_00042_151512_139.jpg
session_20260703_151305/frame_00043_151515_142.jpg,session_20260703_151305,train_data/session_20260703_151305/frame_00043_151515_142.jpg
session_20260703_151305/frame_00044_151518_143.jpg,session_20260703_151305,train_data/session_20260703_151305/frame_00044_151518_143.jpg
session_20260703_151305/frame_00045_151521_146.jpg,session_20260703_151305,train_data/session_20260703_151305/frame_00045_151521_146.jpg
session_20260703_151305/frame_00046_151524_147.jpg,session_20260703_151305,train_data/session_20260703_151305/frame_00046_151524_147.jpg
session_20260703_151305/frame_00047_151527_150.jpg,session_20260703_151305,train_data/session_20260703_151305/frame_00047_151527_150.jpg
session_20260703_151305/frame_00048_151530_152.jpg,session_20260703_151305,train_data/session_20260703_151305/frame_00048_151530_152.jpg
session_20260703_151305/frame_00049_151533_154.jpg,session_20260703_151305,train_data/session_20260703_151305/frame_00049_151533_154.jpg
session_20260703_151305/frame_00050_151536_157.jpg,session_20260703_151305,train_data/session_20260703_151305/frame_00050_151536_157.jpg
session_20260703_151305/frame_00051_151539_163.jpg,session_20260703_151305,train_data/session_20260703_151305/frame_00051_151539_163.jpg
session_20260703_151305/frame_00052_151542_193.jpg,session_20260703_151305,train_data/session_20260703_151305/frame_00052_151542_193.jpg
session_20260703_151305/frame_00053_151545_196.jpg,session_20260703_151305,train_data/session_20260703_151305/frame_00053_151545_196.jpg
session_20260703_151305/frame_00054_151548_197.jpg,session_20260703_151305,train_data/session_20260703_151305/frame_00054_151548_197.jpg
session_20260703_151305/frame_00055_151551_200.jpg,session_20260703_151305,train_data/session_20260703_151305/frame_00055_151551_200.jpg
session_20260703_151305/frame_00056_151554_201.jpg,session_20260703_151305,train_data/session_20260703_151305/frame_00056_151554_201.jpg
session_20260703_151305/frame_00057_151557_205.jpg,session_20260703_151305,train_data/session_20260703_151305/frame_00057_151557_205.jpg
session_20260703_151305/frame_00058_151600_206.jpg,session_20260703_151305,train_data/session_20260703_151305/frame_00058_151600_206.jpg
session_20260703_151305/frame_00059_151603_207.jpg,session_20260703_151305,train_data/session_20260703_151305/frame_00059_151603_207.jpg
session_20260703_151305/frame_00060_151606_213.jpg,session_20260703_151305,train_data/session_20260703_151305/frame_00060_151606_213.jpg
session_20260703_151305/frame_00061_151609_247.jpg,session_20260703_151305,train_data/session_20260703_151305/frame_00061_151609_247.jpg
session_20260703_151305/frame_00062_151612_248.jpg,session_20260703_151305,train_data/session_20260703_151305/frame_00062_151612_248.jpg
session_20260703_151305/frame_00063_151615_249.jpg,session_20260703_151305,train_data/session_20260703_151305/frame_00063_151615_249.jpg
session_20260703_151305/frame_00064_151618_258.jpg,session_20260703_151305,train_data/session_20260703_151305/frame_00064_151618_258.jpg
session_20260703_151305/frame_00065_151621_254.jpg,session_20260703_151305,train_data/session_20260703_151305/frame_00065_151621_254.jpg
session_20260703_151305/frame_00066_151624_256.jpg,session_20260703_151305,train_data/session_20260703_151305/frame_00066_151624_256.jpg
session_20260703_151305/frame_00067_151627_259.jpg,session_20260703_151305,train_data/session_20260703_151305/frame_00067_151627_259.jpg
session_20260703_151305/frame_00068_151630_260.jpg,session_20260703_151305,train_data/session_20260703_151305/frame_00068_151630_260.jpg
session_20260703_151305/frame_00069_151633_262.jpg,session_20260703_151305,train_data/session_20260703_151305/frame_00069_151633_262.jpg
session_20260703_151305/frame_00070_151636_264.jpg,session_20260703_151305,train_data/session_20260703_151305/frame_00070_151636_264.jpg
session_20260703_151305/frame_00071_151639_266.jpg,session_20260703_151305,train_data/session_20260703_151305/frame_00071_151639_266.jpg
session_20260703_151305/frame_00072_151642_268.jpg,session_20260703_151305,train_data/session_20260703_151305/frame_00072_151642_268.jpg
session_20260703_151305/frame_00073_151645_272.jpg,session_20260703_151305,train_data/session_20260703_151305/frame_00073_151645_272.jpg
session_20260703_151305/frame_00074_151648_273.jpg,session_20260703_151305,train_data/session_20260703_151305/frame_00074_151648_273.jpg
session_20260703_151305/frame_00075_151651_275.jpg,session_20260703_151305,train_data/session_20260703_151305/frame_00075_151651_275.jpg
session_20260703_151305/frame_00076_151654_278.jpg,session_20260703_151305,train_data/session_20260703_151305/frame_00076_151654_278.jpg
session_20260703_151305/frame_00077_151657_279.jpg,session_20260703_151305,train_data/session_20260703_151305/frame_00077_151657_279.jpg
session_20260703_151305/frame_00078_151700_281.jpg,session_20260703_151305,train_data/session_20260703_151305/frame_00078_151700_281.jpg
session_20260703_151305/frame_00079_151703_283.jpg,session_20260703_151305,train_data/session_20260703_151305/frame_00079_151703_283.jpg
session_20260703_151305/frame_00080_151706_285.jpg,session_20260703_151305,train_data/session_20260703_151305/frame_00080_151706_285.jpg
session_20260703_151305/frame_00081_151709_288.jpg,session_20260703_151305,train_data/session_20260703_151305/frame_00081_151709_288.jpg
session_20260703_151305/frame_00082_151712_289.jpg,session_20260703_151305,train_data/session_20260703_151305/frame_00082_151712_289.jpg
session_20260703_151305/frame_00083_151715_300.jpg,session_20260703_151305,train_data/session_20260703_151305/frame_00083_151715_300.jpg
session_20260703_151305/frame_00084_151718_295.jpg,session_20260703_151305,train_data/session_20260703_151305/frame_00084_151718_295.jpg
session_20260703_151305/frame_00085_151721_295.jpg,session_20260703_151305,train_data/session_20260703_151305/frame_00085_151721_295.jpg
session_20260703_151305/frame_00086_151724_298.jpg,session_20260703_151305,train_data/session_20260703_151305/frame_00086_151724_298.jpg
session_20260703_151305/frame_00087_151727_300.jpg,session_20260703_151305,train_data/session_20260703_151305/frame_00087_151727_300.jpg
session_20260703_151305/frame_00088_151730_301.jpg,session_20260703_151305,train_data/session_20260703_151305/frame_00088_151730_301.jpg
session_20260703_151305/frame_00091_151739_307.jpg,session_20260703_151305,train_data/session_20260703_151305/frame_00091_151739_307.jpg
session_20260703_151305/frame_00092_151742_310.jpg,session_20260703_151305,train_data/session_20260703_151305/frame_00092_151742_310.jpg
session_20260703_151305/frame_00093_151745_314.jpg,session_20260703_151305,train_data/session_20260703_151305/frame_00093_151745_314.jpg
session_20260703_151305/frame_00094_151748_314.jpg,session_20260703_151305,train_data/session_20260703_151305/frame_00094_151748_314.jpg
session_20260703_151305/frame_00095_151751_317.jpg,session_20260703_151305,train_data/session_20260703_151305/frame_00095_151751_317.jpg
session_20260703_151305/frame_00096_151754_318.jpg,session_20260703_151305,train_data/session_20260703_151305/frame_00096_151754_318.jpg
session_20260703_151305/frame_00097_151757_320.jpg,session_20260703_151305,train_data/session_20260703_151305/frame_00097_151757_320.jpg
session_20260703_151305/frame_00098_151800_322.jpg,session_20260703_151305,train_data/session_20260703_151305/frame_00098_151800_322.jpg
session_20260703_151305/frame_00099_151803_324.jpg,session_20260703_151305,train_data/session_20260703_151305/frame_00099_151803_324.jpg
session_20260703_151305/frame_00100_151806_326.jpg,session_20260703_151305,train_data/session_20260703_151305/frame_00100_151806_326.jpg
session_20260703_151305/frame_00101_151809_336.jpg,session_20260703_151305,train_data/session_20260703_151305/frame_00101_151809_336.jpg
session_20260703_151305/frame_00102_151812_331.jpg,session_20260703_151305,train_data/session_20260703_151305/frame_00102_151812_331.jpg
session_20260703_151305/frame_00103_151815_332.jpg,session_20260703_151305,train_data/session_20260703_151305/frame_00103_151815_332.jpg
session_20260703_151305/frame_00104_151818_335.jpg,session_20260703_151305,train_data/session_20260703_151305/frame_00104_151818_335.jpg
session_20260703_151305/frame_00105_151821_336.jpg,session_20260703_151305,train_data/session_20260703_151305/frame_00105_151821_336.jpg
session_20260703_151305/frame_00106_151824_338.jpg,session_20260703_151305,train_data/session_20260703_151305/frame_00106_151824_338.jpg
session_20260703_151305/frame_00107_151827_341.jpg,session_20260703_151305,train_data/session_20260703_151305/frame_00107_151827_341.jpg
session_20260703_151305/frame_00108_151830_343.jpg,session_20260703_151305,train_data/session_20260703_151305/frame_00108_151830_343.jpg
session_20260703_151305/frame_00109_151833_346.jpg,session_20260703_151305,train_data/session_20260703_151305/frame_00109_151833_346.jpg
session_20260703_151305/frame_00110_151836_347.jpg,session_20260703_151305,train_data/session_20260703_151305/frame_00110_151836_347.jpg
session_20260703_151305/frame_00111_151839_349.jpg,session_20260703_151305,train_data/session_20260703_151305/frame_00111_151839_349.jpg
session_20260703_151305/frame_00112_151842_353.jpg,session_20260703_151305,train_data/session_20260703_151305/frame_00112_151842_353.jpg
session_20260703_151305/frame_00113_151845_353.jpg,session_20260703_151305,train_data/session_20260703_151305/frame_00113_151845_353.jpg
session_20260703_151305/frame_00114_151848_355.jpg,session_20260703_151305,train_data/session_20260703_151305/frame_00114_151848_355.jpg
session_20260703_151305/frame_00115_151851_357.jpg,session_20260703_151305,train_data/session_20260703_151305/frame_00115_151851_357.jpg
session_20260703_151305/frame_00116_151854_360.jpg,session_20260703_151305,train_data/session_20260703_151305/frame_00116_151854_360.jpg
session_20260703_151305/frame_00117_151857_361.jpg,session_20260703_151305,train_data/session_20260703_151305/frame_00117_151857_361.jpg
session_20260703_151305/frame_00118_151900_364.jpg,session_20260703_151305,train_data/session_20260703_151305/frame_00118_151900_364.jpg
session_20260703_151305/frame_00119_151903_366.jpg,session_20260703_151305,train_data/session_20260703_151305/frame_00119_151903_366.jpg
session_20260703_151305/frame_00120_151906_368.jpg,session_20260703_151305,train_data/session_20260703_151305/frame_00120_151906_368.jpg
session_20260703_151305/frame_00121_151909_370.jpg,session_20260703_151305,train_data/session_20260703_151305/frame_00121_151909_370.jpg
session_20260703_151305/frame_00123_151915_375.jpg,session_20260703_151305,train_data/session_20260703_151305/frame_00123_151915_375.jpg
session_20260703_151305/frame_00124_151918_376.jpg,session_20260703_151305,train_data/session_20260703_151305/frame_00124_151918_376.jpg
session_20260703_151305/frame_00125_151921_378.jpg,session_20260703_151305,train_data/session_20260703_151305/frame_00125_151921_378.jpg
session_20260703_151305/frame_00126_151924_381.jpg,session_20260703_151305,train_data/session_20260703_151305/frame_00126_151924_381.jpg
session_20260703_151305/frame_00127_151927_388.jpg,session_20260703_151305,train_data/session_20260703_151305/frame_00127_151927_388.jpg
session_20260703_151305/frame_00129_151933_387.jpg,session_20260703_151305,train_data/session_20260703_151305/frame_00129_151933_387.jpg
session_20260703_151305/frame_00130_151936_390.jpg,session_20260703_151305,train_data/session_20260703_151305/frame_00130_151936_390.jpg
session_20260703_151305/frame_00131_151939_391.jpg,session_20260703_151305,train_data/session_20260703_151305/frame_00131_151939_391.jpg
session_20260703_151305/frame_00132_151942_393.jpg,session_20260703_151305,train_data/session_20260703_151305/frame_00132_151942_393.jpg
session_20260703_151305/frame_00133_151945_395.jpg,session_20260703_151305,train_data/session_20260703_151305/frame_00133_151945_395.jpg
session_20260703_151305/frame_00134_151948_397.jpg,session_20260703_151305,train_data/session_20260703_151305/frame_00134_151948_397.jpg
session_20260703_151305/frame_00135_151951_399.jpg,session_20260703_151305,train_data/session_20260703_151305/frame_00135_151951_399.jpg
session_20260703_151305/frame_00136_151954_402.jpg,session_20260703_151305,train_data/session_20260703_151305/frame_00136_151954_402.jpg
session_20260703_151305/frame_00137_151957_402.jpg,session_20260703_151305,train_data/session_20260703_151305/frame_00137_151957_402.jpg
session_20260703_151305/frame_00138_152000_406.jpg,session_20260703_151305,train_data/session_20260703_151305/frame_00138_152000_406.jpg
session_20260703_151305/frame_00139_152003_414.jpg,session_20260703_151305,train_data/session_20260703_151305/frame_00139_152003_414.jpg
session_20260703_151305/frame_00140_152006_410.jpg,session_20260703_151305,train_data/session_20260703_151305/frame_00140_152006_410.jpg
session_20260703_151305/frame_00141_152009_412.jpg,session_20260703_151305,train_data/session_20260703_151305/frame_00141_152009_412.jpg
session_20260703_151305/frame_00142_152012_414.jpg,session_20260703_151305,train_data/session_20260703_151305/frame_00142_152012_414.jpg
session_20260703_151305/frame_00143_152015_416.jpg,session_20260703_151305,train_data/session_20260703_151305/frame_00143_152015_416.jpg
session_20260703_151305/frame_00144_152018_417.jpg,session_20260703_151305,train_data/session_20260703_151305/frame_00144_152018_417.jpg
session_20260703_151305/frame_00145_152021_421.jpg,session_20260703_151305,train_data/session_20260703_151305/frame_00145_152021_421.jpg
session_20260703_151305/frame_00147_152027_424.jpg,session_20260703_151305,train_data/session_20260703_151305/frame_00147_152027_424.jpg
session_20260703_151305/frame_00148_152030_426.jpg,session_20260703_151305,train_data/session_20260703_151305/frame_00148_152030_426.jpg
session_20260703_151305/frame_00149_152033_428.jpg,session_20260703_151305,train_data/session_20260703_151305/frame_00149_152033_428.jpg
session_20260703_151305/frame_00150_152036_430.jpg,session_20260703_151305,train_data/session_20260703_151305/frame_00150_152036_430.jpg
session_20260703_151305/frame_00151_152039_432.jpg,session_20260703_151305,train_data/session_20260703_151305/frame_00151_152039_432.jpg
session_20260703_151305/frame_00152_152042_437.jpg,session_20260703_151305,train_data/session_20260703_151305/frame_00152_152042_437.jpg
session_20260703_151305/frame_00153_152045_437.jpg,session_20260703_151305,train_data/session_20260703_151305/frame_00153_152045_437.jpg
session_20260703_151305/frame_00154_152048_438.jpg,session_20260703_151305,train_data/session_20260703_151305/frame_00154_152048_438.jpg
session_20260703_151305/frame_00155_152051_445.jpg,session_20260703_151305,train_data/session_20260703_151305/frame_00155_152051_445.jpg
session_20260703_151305/frame_00156_152054_476.jpg,session_20260703_151305,train_data/session_20260703_151305/frame_00156_152054_476.jpg
session_20260703_151305/frame_00157_152057_477.jpg,session_20260703_151305,train_data/session_20260703_151305/frame_00157_152057_477.jpg
session_20260703_151305/frame_00158_152100_480.jpg,session_20260703_151305,train_data/session_20260703_151305/frame_00158_152100_480.jpg
session_20260703_151305/frame_00159_152103_482.jpg,session_20260703_151305,train_data/session_20260703_151305/frame_00159_152103_482.jpg
session_20260703_151305/frame_00160_152106_487.jpg,session_20260703_151305,train_data/session_20260703_151305/frame_00160_152106_487.jpg
session_20260703_151305/frame_00161_152109_492.jpg,session_20260703_151305,train_data/session_20260703_151305/frame_00161_152109_492.jpg
session_20260703_151305/frame_00162_152112_496.jpg,session_20260703_151305,train_data/session_20260703_151305/frame_00162_152112_496.jpg
session_20260703_151305/frame_00163_152115_491.jpg,session_20260703_151305,train_data/session_20260703_151305/frame_00163_152115_491.jpg
session_20260703_151305/frame_00164_152118_494.jpg,session_20260703_151305,train_data/session_20260703_151305/frame_00164_152118_494.jpg
session_20260703_151305/frame_00165_152121_494.jpg,session_20260703_151305,train_data/session_20260703_151305/frame_00165_152121_494.jpg
session_20260703_151305/frame_00167_152127_505.jpg,session_20260703_151305,train_data/session_20260703_151305/frame_00167_152127_505.jpg
session_20260703_151305/frame_00168_152130_501.jpg,session_20260703_151305,train_data/session_20260703_151305/frame_00168_152130_501.jpg
session_20260703_151305/frame_00169_152133_503.jpg,session_20260703_151305,train_data/session_20260703_151305/frame_00169_152133_503.jpg
session_20260703_151305/frame_00170_152136_505.jpg,session_20260703_151305,train_data/session_20260703_151305/frame_00170_152136_505.jpg
session_20260703_151305/frame_00171_152139_507.jpg,session_20260703_151305,train_data/session_20260703_151305/frame_00171_152139_507.jpg
session_20260703_151305/frame_00172_152142_511.jpg,session_20260703_151305,train_data/session_20260703_151305/frame_00172_152142_511.jpg
session_20260703_151305/frame_00173_152145_512.jpg,session_20260703_151305,train_data/session_20260703_151305/frame_00173_152145_512.jpg
session_20260703_151305/frame_00174_152148_514.jpg,session_20260703_151305,train_data/session_20260703_151305/frame_00174_152148_514.jpg
session_20260703_151305/frame_00175_152151_516.jpg,session_20260703_151305,train_data/session_20260703_151305/frame_00175_152151_516.jpg
session_20260703_151305/frame_00176_152154_520.jpg,session_20260703_151305,train_data/session_20260703_151305/frame_00176_152154_520.jpg
session_20260703_151305/frame_00178_152200_522.jpg,session_20260703_151305,train_data/session_20260703_151305/frame_00178_152200_522.jpg
session_20260703_151305/frame_00179_152203_524.jpg,session_20260703_151305,train_data/session_20260703_151305/frame_00179_152203_524.jpg
session_20260703_151305/frame_00180_152206_526.jpg,session_20260703_151305,train_data/session_20260703_151305/frame_00180_152206_526.jpg
session_20260703_151305/frame_00181_152209_528.jpg,session_20260703_151305,train_data/session_20260703_151305/frame_00181_152209_528.jpg
session_20260703_151305/frame_00182_152212_530.jpg,session_20260703_151305,train_data/session_20260703_151305/frame_00182_152212_530.jpg
session_20260703_151305/frame_00183_152215_532.jpg,session_20260703_151305,train_data/session_20260703_151305/frame_00183_152215_532.jpg
session_20260703_151305/frame_00184_152218_534.jpg,session_20260703_151305,train_data/session_20260703_151305/frame_00184_152218_534.jpg
session_20260703_151305/frame_00185_152221_537.jpg,session_20260703_151305,train_data/session_20260703_151305/frame_00185_152221_537.jpg
session_20260703_151305/frame_00186_152224_543.jpg,session_20260703_151305,train_data/session_20260703_151305/frame_00186_152224_543.jpg
session_20260703_151305/frame_00187_152227_542.jpg,session_20260703_151305,train_data/session_20260703_151305/frame_00187_152227_542.jpg
session_20260703_151305/frame_00188_152230_543.jpg,session_20260703_151305,train_data/session_20260703_151305/frame_00188_152230_543.jpg
session_20260703_151305/frame_00189_152233_545.jpg,session_20260703_151305,train_data/session_20260703_151305/frame_00189_152233_545.jpg
session_20260703_151305/frame_00190_152236_547.jpg,session_20260703_151305,train_data/session_20260703_151305/frame_00190_152236_547.jpg
session_20260703_151305/frame_00191_152239_549.jpg,session_20260703_151305,train_data/session_20260703_151305/frame_00191_152239_549.jpg
session_20260703_151305/frame_00192_152242_550.jpg,session_20260703_151305,train_data/session_20260703_151305/frame_00192_152242_550.jpg
session_20260703_151305/frame_00193_152245_555.jpg,session_20260703_151305,train_data/session_20260703_151305/frame_00193_152245_555.jpg
session_20260703_151305/frame_00194_152248_558.jpg,session_20260703_151305,train_data/session_20260703_151305/frame_00194_152248_558.jpg
session_20260703_151305/frame_00195_152251_561.jpg,session_20260703_151305,train_data/session_20260703_151305/frame_00195_152251_561.jpg
session_20260703_151305/frame_00196_152254_559.jpg,session_20260703_151305,train_data/session_20260703_151305/frame_00196_152254_559.jpg
session_20260703_151305/frame_00197_152257_560.jpg,session_20260703_151305,train_data/session_20260703_151305/frame_00197_152257_560.jpg
session_20260703_151305/frame_00198_152300_568.jpg,session_20260703_151305,train_data/session_20260703_151305/frame_00198_152300_568.jpg
session_20260703_151305/frame_00199_152303_565.jpg,session_20260703_151305,train_data/session_20260703_151305/frame_00199_152303_565.jpg
session_20260703_151305/frame_00200_152306_568.jpg,session_20260703_151305,train_data/session_20260703_151305/frame_00200_152306_568.jpg
session_20260703_151305/frame_00201_152309_570.jpg,session_20260703_151305,train_data/session_20260703_151305/frame_00201_152309_570.jpg
session_20260703_151305/frame_00202_152312_572.jpg,session_20260703_151305,train_data/session_20260703_151305/frame_00202_152312_572.jpg
session_20260703_151305/frame_00203_152315_574.jpg,session_20260703_151305,train_data/session_20260703_151305/frame_00203_152315_574.jpg
session_20260703_151305/frame_00204_152318_576.jpg,session_20260703_151305,train_data/session_20260703_151305/frame_00204_152318_576.jpg
session_20260703_151305/frame_00205_152321_582.jpg,session_20260703_151305,train_data/session_20260703_151305/frame_00205_152321_582.jpg
session_20260703_151305/frame_00206_152324_579.jpg,session_20260703_151305,train_data/session_20260703_151305/frame_00206_152324_579.jpg
session_20260703_151305/frame_00207_152327_582.jpg,session_20260703_151305,train_data/session_20260703_151305/frame_00207_152327_582.jpg
session_20260703_151305/frame_00208_152330_584.jpg,session_20260703_151305,train_data/session_20260703_151305/frame_00208_152330_584.jpg
session_20260703_151305/frame_00209_152333_587.jpg,session_20260703_151305,train_data/session_20260703_151305/frame_00209_152333_587.jpg
session_20260703_151305/frame_00210_152336_589.jpg,session_20260703_151305,train_data/session_20260703_151305/frame_00210_152336_589.jpg
session_20260703_151305/frame_00211_152339_589.jpg,session_20260703_151305,train_data/session_20260703_151305/frame_00211_152339_589.jpg
session_20260703_151305/frame_00212_152342_593.jpg,session_20260703_151305,train_data/session_20260703_151305/frame_00212_152342_593.jpg
session_20260703_151305/frame_00213_152345_595.jpg,session_20260703_151305,train_data/session_20260703_151305/frame_00213_152345_595.jpg
session_20260703_151305/frame_00214_152348_596.jpg,session_20260703_151305,train_data/session_20260703_151305/frame_00214_152348_596.jpg
session_20260703_151305/frame_00215_152351_598.jpg,session_20260703_151305,train_data/session_20260703_151305/frame_00215_152351_598.jpg
session_20260703_151305/frame_00216_152354_603.jpg,session_20260703_151305,train_data/session_20260703_151305/frame_00216_152354_603.jpg
session_20260703_151305/frame_00217_152357_603.jpg,session_20260703_151305,train_data/session_20260703_151305/frame_00217_152357_603.jpg
session_20260703_151305/frame_00218_152400_605.jpg,session_20260703_151305,train_data/session_20260703_151305/frame_00218_152400_605.jpg
session_20260703_151305/frame_00219_152403_608.jpg,session_20260703_151305,train_data/session_20260703_151305/frame_00219_152403_608.jpg
session_20260703_151305/frame_00228_152430_626.jpg,session_20260703_151305,train_data/session_20260703_151305/frame_00228_152430_626.jpg
session_20260703_151305/frame_00229_152433_628.jpg,session_20260703_151305,train_data/session_20260703_151305/frame_00229_152433_628.jpg
session_20260703_151305/frame_00230_152436_630.jpg,session_20260703_151305,train_data/session_20260703_151305/frame_00230_152436_630.jpg
session_20260703_151305/frame_00231_152439_632.jpg,session_20260703_151305,train_data/session_20260703_151305/frame_00231_152439_632.jpg
session_20260703_151305/frame_00232_152442_634.jpg,session_20260703_151305,train_data/session_20260703_151305/frame_00232_152442_634.jpg
session_20260703_151305/frame_00233_152445_636.jpg,session_20260703_151305,train_data/session_20260703_151305/frame_00233_152445_636.jpg
session_20260703_151305/frame_00234_152448_638.jpg,session_20260703_151305,train_data/session_20260703_151305/frame_00234_152448_638.jpg
session_20260703_151305/frame_00235_152451_639.jpg,session_20260703_151305,train_data/session_20260703_151305/frame_00235_152451_639.jpg
session_20260703_151305/frame_00236_152454_642.jpg,session_20260703_151305,train_data/session_20260703_151305/frame_00236_152454_642.jpg
session_20260703_151305/frame_00237_152457_645.jpg,session_20260703_151305,train_data/session_20260703_151305/frame_00237_152457_645.jpg
session_20260703_151305/frame_00238_152500_647.jpg,session_20260703_151305,train_data/session_20260703_151305/frame_00238_152500_647.jpg
session_20260703_151305/frame_00239_152503_650.jpg,session_20260703_151305,train_data/session_20260703_151305/frame_00239_152503_650.jpg
session_20260703_151305/frame_00240_152506_651.jpg,session_20260703_151305,train_data/session_20260703_151305/frame_00240_152506_651.jpg
session_20260703_151305/frame_00241_152509_652.jpg,session_20260703_151305,train_data/session_20260703_151305/frame_00241_152509_652.jpg
session_20260703_151305/frame_00242_152512_654.jpg,session_20260703_151305,train_data/session_20260703_151305/frame_00242_152512_654.jpg
session_20260703_151305/frame_00243_152515_657.jpg,session_20260703_151305,train_data/session_20260703_151305/frame_00243_152515_657.jpg
session_20260703_151305/frame_00244_152518_659.jpg,session_20260703_151305,train_data/session_20260703_151305/frame_00244_152518_659.jpg
session_20260703_151305/frame_00245_152521_660.jpg,session_20260703_151305,train_data/session_20260703_151305/frame_00245_152521_660.jpg
session_20260703_151305/frame_00246_152524_664.jpg,session_20260703_151305,train_data/session_20260703_151305/frame_00246_152524_664.jpg
session_20260703_151305/frame_00247_152527_665.jpg,session_20260703_151305,train_data/session_20260703_151305/frame_00247_152527_665.jpg
session_20260703_151305/frame_00248_152530_667.jpg,session_20260703_151305,train_data/session_20260703_151305/frame_00248_152530_667.jpg
session_20260703_151305/frame_00249_152533_670.jpg,session_20260703_151305,train_data/session_20260703_151305/frame_00249_152533_670.jpg
session_20260703_151305/frame_00250_152536_670.jpg,session_20260703_151305,train_data/session_20260703_151305/frame_00250_152536_670.jpg
session_20260703_151305/frame_00251_152539_674.jpg,session_20260703_151305,train_data/session_20260703_151305/frame_00251_152539_674.jpg
session_20260703_151305/frame_00252_152542_675.jpg,session_20260703_151305,train_data/session_20260703_151305/frame_00252_152542_675.jpg
session_20260703_151305/frame_00253_152545_678.jpg,session_20260703_151305,train_data/session_20260703_151305/frame_00253_152545_678.jpg
session_20260703_151305/frame_00254_152548_680.jpg,session_20260703_151305,train_data/session_20260703_151305/frame_00254_152548_680.jpg
session_20260703_151305/frame_00255_152551_682.jpg,session_20260703_151305,train_data/session_20260703_151305/frame_00255_152551_682.jpg
session_20260703_151305/frame_00256_152554_683.jpg,session_20260703_151305,train_data/session_20260703_151305/frame_00256_152554_683.jpg
session_20260703_151305/frame_00257_152557_686.jpg,session_20260703_151305,train_data/session_20260703_151305/frame_00257_152557_686.jpg
session_20260703_151305/frame_00258_152600_688.jpg,session_20260703_151305,train_data/session_20260703_151305/frame_00258_152600_688.jpg
session_20260703_151305/frame_00259_152603_690.jpg,session_20260703_151305,train_data/session_20260703_151305/frame_00259_152603_690.jpg
session_20260703_151305/frame_00260_152606_693.jpg,session_20260703_151305,train_data/session_20260703_151305/frame_00260_152606_693.jpg
session_20260703_151305/frame_00261_152609_693.jpg,session_20260703_151305,train_data/session_20260703_151305/frame_00261_152609_693.jpg
session_20260703_151305/frame_00262_152612_695.jpg,session_20260703_151305,train_data/session_20260703_151305/frame_00262_152612_695.jpg
session_20260703_151305/frame_00263_152615_697.jpg,session_20260703_151305,train_data/session_20260703_151305/frame_00263_152615_697.jpg
session_20260703_151305/frame_00264_152618_701.jpg,session_20260703_151305,train_data/session_20260703_151305/frame_00264_152618_701.jpg
session_20260703_151305/frame_00265_152621_703.jpg,session_20260703_151305,train_data/session_20260703_151305/frame_00265_152621_703.jpg
session_20260703_151305/frame_00266_152624_705.jpg,session_20260703_151305,train_data/session_20260703_151305/frame_00266_152624_705.jpg
session_20260703_151305/frame_00267_152627_707.jpg,session_20260703_151305,train_data/session_20260703_151305/frame_00267_152627_707.jpg
session_20260703_151305/frame_00268_152630_709.jpg,session_20260703_151305,train_data/session_20260703_151305/frame_00268_152630_709.jpg
session_20260703_151305/frame_00269_152633_711.jpg,session_20260703_151305,train_data/session_20260703_151305/frame_00269_152633_711.jpg
session_20260703_151305/frame_00270_152636_713.jpg,session_20260703_151305,train_data/session_20260703_151305/frame_00270_152636_713.jpg
session_20260703_151305/frame_00271_152639_715.jpg,session_20260703_151305,train_data/session_20260703_151305/frame_00271_152639_715.jpg
session_20260703_151305/frame_00272_152642_717.jpg,session_20260703_151305,train_data/session_20260703_151305/frame_00272_152642_717.jpg
session_20260703_151305/frame_00276_152654_726.jpg,session_20260703_151305,train_data/session_20260703_151305/frame_00276_152654_726.jpg
session_20260703_151305/frame_00277_152657_728.jpg,session_20260703_151305,train_data/session_20260703_151305/frame_00277_152657_728.jpg
session_20260703_151305/frame_00278_152700_730.jpg,session_20260703_151305,train_data/session_20260703_151305/frame_00278_152700_730.jpg
session_20260703_151305/frame_00279_152703_732.jpg,session_20260703_151305,train_data/session_20260703_151305/frame_00279_152703_732.jpg
session_20260703_151305/frame_00280_152706_734.jpg,session_20260703_151305,train_data/session_20260703_151305/frame_00280_152706_734.jpg
session_20260703_151305/frame_00281_152709_735.jpg,session_20260703_151305,train_data/session_20260703_151305/frame_00281_152709_735.jpg
session_20260703_151305/frame_00282_152712_739.jpg,session_20260703_151305,train_data/session_20260703_151305/frame_00282_152712_739.jpg
session_20260703_151305/frame_00283_152715_740.jpg,session_20260703_151305,train_data/session_20260703_151305/frame_00283_152715_740.jpg
session_20260703_151305/frame_00284_152718_742.jpg,session_20260703_151305,train_data/session_20260703_151305/frame_00284_152718_742.jpg
session_20260703_151305/frame_00285_152721_744.jpg,session_20260703_151305,train_data/session_20260703_151305/frame_00285_152721_744.jpg
session_20260703_151305/frame_00286_152724_747.jpg,session_20260703_151305,train_data/session_20260703_151305/frame_00286_152724_747.jpg
session_20260703_151305/frame_00287_152727_755.jpg,session_20260703_151305,train_data/session_20260703_151305/frame_00287_152727_755.jpg
session_20260703_151305/frame_00288_152730_785.jpg,session_20260703_151305,train_data/session_20260703_151305/frame_00288_152730_785.jpg
session_20260703_151305/frame_00289_152733_786.jpg,session_20260703_151305,train_data/session_20260703_151305/frame_00289_152733_786.jpg
session_20260703_151305/frame_00290_152736_788.jpg,session_20260703_151305,train_data/session_20260703_151305/frame_00290_152736_788.jpg
session_20260703_151305/frame_00291_152739_790.jpg,session_20260703_151305,train_data/session_20260703_151305/frame_00291_152739_790.jpg
session_20260703_151305/frame_00292_152742_792.jpg,session_20260703_151305,train_data/session_20260703_151305/frame_00292_152742_792.jpg
session_20260703_151305/frame_00293_152745_795.jpg,session_20260703_151305,train_data/session_20260703_151305/frame_00293_152745_795.jpg
session_20260703_151305/frame_00294_152748_796.jpg,session_20260703_151305,train_data/session_20260703_151305/frame_00294_152748_796.jpg
session_20260703_151305/frame_00296_152754_801.jpg,session_20260703_151305,train_data/session_20260703_151305/frame_00296_152754_801.jpg
session_20260703_151305/frame_00297_152757_802.jpg,session_20260703_151305,train_data/session_20260703_151305/frame_00297_152757_802.jpg
session_20260703_151305/frame_00298_152800_806.jpg,session_20260703_151305,train_data/session_20260703_151305/frame_00298_152800_806.jpg
session_20260703_151305/frame_00299_152803_809.jpg,session_20260703_151305,train_data/session_20260703_151305/frame_00299_152803_809.jpg
session_20260703_151305/frame_00300_152806_814.jpg,session_20260703_151305,train_data/session_20260703_151305/frame_00300_152806_814.jpg
session_20260703_151305/frame_00302_152812_813.jpg,session_20260703_151305,train_data/session_20260703_151305/frame_00302_152812_813.jpg
session_20260703_151305/frame_00303_152815_815.jpg,session_20260703_151305,train_data/session_20260703_151305/frame_00303_152815_815.jpg
session_20260703_151305/frame_00304_152818_816.jpg,session_20260703_151305,train_data/session_20260703_151305/frame_00304_152818_816.jpg
session_20260703_151305/frame_00305_152821_824.jpg,session_20260703_151305,train_data/session_20260703_151305/frame_00305_152821_824.jpg
session_20260703_151305/frame_00306_152824_821.jpg,session_20260703_151305,train_data/session_20260703_151305/frame_00306_152824_821.jpg
session_20260703_151305/frame_00307_152827_824.jpg,session_20260703_151305,train_data/session_20260703_151305/frame_00307_152827_824.jpg
session_20260703_151305/frame_00308_152830_825.jpg,session_20260703_151305,train_data/session_20260703_151305/frame_00308_152830_825.jpg
session_20260703_151305/frame_00309_152833_827.jpg,session_20260703_151305,train_data/session_20260703_151305/frame_00309_152833_827.jpg
session_20260703_151305/frame_00310_152836_829.jpg,session_20260703_151305,train_data/session_20260703_151305/frame_00310_152836_829.jpg
session_20260703_151305/frame_00311_152839_831.jpg,session_20260703_151305,train_data/session_20260703_151305/frame_00311_152839_831.jpg
session_20260703_151305/frame_00312_152842_839.jpg,session_20260703_151305,train_data/session_20260703_151305/frame_00312_152842_839.jpg
session_20260703_151305/frame_00313_152845_836.jpg,session_20260703_151305,train_data/session_20260703_151305/frame_00313_152845_836.jpg
session_20260703_151305/frame_00314_152848_838.jpg,session_20260703_151305,train_data/session_20260703_151305/frame_00314_152848_838.jpg
session_20260703_151305/frame_00315_152851_840.jpg,session_20260703_151305,train_data/session_20260703_151305/frame_00315_152851_840.jpg
session_20260703_151305/frame_00316_152854_844.jpg,session_20260703_151305,train_data/session_20260703_151305/frame_00316_152854_844.jpg
session_20260703_151305/frame_00317_152857_845.jpg,session_20260703_151305,train_data/session_20260703_151305/frame_00317_152857_845.jpg
session_20260703_151305/frame_00318_152900_847.jpg,session_20260703_151305,train_data/session_20260703_151305/frame_00318_152900_847.jpg
session_20260703_151305/frame_00319_152903_848.jpg,session_20260703_151305,train_data/session_20260703_151305/frame_00319_152903_848.jpg
session_20260703_151305/frame_00320_152906_850.jpg,session_20260703_151305,train_data/session_20260703_151305/frame_00320_152906_850.jpg
session_20260703_151305/frame_00321_152909_851.jpg,session_20260703_151305,train_data/session_20260703_151305/frame_00321_152909_851.jpg
session_20260703_151305/frame_00329_152933_903.jpg,session_20260703_151305,train_data/session_20260703_151305/frame_00329_152933_903.jpg
session_20260703_151305/frame_00330_152936_905.jpg,session_20260703_151305,train_data/session_20260703_151305/frame_00330_152936_905.jpg
session_20260703_151305/frame_00331_152939_907.jpg,session_20260703_151305,train_data/session_20260703_151305/frame_00331_152939_907.jpg
session_20260703_151305/frame_00358_153101_000.jpg,session_20260703_151305,train_data/session_20260703_151305/frame_00358_153101_000.jpg
session_20260703_151305/frame_00361_153110_037.jpg,session_20260703_151305,train_data/session_20260703_151305/frame_00361_153110_037.jpg
session_20260703_151305/frame_00362_153113_038.jpg,session_20260703_151305,train_data/session_20260703_151305/frame_00362_153113_038.jpg
session_20260703_151305/frame_00366_153125_051.jpg,session_20260703_151305,train_data/session_20260703_151305/frame_00366_153125_051.jpg
session_20260703_151305/frame_00367_153128_050.jpg,session_20260703_151305,train_data/session_20260703_151305/frame_00367_153128_050.jpg
session_20260703_151305/frame_00371_153140_056.jpg,session_20260703_151305,train_data/session_20260703_151305/frame_00371_153140_056.jpg
session_20260703_151305/frame_00372_153143_058.jpg,session_20260703_151305,train_data/session_20260703_151305/frame_00372_153143_058.jpg
session_20260703_151305/frame_00375_153152_066.jpg,session_20260703_151305,train_data/session_20260703_151305/frame_00375_153152_066.jpg
session_20260703_151305/frame_00404_153319_305.jpg,session_20260703_151305,train_data/session_20260703_151305/frame_00404_153319_305.jpg
session_20260703_151305/frame_00406_153325_314.jpg,session_20260703_151305,train_data/session_20260703_151305/frame_00406_153325_314.jpg
session_20260703_151305/frame_00407_153328_320.jpg,session_20260703_151305,train_data/session_20260703_151305/frame_00407_153328_320.jpg
session_20260703_151305/frame_00408_153331_323.jpg,session_20260703_151305,train_data/session_20260703_151305/frame_00408_153331_323.jpg
session_20260703_151305/frame_00444_153519_467.jpg,session_20260703_151305,train_data/session_20260703_151305/frame_00444_153519_467.jpg
session_20260703_151305/frame_00445_153522_469.jpg,session_20260703_151305,train_data/session_20260703_151305/frame_00445_153522_469.jpg
session_20260703_151305/frame_00513_153846_660.jpg,session_20260703_151305,train_data/session_20260703_151305/frame_00513_153846_660.jpg
session_20260703_151305/frame_00514_153849_661.jpg,session_20260703_151305,train_data/session_20260703_151305/frame_00514_153849_661.jpg
session_20260703_151305/frame_00515_153852_664.jpg,session_20260703_151305,train_data/session_20260703_151305/frame_00515_153852_664.jpg
session_20260703_151305/frame_00516_153855_667.jpg,session_20260703_151305,train_data/session_20260703_151305/frame_00516_153855_667.jpg
session_20260703_151305/frame_00517_153858_674.jpg,session_20260703_151305,train_data/session_20260703_151305/frame_00517_153858_674.jpg
session_20260703_151305/frame_00518_153901_673.jpg,session_20260703_151305,train_data/session_20260703_151305/frame_00518_153901_673.jpg
session_20260703_151305/frame_00519_153904_676.jpg,session_20260703_151305,train_data/session_20260703_151305/frame_00519_153904_676.jpg
session_20260703_151305/frame_00520_153907_678.jpg,session_20260703_151305,train_data/session_20260703_151305/frame_00520_153907_678.jpg
session_20260703_151305/frame_00521_153910_682.jpg,session_20260703_151305,train_data/session_20260703_151305/frame_00521_153910_682.jpg
session_20260703_151305/frame_00522_153913_685.jpg,session_20260703_151305,train_data/session_20260703_151305/frame_00522_153913_685.jpg
session_20260703_151305/frame_00523_153916_688.jpg,session_20260703_151305,train_data/session_20260703_151305/frame_00523_153916_688.jpg
session_20260703_151305/frame_00524_153919_690.jpg,session_20260703_151305,train_data/session_20260703_151305/frame_00524_153919_690.jpg
session_20260703_151305/frame_00525_153922_693.jpg,session_20260703_151305,train_data/session_20260703_151305/frame_00525_153922_693.jpg
session_20260703_151305/frame_00526_153925_696.jpg,session_20260703_151305,train_data/session_20260703_151305/frame_00526_153925_696.jpg
session_20260703_151305/frame_00527_153928_699.jpg,session_20260703_151305,train_data/session_20260703_151305/frame_00527_153928_699.jpg
session_20260703_151305/frame_00528_153931_702.jpg,session_20260703_151305,train_data/session_20260703_151305/frame_00528_153931_702.jpg
session_20260703_151305/frame_00529_153934_705.jpg,session_20260703_151305,train_data/session_20260703_151305/frame_00529_153934_705.jpg
session_20260703_151305/frame_00530_153937_707.jpg,session_20260703_151305,train_data/session_20260703_151305/frame_00530_153937_707.jpg
session_20260703_151305/frame_00531_153940_710.jpg,session_20260703_151305,train_data/session_20260703_151305/frame_00531_153940_710.jpg
session_20260703_151305/frame_00532_153943_713.jpg,session_20260703_151305,train_data/session_20260703_151305/frame_00532_153943_713.jpg
session_20260703_151305/frame_00533_153946_716.jpg,session_20260703_151305,train_data/session_20260703_151305/frame_00533_153946_716.jpg
session_20260703_151305/frame_00534_153949_718.jpg,session_20260703_151305,train_data/session_20260703_151305/frame_00534_153949_718.jpg
session_20260703_151305/frame_00536_153955_758.jpg,session_20260703_151305,train_data/session_20260703_151305/frame_00536_153955_758.jpg
session_20260703_151305/frame_00537_153958_760.jpg,session_20260703_151305,train_data/session_20260703_151305/frame_00537_153958_760.jpg
session_20260703_151305/frame_00538_154001_764.jpg,session_20260703_151305,train_data/session_20260703_151305/frame_00538_154001_764.jpg
session_20260703_151305/frame_00539_154004_766.jpg,session_20260703_151305,train_data/session_20260703_151305/frame_00539_154004_766.jpg
session_20260703_151305/frame_00540_154007_768.jpg,session_20260703_151305,train_data/session_20260703_151305/frame_00540_154007_768.jpg
session_20260703_151305/frame_00541_154010_773.jpg,session_20260703_151305,train_data/session_20260703_151305/frame_00541_154010_773.jpg
session_20260703_151305/frame_00542_154013_774.jpg,session_20260703_151305,train_data/session_20260703_151305/frame_00542_154013_774.jpg
session_20260703_151305/frame_00543_154016_777.jpg,session_20260703_151305,train_data/session_20260703_151305/frame_00543_154016_777.jpg
session_20260703_151305/frame_00544_154019_780.jpg,session_20260703_151305,train_data/session_20260703_151305/frame_00544_154019_780.jpg
session_20260703_151305/frame_00545_154022_783.jpg,session_20260703_151305,train_data/session_20260703_151305/frame_00545_154022_783.jpg
session_20260703_151305/frame_00547_154028_788.jpg,session_20260703_151305,train_data/session_20260703_151305/frame_00547_154028_788.jpg
session_20260703_151305/frame_00548_154031_792.jpg,session_20260703_151305,train_data/session_20260703_151305/frame_00548_154031_792.jpg
session_20260703_151305/frame_00549_154034_794.jpg,session_20260703_151305,train_data/session_20260703_151305/frame_00549_154034_794.jpg
session_20260703_151305/frame_00550_154037_798.jpg,session_20260703_151305,train_data/session_20260703_151305/frame_00550_154037_798.jpg
session_20260703_151305/frame_00551_154040_799.jpg,session_20260703_151305,train_data/session_20260703_151305/frame_00551_154040_799.jpg
session_20260703_151305/frame_00552_154043_801.jpg,session_20260703_151305,train_data/session_20260703_151305/frame_00552_154043_801.jpg
session_20260703_151305/frame_00553_154046_806.jpg,session_20260703_151305,train_data/session_20260703_151305/frame_00553_154046_806.jpg
session_20260703_151305/frame_00554_154049_808.jpg,session_20260703_151305,train_data/session_20260703_151305/frame_00554_154049_808.jpg
session_20260703_151305/frame_00558_154101_819.jpg,session_20260703_151305,train_data/session_20260703_151305/frame_00558_154101_819.jpg
session_20260703_151305/frame_00559_154104_822.jpg,session_20260703_151305,train_data/session_20260703_151305/frame_00559_154104_822.jpg
session_20260703_151305/frame_00560_154107_826.jpg,session_20260703_151305,train_data/session_20260703_151305/frame_00560_154107_826.jpg
session_20260703_151305/frame_00561_154110_828.jpg,session_20260703_151305,train_data/session_20260703_151305/frame_00561_154110_828.jpg
session_20260703_151305/frame_00562_154113_831.jpg,session_20260703_151305,train_data/session_20260703_151305/frame_00562_154113_831.jpg
session_20260703_151305/frame_00563_154116_836.jpg,session_20260703_151305,train_data/session_20260703_151305/frame_00563_154116_836.jpg
session_20260703_151305/frame_00564_154119_836.jpg,session_20260703_151305,train_data/session_20260703_151305/frame_00564_154119_836.jpg
session_20260703_151305/frame_00566_154125_841.jpg,session_20260703_151305,train_data/session_20260703_151305/frame_00566_154125_841.jpg
session_20260703_151305/frame_00567_154128_844.jpg,session_20260703_151305,train_data/session_20260703_151305/frame_00567_154128_844.jpg
session_20260703_151305/frame_00568_154131_847.jpg,session_20260703_151305,train_data/session_20260703_151305/frame_00568_154131_847.jpg
session_20260703_151305/frame_00569_154134_851.jpg,session_20260703_151305,train_data/session_20260703_151305/frame_00569_154134_851.jpg
session_20260703_151305/frame_00570_154137_853.jpg,session_20260703_151305,train_data/session_20260703_151305/frame_00570_154137_853.jpg
session_20260703_151305/frame_00571_154140_856.jpg,session_20260703_151305,train_data/session_20260703_151305/frame_00571_154140_856.jpg
session_20260703_151305/frame_00572_154143_859.jpg,session_20260703_151305,train_data/session_20260703_151305/frame_00572_154143_859.jpg
session_20260703_151305/frame_00573_154146_861.jpg,session_20260703_151305,train_data/session_20260703_151305/frame_00573_154146_861.jpg
session_20260703_151305/frame_00574_154149_864.jpg,session_20260703_151305,train_data/session_20260703_151305/frame_00574_154149_864.jpg
session_20260703_151305/frame_00575_154152_869.jpg,session_20260703_151305,train_data/session_20260703_151305/frame_00575_154152_869.jpg
session_20260703_151305/frame_00576_154155_872.jpg,session_20260703_151305,train_data/session_20260703_151305/frame_00576_154155_872.jpg
session_20260703_151305/frame_00577_154158_873.jpg,session_20260703_151305,train_data/session_20260703_151305/frame_00577_154158_873.jpg
session_20260703_151305/frame_00578_154201_876.jpg,session_20260703_151305,train_data/session_20260703_151305/frame_00578_154201_876.jpg
session_20260703_151305/frame_00579_154204_878.jpg,session_20260703_151305,train_data/session_20260703_151305/frame_00579_154204_878.jpg
session_20260703_151305/frame_00580_154207_882.jpg,session_20260703_151305,train_data/session_20260703_151305/frame_00580_154207_882.jpg
session_20260703_151305/frame_00581_154210_884.jpg,session_20260703_151305,train_data/session_20260703_151305/frame_00581_154210_884.jpg
session_20260703_151305/frame_00582_154213_887.jpg,session_20260703_151305,train_data/session_20260703_151305/frame_00582_154213_887.jpg
session_20260703_151305/frame_00583_154216_890.jpg,session_20260703_151305,train_data/session_20260703_151305/frame_00583_154216_890.jpg
session_20260703_151305/frame_00584_154219_892.jpg,session_20260703_151305,train_data/session_20260703_151305/frame_00584_154219_892.jpg
session_20260703_151305/frame_00585_154222_895.jpg,session_20260703_151305,train_data/session_20260703_151305/frame_00585_154222_895.jpg
session_20260703_151305/frame_00586_154225_898.jpg,session_20260703_151305,train_data/session_20260703_151305/frame_00586_154225_898.jpg
session_20260703_151305/frame_00587_154228_901.jpg,session_20260703_151305,train_data/session_20260703_151305/frame_00587_154228_901.jpg
session_20260703_151305/frame_00588_154231_904.jpg,session_20260703_151305,train_data/session_20260703_151305/frame_00588_154231_904.jpg
session_20260703_151305/frame_00589_154234_906.jpg,session_20260703_151305,train_data/session_20260703_151305/frame_00589_154234_906.jpg
session_20260703_151305/frame_00590_154237_909.jpg,session_20260703_151305,train_data/session_20260703_151305/frame_00590_154237_909.jpg
session_20260703_151305/frame_00591_154240_912.jpg,session_20260703_151305,train_data/session_20260703_151305/frame_00591_154240_912.jpg
session_20260703_151305/frame_00592_154243_914.jpg,session_20260703_151305,train_data/session_20260703_151305/frame_00592_154243_914.jpg
session_20260703_151305/frame_00594_154249_920.jpg,session_20260703_151305,train_data/session_20260703_151305/frame_00594_154249_920.jpg
session_20260703_151305/frame_00597_154258_929.jpg,session_20260703_151305,train_data/session_20260703_151305/frame_00597_154258_929.jpg
session_20260703_151305/frame_00598_154301_933.jpg,session_20260703_151305,train_data/session_20260703_151305/frame_00598_154301_933.jpg
session_20260703_151305/frame_00599_154304_935.jpg,session_20260703_151305,train_data/session_20260703_151305/frame_00599_154304_935.jpg
session_20260703_151305/frame_00600_154307_938.jpg,session_20260703_151305,train_data/session_20260703_151305/frame_00600_154307_938.jpg
session_20260703_151305/frame_00601_154310_941.jpg,session_20260703_151305,train_data/session_20260703_151305/frame_00601_154310_941.jpg
session_20260703_151305/frame_00602_154313_943.jpg,session_20260703_151305,train_data/session_20260703_151305/frame_00602_154313_943.jpg
session_20260703_151305/frame_00604_154319_949.jpg,session_20260703_151305,train_data/session_20260703_151305/frame_00604_154319_949.jpg
session_20260703_151305/frame_00605_154322_952.jpg,session_20260703_151305,train_data/session_20260703_151305/frame_00605_154322_952.jpg
session_20260703_151305/frame_00606_154325_954.jpg,session_20260703_151305,train_data/session_20260703_151305/frame_00606_154325_954.jpg
session_20260703_151305/frame_00611_154340_969.jpg,session_20260703_151305,train_data/session_20260703_151305/frame_00611_154340_969.jpg
session_20260703_151305/frame_00612_154343_971.jpg,session_20260703_151305,train_data/session_20260703_151305/frame_00612_154343_971.jpg
session_20260703_151305/frame_00613_154346_973.jpg,session_20260703_151305,train_data/session_20260703_151305/frame_00613_154346_973.jpg
session_20260703_151305/frame_00614_154349_982.jpg,session_20260703_151305,train_data/session_20260703_151305/frame_00614_154349_982.jpg
session_20260703_151305/frame_00616_154356_016.jpg,session_20260703_151305,train_data/session_20260703_151305/frame_00616_154356_016.jpg
session_20260703_151305/frame_00618_154402_021.jpg,session_20260703_151305,train_data/session_20260703_151305/frame_00618_154402_021.jpg
session_20260703_151305/frame_00624_154420_038.jpg,session_20260703_151305,train_data/session_20260703_151305/frame_00624_154420_038.jpg
session_20260703_151305/frame_00626_154426_044.jpg,session_20260703_151305,train_data/session_20260703_151305/frame_00626_154426_044.jpg
session_20260703_151305/frame_00628_154432_050.jpg,session_20260703_151305,train_data/session_20260703_151305/frame_00628_154432_050.jpg
session_20260703_151305/frame_00630_154438_055.jpg,session_20260703_151305,train_data/session_20260703_151305/frame_00630_154438_055.jpg
session_20260703_151305/frame_00633_154447_097.jpg,session_20260703_151305,train_data/session_20260703_151305/frame_00633_154447_097.jpg
session_20260703_151305/frame_00639_154505_114.jpg,session_20260703_151305,train_data/session_20260703_151305/frame_00639_154505_114.jpg
session_20260703_151305/frame_00643_154517_126.jpg,session_20260703_151305,train_data/session_20260703_151305/frame_00643_154517_126.jpg
session_20260703_151305/frame_00646_154526_133.jpg,session_20260703_151305,train_data/session_20260703_151305/frame_00646_154526_133.jpg
session_20260703_151305/frame_00647_154529_136.jpg,session_20260703_151305,train_data/session_20260703_151305/frame_00647_154529_136.jpg
session_20260703_151305/frame_00649_154535_143.jpg,session_20260703_151305,train_data/session_20260703_151305/frame_00649_154535_143.jpg
session_20260703_151305/frame_00651_154541_151.jpg,session_20260703_151305,train_data/session_20260703_151305/frame_00651_154541_151.jpg
session_20260703_151305/frame_00653_154547_153.jpg,session_20260703_151305,train_data/session_20260703_151305/frame_00653_154547_153.jpg
session_20260703_151305/frame_00664_154620_187.jpg,session_20260703_151305,train_data/session_20260703_151305/frame_00664_154620_187.jpg
session_20260703_151305/frame_00665_154623_187.jpg,session_20260703_151305,train_data/session_20260703_151305/frame_00665_154623_187.jpg
session_20260703_151305/frame_00666_154626_190.jpg,session_20260703_151305,train_data/session_20260703_151305/frame_00666_154626_190.jpg
session_20260703_151305/frame_00669_154635_201.jpg,session_20260703_151305,train_data/session_20260703_151305/frame_00669_154635_201.jpg
session_20260703_151305/frame_00670_154638_202.jpg,session_20260703_151305,train_data/session_20260703_151305/frame_00670_154638_202.jpg
session_20260703_151305/frame_00674_154650_211.jpg,session_20260703_151305,train_data/session_20260703_151305/frame_00674_154650_211.jpg
session_20260703_151305/frame_00675_154653_215.jpg,session_20260703_151305,train_data/session_20260703_151305/frame_00675_154653_215.jpg
session_20260703_151305/frame_00677_154659_221.jpg,session_20260703_151305,train_data/session_20260703_151305/frame_00677_154659_221.jpg
session_20260703_151305/frame_00679_154705_227.jpg,session_20260703_151305,train_data/session_20260703_151305/frame_00679_154705_227.jpg
session_20260703_151305/frame_00680_154708_229.jpg,session_20260703_151305,train_data/session_20260703_151305/frame_00680_154708_229.jpg
session_20260703_151305/frame_00681_154711_232.jpg,session_20260703_151305,train_data/session_20260703_151305/frame_00681_154711_232.jpg
session_20260703_151305/frame_00683_154717_237.jpg,session_20260703_151305,train_data/session_20260703_151305/frame_00683_154717_237.jpg
session_20260703_151305/frame_00684_154720_242.jpg,session_20260703_151305,train_data/session_20260703_151305/frame_00684_154720_242.jpg
session_20260703_151305/frame_00690_154738_257.jpg,session_20260703_151305,train_data/session_20260703_151305/frame_00690_154738_257.jpg
session_20260703_151305/frame_00695_154753_271.jpg,session_20260703_151305,train_data/session_20260703_151305/frame_00695_154753_271.jpg
session_20260703_151305/frame_00697_154759_277.jpg,session_20260703_151305,train_data/session_20260703_151305/frame_00697_154759_277.jpg
session_20260703_151305/frame_00710_154838_313.jpg,session_20260703_151305,train_data/session_20260703_151305/frame_00710_154838_313.jpg
session_20260703_151305/frame_00716_154856_332.jpg,session_20260703_151305,train_data/session_20260703_151305/frame_00716_154856_332.jpg
session_20260703_151305/frame_00717_154859_336.jpg,session_20260703_151305,train_data/session_20260703_151305/frame_00717_154859_336.jpg
session_20260703_151305/frame_00721_154911_377.jpg,session_20260703_151305,train_data/session_20260703_151305/frame_00721_154911_377.jpg
session_20260703_151305/frame_00722_154914_380.jpg,session_20260703_151305,train_data/session_20260703_151305/frame_00722_154914_380.jpg
session_20260703_151305/frame_00723_154917_383.jpg,session_20260703_151305,train_data/session_20260703_151305/frame_00723_154917_383.jpg
session_20260703_151305/frame_00724_154920_388.jpg,session_20260703_151305,train_data/session_20260703_151305/frame_00724_154920_388.jpg
session_20260703_151305/frame_00726_154926_391.jpg,session_20260703_151305,train_data/session_20260703_151305/frame_00726_154926_391.jpg
session_20260703_151305/frame_00727_154929_394.jpg,session_20260703_151305,train_data/session_20260703_151305/frame_00727_154929_394.jpg
session_20260703_151305/frame_00728_154932_398.jpg,session_20260703_151305,train_data/session_20260703_151305/frame_00728_154932_398.jpg
session_20260703_151305/frame_00729_154935_400.jpg,session_20260703_151305,train_data/session_20260703_151305/frame_00729_154935_400.jpg
session_20260703_151305/frame_00744_155020_442.jpg,session_20260703_151305,train_data/session_20260703_151305/frame_00744_155020_442.jpg
session_20260703_151305/frame_00745_155023_445.jpg,session_20260703_151305,train_data/session_20260703_151305/frame_00745_155023_445.jpg
session_20260703_151305/frame_00748_155032_453.jpg,session_20260703_151305,train_data/session_20260703_151305/frame_00748_155032_453.jpg
session_20260703_151305/frame_00749_155035_456.jpg,session_20260703_151305,train_data/session_20260703_151305/frame_00749_155035_456.jpg
session_20260703_151305/frame_00750_155038_459.jpg,session_20260703_151305,train_data/session_20260703_151305/frame_00750_155038_459.jpg
session_20260703_151305/frame_00751_155041_463.jpg,session_20260703_151305,train_data/session_20260703_151305/frame_00751_155041_463.jpg
session_20260703_151305/frame_00752_155044_464.jpg,session_20260703_151305,train_data/session_20260703_151305/frame_00752_155044_464.jpg
session_20260703_151305/frame_00754_155050_470.jpg,session_20260703_151305,train_data/session_20260703_151305/frame_00754_155050_470.jpg
session_20260703_151305/frame_00755_155053_473.jpg,session_20260703_151305,train_data/session_20260703_151305/frame_00755_155053_473.jpg
session_20260703_151305/frame_00756_155056_476.jpg,session_20260703_151305,train_data/session_20260703_151305/frame_00756_155056_476.jpg
session_20260703_151305/frame_00757_155059_479.jpg,session_20260703_151305,train_data/session_20260703_151305/frame_00757_155059_479.jpg
session_20260703_151305/frame_00759_155105_484.jpg,session_20260703_151305,train_data/session_20260703_151305/frame_00759_155105_484.jpg
session_20260703_151305/frame_00760_155108_487.jpg,session_20260703_151305,train_data/session_20260703_151305/frame_00760_155108_487.jpg
session_20260703_151305/frame_00764_155120_502.jpg,session_20260703_151305,train_data/session_20260703_151305/frame_00764_155120_502.jpg
session_20260703_151305/frame_00765_155123_502.jpg,session_20260703_151305,train_data/session_20260703_151305/frame_00765_155123_502.jpg
session_20260703_151305/frame_00766_155126_508.jpg,session_20260703_151305,train_data/session_20260703_151305/frame_00766_155126_508.jpg
session_20260703_151305/frame_00767_155129_543.jpg,session_20260703_151305,train_data/session_20260703_151305/frame_00767_155129_543.jpg
session_20260703_151305/frame_00768_155132_544.jpg,session_20260703_151305,train_data/session_20260703_151305/frame_00768_155132_544.jpg
session_20260703_151305/frame_00769_155135_546.jpg,session_20260703_151305,train_data/session_20260703_151305/frame_00769_155135_546.jpg
session_20260703_151305/frame_00770_155138_549.jpg,session_20260703_151305,train_data/session_20260703_151305/frame_00770_155138_549.jpg
session_20260703_151305/frame_00771_155141_552.jpg,session_20260703_151305,train_data/session_20260703_151305/frame_00771_155141_552.jpg
session_20260703_151305/frame_00772_155144_554.jpg,session_20260703_151305,train_data/session_20260703_151305/frame_00772_155144_554.jpg
session_20260703_151305/frame_00773_155147_556.jpg,session_20260703_151305,train_data/session_20260703_151305/frame_00773_155147_556.jpg
session_20260703_151305/frame_00774_155150_561.jpg,session_20260703_151305,train_data/session_20260703_151305/frame_00774_155150_561.jpg
session_20260703_151305/frame_00775_155153_562.jpg,session_20260703_151305,train_data/session_20260703_151305/frame_00775_155153_562.jpg
session_20260703_151305/frame_00776_155156_566.jpg,session_20260703_151305,train_data/session_20260703_151305/frame_00776_155156_566.jpg
session_20260703_151305/frame_00777_155159_569.jpg,session_20260703_151305,train_data/session_20260703_151305/frame_00777_155159_569.jpg
session_20260703_151305/frame_00778_155202_570.jpg,session_20260703_151305,train_data/session_20260703_151305/frame_00778_155202_570.jpg
session_20260703_151305/frame_00779_155205_574.jpg,session_20260703_151305,train_data/session_20260703_151305/frame_00779_155205_574.jpg
session_20260703_151305/frame_00783_155217_586.jpg,session_20260703_151305,train_data/session_20260703_151305/frame_00783_155217_586.jpg
session_20260703_151305/frame_00784_155220_587.jpg,session_20260703_151305,train_data/session_20260703_151305/frame_00784_155220_587.jpg
session_20260703_151305/frame_00785_155223_591.jpg,session_20260703_151305,train_data/session_20260703_151305/frame_00785_155223_591.jpg
session_20260703_151305/frame_00786_155226_594.jpg,session_20260703_151305,train_data/session_20260703_151305/frame_00786_155226_594.jpg
session_20260703_151305/frame_00787_155229_597.jpg,session_20260703_151305,train_data/session_20260703_151305/frame_00787_155229_597.jpg
session_20260703_151305/frame_00788_155232_599.jpg,session_20260703_151305,train_data/session_20260703_151305/frame_00788_155232_599.jpg
session_20260703_151305/frame_00789_155235_604.jpg,session_20260703_151305,train_data/session_20260703_151305/frame_00789_155235_604.jpg
session_20260703_151305/frame_00790_155238_605.jpg,session_20260703_151305,train_data/session_20260703_151305/frame_00790_155238_605.jpg
session_20260703_151305/frame_00791_155241_608.jpg,session_20260703_151305,train_data/session_20260703_151305/frame_00791_155241_608.jpg
session_20260703_151305/frame_00792_155244_611.jpg,session_20260703_151305,train_data/session_20260703_151305/frame_00792_155244_611.jpg
session_20260703_151305/frame_00793_155247_613.jpg,session_20260703_151305,train_data/session_20260703_151305/frame_00793_155247_613.jpg
session_20260703_151305/frame_00794_155250_616.jpg,session_20260703_151305,train_data/session_20260703_151305/frame_00794_155250_616.jpg
session_20260703_151305/frame_00795_155253_619.jpg,session_20260703_151305,train_data/session_20260703_151305/frame_00795_155253_619.jpg
session_20260703_151305/frame_00796_155256_622.jpg,session_20260703_151305,train_data/session_20260703_151305/frame_00796_155256_622.jpg
session_20260703_151305/frame_00797_155259_625.jpg,session_20260703_151305,train_data/session_20260703_151305/frame_00797_155259_625.jpg
session_20260703_151305/frame_00798_155302_627.jpg,session_20260703_151305,train_data/session_20260703_151305/frame_00798_155302_627.jpg
session_20260703_151305/frame_00799_155305_630.jpg,session_20260703_151305,train_data/session_20260703_151305/frame_00799_155305_630.jpg
session_20260703_151305/frame_00802_155314_639.jpg,session_20260703_151305,train_data/session_20260703_151305/frame_00802_155314_639.jpg
session_20260703_151305/frame_00803_155317_642.jpg,session_20260703_151305,train_data/session_20260703_151305/frame_00803_155317_642.jpg
session_20260703_151305/frame_00804_155320_644.jpg,session_20260703_151305,train_data/session_20260703_151305/frame_00804_155320_644.jpg
session_20260703_151305/frame_00805_155323_646.jpg,session_20260703_151305,train_data/session_20260703_151305/frame_00805_155323_646.jpg
session_20260703_151305/frame_00806_155326_649.jpg,session_20260703_151305,train_data/session_20260703_151305/frame_00806_155326_649.jpg
session_20260703_151305/frame_00807_155329_652.jpg,session_20260703_151305,train_data/session_20260703_151305/frame_00807_155329_652.jpg
session_20260703_151305/frame_00808_155332_655.jpg,session_20260703_151305,train_data/session_20260703_151305/frame_00808_155332_655.jpg
session_20260703_151305/frame_00809_155335_662.jpg,session_20260703_151305,train_data/session_20260703_151305/frame_00809_155335_662.jpg
session_20260703_151305/frame_00810_155338_694.jpg,session_20260703_151305,train_data/session_20260703_151305/frame_00810_155338_694.jpg
session_20260703_151305/frame_00811_155341_697.jpg,session_20260703_151305,train_data/session_20260703_151305/frame_00811_155341_697.jpg
session_20260703_151305/frame_00812_155344_702.jpg,session_20260703_151305,train_data/session_20260703_151305/frame_00812_155344_702.jpg
session_20260703_151305/frame_00815_155353_708.jpg,session_20260703_151305,train_data/session_20260703_151305/frame_00815_155353_708.jpg
session_20260703_151305/frame_00816_155356_712.jpg,session_20260703_151305,train_data/session_20260703_151305/frame_00816_155356_712.jpg
session_20260703_151305/frame_00817_155359_713.jpg,session_20260703_151305,train_data/session_20260703_151305/frame_00817_155359_713.jpg
session_20260703_151305/frame_00818_155402_716.jpg,session_20260703_151305,train_data/session_20260703_151305/frame_00818_155402_716.jpg
session_20260703_151305/frame_00819_155405_719.jpg,session_20260703_151305,train_data/session_20260703_151305/frame_00819_155405_719.jpg
session_20260703_151305/frame_00820_155408_723.jpg,session_20260703_151305,train_data/session_20260703_151305/frame_00820_155408_723.jpg
session_20260703_151305/frame_00821_155411_725.jpg,session_20260703_151305,train_data/session_20260703_151305/frame_00821_155411_725.jpg
session_20260703_151305/frame_00822_155414_727.jpg,session_20260703_151305,train_data/session_20260703_151305/frame_00822_155414_727.jpg
session_20260703_151305/frame_00823_155417_730.jpg,session_20260703_151305,train_data/session_20260703_151305/frame_00823_155417_730.jpg
session_20260703_151305/frame_00824_155420_734.jpg,session_20260703_151305,train_data/session_20260703_151305/frame_00824_155420_734.jpg
session_20260703_151305/frame_00825_155423_736.jpg,session_20260703_151305,train_data/session_20260703_151305/frame_00825_155423_736.jpg
session_20260703_151305/frame_00827_155429_742.jpg,session_20260703_151305,train_data/session_20260703_151305/frame_00827_155429_742.jpg
session_20260703_151305/frame_00830_155438_750.jpg,session_20260703_151305,train_data/session_20260703_151305/frame_00830_155438_750.jpg
session_20260703_151305/frame_00831_155441_754.jpg,session_20260703_151305,train_data/session_20260703_151305/frame_00831_155441_754.jpg
session_20260703_151305/frame_00832_155444_758.jpg,session_20260703_151305,train_data/session_20260703_151305/frame_00832_155444_758.jpg
session_20260703_151305/frame_00833_155447_761.jpg,session_20260703_151305,train_data/session_20260703_151305/frame_00833_155447_761.jpg
session_20260703_151305/frame_00834_155450_763.jpg,session_20260703_151305,train_data/session_20260703_151305/frame_00834_155450_763.jpg
session_20260703_151305/frame_00835_155453_764.jpg,session_20260703_151305,train_data/session_20260703_151305/frame_00835_155453_764.jpg
session_20260703_151305/frame_00836_155456_768.jpg,session_20260703_151305,train_data/session_20260703_151305/frame_00836_155456_768.jpg
session_20260703_151305/frame_00837_155459_770.jpg,session_20260703_151305,train_data/session_20260703_151305/frame_00837_155459_770.jpg
session_20260703_151305/frame_00838_155502_773.jpg,session_20260703_151305,train_data/session_20260703_151305/frame_00838_155502_773.jpg
session_20260703_151305/frame_00839_155505_776.jpg,session_20260703_151305,train_data/session_20260703_151305/frame_00839_155505_776.jpg
session_20260703_151305/frame_00840_155508_779.jpg,session_20260703_151305,train_data/session_20260703_151305/frame_00840_155508_779.jpg
session_20260703_151305/frame_00841_155511_782.jpg,session_20260703_151305,train_data/session_20260703_151305/frame_00841_155511_782.jpg
session_20260703_151305/frame_00842_155514_784.jpg,session_20260703_151305,train_data/session_20260703_151305/frame_00842_155514_784.jpg
session_20260703_151305/frame_00843_155517_790.jpg,session_20260703_151305,train_data/session_20260703_151305/frame_00843_155517_790.jpg
session_20260703_151305/frame_00844_155520_790.jpg,session_20260703_151305,train_data/session_20260703_151305/frame_00844_155520_790.jpg
session_20260703_151305/frame_00845_155523_793.jpg,session_20260703_151305,train_data/session_20260703_151305/frame_00845_155523_793.jpg
session_20260703_151305/frame_00846_155526_796.jpg,session_20260703_151305,train_data/session_20260703_151305/frame_00846_155526_796.jpg
session_20260703_151305/frame_00847_155529_798.jpg,session_20260703_151305,train_data/session_20260703_151305/frame_00847_155529_798.jpg
session_20260703_151305/frame_00849_155535_804.jpg,session_20260703_151305,train_data/session_20260703_151305/frame_00849_155535_804.jpg
session_20260703_151305/frame_00850_155538_807.jpg,session_20260703_151305,train_data/session_20260703_151305/frame_00850_155538_807.jpg
session_20260703_151305/frame_00851_155541_810.jpg,session_20260703_151305,train_data/session_20260703_151305/frame_00851_155541_810.jpg
session_20260703_151305/frame_00852_155544_812.jpg,session_20260703_151305,train_data/session_20260703_151305/frame_00852_155544_812.jpg
session_20260703_151305/frame_00859_155605_832.jpg,session_20260703_151305,train_data/session_20260703_151305/frame_00859_155605_832.jpg
session_20260703_151305/frame_00867_155629_854.jpg,session_20260703_151305,train_data/session_20260703_151305/frame_00867_155629_854.jpg
session_20260703_151305/frame_00868_155632_858.jpg,session_20260703_151305,train_data/session_20260703_151305/frame_00868_155632_858.jpg
session_20260703_151305/frame_00869_155635_860.jpg,session_20260703_151305,train_data/session_20260703_151305/frame_00869_155635_860.jpg
session_20260703_151305/frame_00870_155638_863.jpg,session_20260703_151305,train_data/session_20260703_151305/frame_00870_155638_863.jpg
session_20260703_151305/frame_00885_155723_907.jpg,session_20260703_151305,train_data/session_20260703_151305/frame_00885_155723_907.jpg
session_20260703_151305/frame_00888_155732_916.jpg,session_20260703_151305,train_data/session_20260703_151305/frame_00888_155732_916.jpg
session_20260703_151305/frame_00901_155811_949.jpg,session_20260703_151305,train_data/session_20260703_151305/frame_00901_155811_949.jpg
session_20260703_151305/frame_00909_155835_973.jpg,session_20260703_151305,train_data/session_20260703_151305/frame_00909_155835_973.jpg
session_20260703_151305/frame_00914_155850_987.jpg,session_20260703_151305,train_data/session_20260703_151305/frame_00914_155850_987.jpg
session_20260703_151305/frame_00915_155853_990.jpg,session_20260703_151305,train_data/session_20260703_151305/frame_00915_155853_990.jpg
session_20260703_151305/frame_00917_155859_996.jpg,session_20260703_151305,train_data/session_20260703_151305/frame_00917_155859_996.jpg
session_20260703_151305/frame_00918_155902_998.jpg,session_20260703_151305,train_data/session_20260703_151305/frame_00918_155902_998.jpg
session_20260703_151305/frame_00919_155906_001.jpg,session_20260703_151305,train_data/session_20260703_151305/frame_00919_155906_001.jpg
session_20260703_151305/frame_00920_155909_004.jpg,session_20260703_151305,train_data/session_20260703_151305/frame_00920_155909_004.jpg
session_20260703_151305/frame_00921_155912_006.jpg,session_20260703_151305,train_data/session_20260703_151305/frame_00921_155912_006.jpg
session_20260703_151305/frame_00933_155948_041.jpg,session_20260703_151305,train_data/session_20260703_151305/frame_00933_155948_041.jpg
session_20260703_151305/frame_00934_155951_042.jpg,session_20260703_151305,train_data/session_20260703_151305/frame_00934_155951_042.jpg
session_20260703_151305/frame_00939_160006_057.jpg,session_20260703_151305,train_data/session_20260703_151305/frame_00939_160006_057.jpg
session_20260703_151305/frame_00940_160009_060.jpg,session_20260703_151305,train_data/session_20260703_151305/frame_00940_160009_060.jpg
session_20260703_151305/frame_00941_160012_063.jpg,session_20260703_151305,train_data/session_20260703_151305/frame_00941_160012_063.jpg
session_20260703_151305/frame_00947_160030_079.jpg,session_20260703_151305,train_data/session_20260703_151305/frame_00947_160030_079.jpg
session_20260703_151305/frame_00948_160033_082.jpg,session_20260703_151305,train_data/session_20260703_151305/frame_00948_160033_082.jpg
session_20260703_151305/frame_00949_160036_084.jpg,session_20260703_151305,train_data/session_20260703_151305/frame_00949_160036_084.jpg
session_20260703_151305/frame_00950_160039_088.jpg,session_20260703_151305,train_data/session_20260703_151305/frame_00950_160039_088.jpg
session_20260703_151305/frame_00951_160042_090.jpg,session_20260703_151305,train_data/session_20260703_151305/frame_00951_160042_090.jpg
session_20260703_151305/frame_00952_160045_094.jpg,session_20260703_151305,train_data/session_20260703_151305/frame_00952_160045_094.jpg
session_20260703_151305/frame_00953_160048_096.jpg,session_20260703_151305,train_data/session_20260703_151305/frame_00953_160048_096.jpg
session_20260703_151305/frame_00954_160051_099.jpg,session_20260703_151305,train_data/session_20260703_151305/frame_00954_160051_099.jpg
session_20260703_151305/frame_00956_160057_104.jpg,session_20260703_151305,train_data/session_20260703_151305/frame_00956_160057_104.jpg
session_20260703_151305/frame_00957_160100_107.jpg,session_20260703_151305,train_data/session_20260703_151305/frame_00957_160100_107.jpg
session_20260703_151305/frame_00958_160103_109.jpg,session_20260703_151305,train_data/session_20260703_151305/frame_00958_160103_109.jpg
session_20260703_151305/frame_00959_160106_113.jpg,session_20260703_151305,train_data/session_20260703_151305/frame_00959_160106_113.jpg
session_20260703_151305/frame_00960_160109_115.jpg,session_20260703_151305,train_data/session_20260703_151305/frame_00960_160109_115.jpg
session_20260703_151305/frame_00961_160112_118.jpg,session_20260703_151305,train_data/session_20260703_151305/frame_00961_160112_118.jpg
session_20260703_151305/frame_00962_160115_122.jpg,session_20260703_151305,train_data/session_20260703_151305/frame_00962_160115_122.jpg
session_20260703_151305/frame_00963_160118_125.jpg,session_20260703_151305,train_data/session_20260703_151305/frame_00963_160118_125.jpg
session_20260703_151305/frame_00964_160121_127.jpg,session_20260703_151305,train_data/session_20260703_151305/frame_00964_160121_127.jpg
session_20260703_151305/frame_00965_160124_131.jpg,session_20260703_151305,train_data/session_20260703_151305/frame_00965_160124_131.jpg
session_20260703_151305/frame_00966_160127_133.jpg,session_20260703_151305,train_data/session_20260703_151305/frame_00966_160127_133.jpg
session_20260703_151305/frame_00967_160130_136.jpg,session_20260703_151305,train_data/session_20260703_151305/frame_00967_160130_136.jpg
session_20260703_151305/frame_00968_160133_139.jpg,session_20260703_151305,train_data/session_20260703_151305/frame_00968_160133_139.jpg
session_20260703_151305/frame_00969_160136_142.jpg,session_20260703_151305,train_data/session_20260703_151305/frame_00969_160136_142.jpg
session_20260703_151305/frame_00970_160139_144.jpg,session_20260703_151305,train_data/session_20260703_151305/frame_00970_160139_144.jpg
session_20260703_151305/frame_00971_160142_147.jpg,session_20260703_151305,train_data/session_20260703_151305/frame_00971_160142_147.jpg
session_20260703_151305/frame_00972_160145_150.jpg,session_20260703_151305,train_data/session_20260703_151305/frame_00972_160145_150.jpg
session_20260703_151305/frame_00973_160148_153.jpg,session_20260703_151305,train_data/session_20260703_151305/frame_00973_160148_153.jpg
session_20260703_151305/frame_00974_160151_156.jpg,session_20260703_151305,train_data/session_20260703_151305/frame_00974_160151_156.jpg
session_20260703_151305/frame_00975_160154_158.jpg,session_20260703_151305,train_data/session_20260703_151305/frame_00975_160154_158.jpg
session_20260703_151305/frame_00976_160157_161.jpg,session_20260703_151305,train_data/session_20260703_151305/frame_00976_160157_161.jpg
session_20260703_151305/frame_00977_160200_163.jpg,session_20260703_151305,train_data/session_20260703_151305/frame_00977_160200_163.jpg
session_20260703_151305/frame_00978_160203_167.jpg,session_20260703_151305,train_data/session_20260703_151305/frame_00978_160203_167.jpg
session_20260703_151305/frame_00982_160215_178.jpg,session_20260703_151305,train_data/session_20260703_151305/frame_00982_160215_178.jpg
session_20260703_151305/frame_00985_160224_186.jpg,session_20260703_151305,train_data/session_20260703_151305/frame_00985_160224_186.jpg
session_20260703_151305/frame_00986_160227_189.jpg,session_20260703_151305,train_data/session_20260703_151305/frame_00986_160227_189.jpg
session_20260703_151305/frame_00988_160233_196.jpg,session_20260703_151305,train_data/session_20260703_151305/frame_00988_160233_196.jpg
session_20260703_151305/frame_00991_160242_203.jpg,session_20260703_151305,train_data/session_20260703_151305/frame_00991_160242_203.jpg
session_20260703_151305/frame_00993_160248_209.jpg,session_20260703_151305,train_data/session_20260703_151305/frame_00993_160248_209.jpg
session_20260703_151305/frame_00998_160303_223.jpg,session_20260703_151305,train_data/session_20260703_151305/frame_00998_160303_223.jpg
session_20260703_151305/frame_00999_160306_226.jpg,session_20260703_151305,train_data/session_20260703_151305/frame_00999_160306_226.jpg
session_20260703_151305/frame_01000_160309_228.jpg,session_20260703_151305,train_data/session_20260703_151305/frame_01000_160309_228.jpg
session_20260703_151305/frame_01001_160312_231.jpg,session_20260703_151305,train_data/session_20260703_151305/frame_01001_160312_231.jpg
session_20260703_151305/frame_01002_160315_235.jpg,session_20260703_151305,train_data/session_20260703_151305/frame_01002_160315_235.jpg
session_20260703_151305/frame_01004_160321_240.jpg,session_20260703_151305,train_data/session_20260703_151305/frame_01004_160321_240.jpg
session_20260703_151305/frame_01012_160345_262.jpg,session_20260703_151305,train_data/session_20260703_151305/frame_01012_160345_262.jpg
session_20260703_151305/frame_01016_160357_273.jpg,session_20260703_151305,train_data/session_20260703_151305/frame_01016_160357_273.jpg
session_20260703_151305/frame_01017_160400_276.jpg,session_20260703_151305,train_data/session_20260703_151305/frame_01017_160400_276.jpg
session_20260703_151305/frame_01018_160403_279.jpg,session_20260703_151305,train_data/session_20260703_151305/frame_01018_160403_279.jpg
session_20260703_151305/frame_01019_160406_282.jpg,session_20260703_151305,train_data/session_20260703_151305/frame_01019_160406_282.jpg
session_20260703_151305/frame_01021_160412_287.jpg,session_20260703_151305,train_data/session_20260703_151305/frame_01021_160412_287.jpg
session_20260703_151305/frame_01022_160415_290.jpg,session_20260703_151305,train_data/session_20260703_151305/frame_01022_160415_290.jpg
session_20260703_151305/frame_01039_160506_338.jpg,session_20260703_151305,train_data/session_20260703_151305/frame_01039_160506_338.jpg
session_20260703_151305/frame_01040_160509_340.jpg,session_20260703_151305,train_data/session_20260703_151305/frame_01040_160509_340.jpg
session_20260703_151305/frame_01041_160512_344.jpg,session_20260703_151305,train_data/session_20260703_151305/frame_01041_160512_344.jpg
session_20260703_151305/frame_01045_160524_354.jpg,session_20260703_151305,train_data/session_20260703_151305/frame_01045_160524_354.jpg
session_20260703_151305/frame_01046_160527_357.jpg,session_20260703_151305,train_data/session_20260703_151305/frame_01046_160527_357.jpg
session_20260703_151305/frame_01047_160530_360.jpg,session_20260703_151305,train_data/session_20260703_151305/frame_01047_160530_360.jpg
session_20260703_151305/frame_01053_160548_377.jpg,session_20260703_151305,train_data/session_20260703_151305/frame_01053_160548_377.jpg
session_20260703_151305/frame_01054_160551_380.jpg,session_20260703_151305,train_data/session_20260703_151305/frame_01054_160551_380.jpg
session_20260703_151305/frame_01055_160554_383.jpg,session_20260703_151305,train_data/session_20260703_151305/frame_01055_160554_383.jpg
session_20260703_151305/frame_01056_160557_385.jpg,session_20260703_151305,train_data/session_20260703_151305/frame_01056_160557_385.jpg
session_20260703_151305/frame_01057_160600_389.jpg,session_20260703_151305,train_data/session_20260703_151305/frame_01057_160600_389.jpg
session_20260703_151305/frame_01058_160603_391.jpg,session_20260703_151305,train_data/session_20260703_151305/frame_01058_160603_391.jpg
session_20260703_151305/frame_01059_160606_394.jpg,session_20260703_151305,train_data/session_20260703_151305/frame_01059_160606_394.jpg
session_20260703_151305/frame_01067_160630_419.jpg,session_20260703_151305,train_data/session_20260703_151305/frame_01067_160630_419.jpg
session_20260703_151305/frame_01068_160633_419.jpg,session_20260703_151305,train_data/session_20260703_151305/frame_01068_160633_419.jpg
session_20260703_151305/frame_01070_160639_425.jpg,session_20260703_151305,train_data/session_20260703_151305/frame_01070_160639_425.jpg
session_20260703_151305/frame_01071_160642_428.jpg,session_20260703_151305,train_data/session_20260703_151305/frame_01071_160642_428.jpg
session_20260703_151305/frame_01072_160645_431.jpg,session_20260703_151305,train_data/session_20260703_151305/frame_01072_160645_431.jpg
session_20260703_151305/frame_01074_160651_436.jpg,session_20260703_151305,train_data/session_20260703_151305/frame_01074_160651_436.jpg
session_20260703_151305/frame_01075_160654_439.jpg,session_20260703_151305,train_data/session_20260703_151305/frame_01075_160654_439.jpg
session_20260703_151305/frame_01079_160706_450.jpg,session_20260703_151305,train_data/session_20260703_151305/frame_01079_160706_450.jpg
session_20260703_151305/frame_01081_160712_456.jpg,session_20260703_151305,train_data/session_20260703_151305/frame_01081_160712_456.jpg
session_20260703_151305/frame_01082_160715_459.jpg,session_20260703_151305,train_data/session_20260703_151305/frame_01082_160715_459.jpg
session_20260703_160910/frame_00000_160911_177.jpg,session_20260703_160910,train_data/session_20260703_160910/frame_00000_160911_177.jpg
session_20260703_160910/frame_00001_160914_176.jpg,session_20260703_160910,train_data/session_20260703_160910/frame_00001_160914_176.jpg
session_20260703_160910/frame_00006_160929_188.jpg,session_20260703_160910,train_data/session_20260703_160910/frame_00006_160929_188.jpg
session_20260703_160910/frame_00007_160932_189.jpg,session_20260703_160910,train_data/session_20260703_160910/frame_00007_160932_189.jpg
session_20260703_160910/frame_00008_160935_192.jpg,session_20260703_160910,train_data/session_20260703_160910/frame_00008_160935_192.jpg
session_20260703_160910/frame_00010_160941_198.jpg,session_20260703_160910,train_data/session_20260703_160910/frame_00010_160941_198.jpg
session_20260703_160910/frame_00011_160944_201.jpg,session_20260703_160910,train_data/session_20260703_160910/frame_00011_160944_201.jpg
session_20260703_160910/frame_00012_160947_203.jpg,session_20260703_160910,train_data/session_20260703_160910/frame_00012_160947_203.jpg
session_20260703_160910/frame_00013_160950_209.jpg,session_20260703_160910,train_data/session_20260703_160910/frame_00013_160950_209.jpg
session_20260703_160910/frame_00014_160953_209.jpg,session_20260703_160910,train_data/session_20260703_160910/frame_00014_160953_209.jpg
session_20260703_160910/frame_00015_160956_213.jpg,session_20260703_160910,train_data/session_20260703_160910/frame_00015_160956_213.jpg
session_20260703_160910/frame_00016_160959_216.jpg,session_20260703_160910,train_data/session_20260703_160910/frame_00016_160959_216.jpg
session_20260703_160910/frame_00017_161002_218.jpg,session_20260703_160910,train_data/session_20260703_160910/frame_00017_161002_218.jpg
session_20260703_160910/frame_00018_161005_221.jpg,session_20260703_160910,train_data/session_20260703_160910/frame_00018_161005_221.jpg
session_20260703_160910/frame_00019_161008_224.jpg,session_20260703_160910,train_data/session_20260703_160910/frame_00019_161008_224.jpg
session_20260703_160910/frame_00020_161011_226.jpg,session_20260703_160910,train_data/session_20260703_160910/frame_00020_161011_226.jpg
session_20260703_160910/frame_00021_161014_231.jpg,session_20260703_160910,train_data/session_20260703_160910/frame_00021_161014_231.jpg
session_20260703_160910/frame_00022_161017_232.jpg,session_20260703_160910,train_data/session_20260703_160910/frame_00022_161017_232.jpg
session_20260703_160910/frame_00023_161020_236.jpg,session_20260703_160910,train_data/session_20260703_160910/frame_00023_161020_236.jpg
session_20260703_160910/frame_00024_161023_237.jpg,session_20260703_160910,train_data/session_20260703_160910/frame_00024_161023_237.jpg
session_20260703_160910/frame_00025_161026_240.jpg,session_20260703_160910,train_data/session_20260703_160910/frame_00025_161026_240.jpg
session_20260703_160910/frame_00026_161029_244.jpg,session_20260703_160910,train_data/session_20260703_160910/frame_00026_161029_244.jpg
session_20260703_160910/frame_00027_161032_252.jpg,session_20260703_160910,train_data/session_20260703_160910/frame_00027_161032_252.jpg
session_20260703_160910/frame_00028_161035_283.jpg,session_20260703_160910,train_data/session_20260703_160910/frame_00028_161035_283.jpg
session_20260703_160910/frame_00029_161038_286.jpg,session_20260703_160910,train_data/session_20260703_160910/frame_00029_161038_286.jpg
session_20260703_160910/frame_00030_161041_289.jpg,session_20260703_160910,train_data/session_20260703_160910/frame_00030_161041_289.jpg
session_20260703_160910/frame_00031_161044_291.jpg,session_20260703_160910,train_data/session_20260703_160910/frame_00031_161044_291.jpg
session_20260703_160910/frame_00032_161047_294.jpg,session_20260703_160910,train_data/session_20260703_160910/frame_00032_161047_294.jpg
session_20260703_160910/frame_00033_161050_298.jpg,session_20260703_160910,train_data/session_20260703_160910/frame_00033_161050_298.jpg
session_20260703_160910/frame_00034_161053_299.jpg,session_20260703_160910,train_data/session_20260703_160910/frame_00034_161053_299.jpg
session_20260703_160910/frame_00035_161056_302.jpg,session_20260703_160910,train_data/session_20260703_160910/frame_00035_161056_302.jpg
session_20260703_160910/frame_00036_161059_306.jpg,session_20260703_160910,train_data/session_20260703_160910/frame_00036_161059_306.jpg
session_20260703_160910/frame_00037_161102_307.jpg,session_20260703_160910,train_data/session_20260703_160910/frame_00037_161102_307.jpg
session_20260703_160910/frame_00038_161105_312.jpg,session_20260703_160910,train_data/session_20260703_160910/frame_00038_161105_312.jpg
session_20260703_160910/frame_00041_161114_319.jpg,session_20260703_160910,train_data/session_20260703_160910/frame_00041_161114_319.jpg
session_20260703_160910/frame_00042_161117_323.jpg,session_20260703_160910,train_data/session_20260703_160910/frame_00042_161117_323.jpg
session_20260703_160910/frame_00049_161138_344.jpg,session_20260703_160910,train_data/session_20260703_160910/frame_00049_161138_344.jpg
session_20260703_160910/frame_00050_161141_377.jpg,session_20260703_160910,train_data/session_20260703_160910/frame_00050_161141_377.jpg
session_20260703_160910/frame_00051_161144_381.jpg,session_20260703_160910,train_data/session_20260703_160910/frame_00051_161144_381.jpg
session_20260703_160910/frame_00052_161147_383.jpg,session_20260703_160910,train_data/session_20260703_160910/frame_00052_161147_383.jpg
session_20260703_160910/frame_00053_161150_388.jpg,session_20260703_160910,train_data/session_20260703_160910/frame_00053_161150_388.jpg
session_20260703_160910/frame_00061_161214_442.jpg,session_20260703_160910,train_data/session_20260703_160910/frame_00061_161214_442.jpg
session_20260703_160910/frame_00063_161220_448.jpg,session_20260703_160910,train_data/session_20260703_160910/frame_00063_161220_448.jpg
session_20260703_160910/frame_00064_161223_450.jpg,session_20260703_160910,train_data/session_20260703_160910/frame_00064_161223_450.jpg
session_20260703_160910/frame_00065_161226_454.jpg,session_20260703_160910,train_data/session_20260703_160910/frame_00065_161226_454.jpg
session_20260703_160910/frame_00066_161229_456.jpg,session_20260703_160910,train_data/session_20260703_160910/frame_00066_161229_456.jpg
session_20260703_160910/frame_00070_161241_467.jpg,session_20260703_160910,train_data/session_20260703_160910/frame_00070_161241_467.jpg
session_20260703_160910/frame_00071_161244_470.jpg,session_20260703_160910,train_data/session_20260703_160910/frame_00071_161244_470.jpg
session_20260703_160910/frame_00072_161247_472.jpg,session_20260703_160910,train_data/session_20260703_160910/frame_00072_161247_472.jpg
session_20260703_160910/frame_00073_161250_475.jpg,session_20260703_160910,train_data/session_20260703_160910/frame_00073_161250_475.jpg
session_20260703_160910/frame_00074_161253_479.jpg,session_20260703_160910,train_data/session_20260703_160910/frame_00074_161253_479.jpg
session_20260703_160910/frame_00075_161256_484.jpg,session_20260703_160910,train_data/session_20260703_160910/frame_00075_161256_484.jpg
session_20260703_160910/frame_00076_161259_484.jpg,session_20260703_160910,train_data/session_20260703_160910/frame_00076_161259_484.jpg
session_20260703_160910/frame_00077_161302_487.jpg,session_20260703_160910,train_data/session_20260703_160910/frame_00077_161302_487.jpg
session_20260703_160910/frame_00078_161305_489.jpg,session_20260703_160910,train_data/session_20260703_160910/frame_00078_161305_489.jpg
session_20260703_160910/frame_00079_161308_493.jpg,session_20260703_160910,train_data/session_20260703_160910/frame_00079_161308_493.jpg
session_20260703_160910/frame_00080_161311_495.jpg,session_20260703_160910,train_data/session_20260703_160910/frame_00080_161311_495.jpg
session_20260703_160910/frame_00081_161314_498.jpg,session_20260703_160910,train_data/session_20260703_160910/frame_00081_161314_498.jpg
session_20260703_160910/frame_00082_161317_501.jpg,session_20260703_160910,train_data/session_20260703_160910/frame_00082_161317_501.jpg
session_20260703_160910/frame_00083_161320_504.jpg,session_20260703_160910,train_data/session_20260703_160910/frame_00083_161320_504.jpg
session_20260703_160910/frame_00084_161323_506.jpg,session_20260703_160910,train_data/session_20260703_160910/frame_00084_161323_506.jpg
session_20260703_160910/frame_00085_161326_512.jpg,session_20260703_160910,train_data/session_20260703_160910/frame_00085_161326_512.jpg
session_20260703_160910/frame_00086_161329_513.jpg,session_20260703_160910,train_data/session_20260703_160910/frame_00086_161329_513.jpg
session_20260703_160910/frame_00087_161332_515.jpg,session_20260703_160910,train_data/session_20260703_160910/frame_00087_161332_515.jpg
session_20260703_160910/frame_00090_161341_524.jpg,session_20260703_160910,train_data/session_20260703_160910/frame_00090_161341_524.jpg
session_20260703_160910/frame_00091_161344_527.jpg,session_20260703_160910,train_data/session_20260703_160910/frame_00091_161344_527.jpg
session_20260703_160910/frame_00092_161347_530.jpg,session_20260703_160910,train_data/session_20260703_160910/frame_00092_161347_530.jpg
session_20260703_160910/frame_00093_161350_535.jpg,session_20260703_160910,train_data/session_20260703_160910/frame_00093_161350_535.jpg
session_20260703_160910/frame_00094_161353_568.jpg,session_20260703_160910,train_data/session_20260703_160910/frame_00094_161353_568.jpg
session_20260703_160910/frame_00095_161356_570.jpg,session_20260703_160910,train_data/session_20260703_160910/frame_00095_161356_570.jpg
session_20260703_160910/frame_00096_161359_574.jpg,session_20260703_160910,train_data/session_20260703_160910/frame_00096_161359_574.jpg
session_20260703_160910/frame_00097_161402_581.jpg,session_20260703_160910,train_data/session_20260703_160910/frame_00097_161402_581.jpg
session_20260703_160910/frame_00098_161405_579.jpg,session_20260703_160910,train_data/session_20260703_160910/frame_00098_161405_579.jpg
session_20260703_160910/frame_00099_161408_582.jpg,session_20260703_160910,train_data/session_20260703_160910/frame_00099_161408_582.jpg
session_20260703_160910/frame_00101_161414_592.jpg,session_20260703_160910,train_data/session_20260703_160910/frame_00101_161414_592.jpg
session_20260703_160910/frame_00102_161417_591.jpg,session_20260703_160910,train_data/session_20260703_160910/frame_00102_161417_591.jpg
session_20260703_160910/frame_00103_161420_593.jpg,session_20260703_160910,train_data/session_20260703_160910/frame_00103_161420_593.jpg
session_20260703_160910/frame_00104_161423_596.jpg,session_20260703_160910,train_data/session_20260703_160910/frame_00104_161423_596.jpg
session_20260703_160910/frame_00105_161426_598.jpg,session_20260703_160910,train_data/session_20260703_160910/frame_00105_161426_598.jpg
session_20260703_160910/frame_00107_161432_604.jpg,session_20260703_160910,train_data/session_20260703_160910/frame_00107_161432_604.jpg
session_20260703_160910/frame_00108_161435_607.jpg,session_20260703_160910,train_data/session_20260703_160910/frame_00108_161435_607.jpg
session_20260703_160910/frame_00114_161453_627.jpg,session_20260703_160910,train_data/session_20260703_160910/frame_00114_161453_627.jpg
session_20260703_160910/frame_00115_161456_626.jpg,session_20260703_160910,train_data/session_20260703_160910/frame_00115_161456_626.jpg
session_20260703_160910/frame_00125_161526_657.jpg,session_20260703_160910,train_data/session_20260703_160910/frame_00125_161526_657.jpg
session_20260703_160910/frame_00126_161529_657.jpg,session_20260703_160910,train_data/session_20260703_160910/frame_00126_161529_657.jpg
session_20260703_160910/frame_00127_161532_668.jpg,session_20260703_160910,train_data/session_20260703_160910/frame_00127_161532_668.jpg
session_20260703_160910/frame_00128_161535_663.jpg,session_20260703_160910,train_data/session_20260703_160910/frame_00128_161535_663.jpg
session_20260703_160910/frame_00129_161538_666.jpg,session_20260703_160910,train_data/session_20260703_160910/frame_00129_161538_666.jpg
session_20260703_160910/frame_00130_161541_668.jpg,session_20260703_160910,train_data/session_20260703_160910/frame_00130_161541_668.jpg
session_20260703_160910/frame_00131_161544_671.jpg,session_20260703_160910,train_data/session_20260703_160910/frame_00131_161544_671.jpg
session_20260703_160910/frame_00132_161547_675.jpg,session_20260703_160910,train_data/session_20260703_160910/frame_00132_161547_675.jpg
session_20260703_160910/frame_00133_161550_677.jpg,session_20260703_160910,train_data/session_20260703_160910/frame_00133_161550_677.jpg
session_20260703_160910/frame_00134_161553_681.jpg,session_20260703_160910,train_data/session_20260703_160910/frame_00134_161553_681.jpg
session_20260703_160910/frame_00135_161556_683.jpg,session_20260703_160910,train_data/session_20260703_160910/frame_00135_161556_683.jpg
session_20260703_160910/frame_00136_161559_687.jpg,session_20260703_160910,train_data/session_20260703_160910/frame_00136_161559_687.jpg
session_20260703_160910/frame_00137_161602_689.jpg,session_20260703_160910,train_data/session_20260703_160910/frame_00137_161602_689.jpg
session_20260703_160910/frame_00138_161605_692.jpg,session_20260703_160910,train_data/session_20260703_160910/frame_00138_161605_692.jpg
session_20260703_160910/frame_00139_161608_694.jpg,session_20260703_160910,train_data/session_20260703_160910/frame_00139_161608_694.jpg
session_20260703_160910/frame_00140_161611_697.jpg,session_20260703_160910,train_data/session_20260703_160910/frame_00140_161611_697.jpg
session_20260703_160910/frame_00141_161614_702.jpg,session_20260703_160910,train_data/session_20260703_160910/frame_00141_161614_702.jpg
session_20260703_160910/frame_00142_161617_703.jpg,session_20260703_160910,train_data/session_20260703_160910/frame_00142_161617_703.jpg
session_20260703_160910/frame_00143_161620_705.jpg,session_20260703_160910,train_data/session_20260703_160910/frame_00143_161620_705.jpg
session_20260703_160910/frame_00144_161623_709.jpg,session_20260703_160910,train_data/session_20260703_160910/frame_00144_161623_709.jpg
session_20260703_160910/frame_00145_161626_712.jpg,session_20260703_160910,train_data/session_20260703_160910/frame_00145_161626_712.jpg
session_20260703_160910/frame_00146_161629_714.jpg,session_20260703_160910,train_data/session_20260703_160910/frame_00146_161629_714.jpg
session_20260703_160910/frame_00147_161632_716.jpg,session_20260703_160910,train_data/session_20260703_160910/frame_00147_161632_716.jpg
session_20260703_160910/frame_00148_161635_720.jpg,session_20260703_160910,train_data/session_20260703_160910/frame_00148_161635_720.jpg
session_20260703_160910/frame_00149_161638_723.jpg,session_20260703_160910,train_data/session_20260703_160910/frame_00149_161638_723.jpg
session_20260703_160910/frame_00150_161641_725.jpg,session_20260703_160910,train_data/session_20260703_160910/frame_00150_161641_725.jpg
session_20260703_160910/frame_00151_161644_729.jpg,session_20260703_160910,train_data/session_20260703_160910/frame_00151_161644_729.jpg
session_20260703_160910/frame_00152_161647_730.jpg,session_20260703_160910,train_data/session_20260703_160910/frame_00152_161647_730.jpg
session_20260703_160910/frame_00153_161650_734.jpg,session_20260703_160910,train_data/session_20260703_160910/frame_00153_161650_734.jpg
session_20260703_160910/frame_00154_161653_740.jpg,session_20260703_160910,train_data/session_20260703_160910/frame_00154_161653_740.jpg
session_20260703_160910/frame_00155_161656_740.jpg,session_20260703_160910,train_data/session_20260703_160910/frame_00155_161656_740.jpg
session_20260703_160910/frame_00156_161659_742.jpg,session_20260703_160910,train_data/session_20260703_160910/frame_00156_161659_742.jpg
session_20260703_160910/frame_00157_161702_745.jpg,session_20260703_160910,train_data/session_20260703_160910/frame_00157_161702_745.jpg
session_20260703_160910/frame_00158_161705_750.jpg,session_20260703_160910,train_data/session_20260703_160910/frame_00158_161705_750.jpg
session_20260703_160910/frame_00159_161708_751.jpg,session_20260703_160910,train_data/session_20260703_160910/frame_00159_161708_751.jpg
session_20260703_160910/frame_00160_161711_753.jpg,session_20260703_160910,train_data/session_20260703_160910/frame_00160_161711_753.jpg
session_20260703_160910/frame_00161_161714_756.jpg,session_20260703_160910,train_data/session_20260703_160910/frame_00161_161714_756.jpg
session_20260703_160910/frame_00162_161717_761.jpg,session_20260703_160910,train_data/session_20260703_160910/frame_00162_161717_761.jpg
session_20260703_160910/frame_00164_161723_798.jpg,session_20260703_160910,train_data/session_20260703_160910/frame_00164_161723_798.jpg
session_20260703_160910/frame_00165_161726_801.jpg,session_20260703_160910,train_data/session_20260703_160910/frame_00165_161726_801.jpg
session_20260703_160910/frame_00166_161729_804.jpg,session_20260703_160910,train_data/session_20260703_160910/frame_00166_161729_804.jpg
session_20260703_160910/frame_00167_161732_807.jpg,session_20260703_160910,train_data/session_20260703_160910/frame_00167_161732_807.jpg
session_20260703_160910/frame_00168_161735_809.jpg,session_20260703_160910,train_data/session_20260703_160910/frame_00168_161735_809.jpg
session_20260703_160910/frame_00169_161738_812.jpg,session_20260703_160910,train_data/session_20260703_160910/frame_00169_161738_812.jpg
session_20260703_160910/frame_00170_161741_815.jpg,session_20260703_160910,train_data/session_20260703_160910/frame_00170_161741_815.jpg
session_20260703_160910/frame_00171_161744_817.jpg,session_20260703_160910,train_data/session_20260703_160910/frame_00171_161744_817.jpg
session_20260703_160910/frame_00172_161747_820.jpg,session_20260703_160910,train_data/session_20260703_160910/frame_00172_161747_820.jpg
session_20260703_160910/frame_00173_161750_823.jpg,session_20260703_160910,train_data/session_20260703_160910/frame_00173_161750_823.jpg
session_20260703_160910/frame_00174_161753_827.jpg,session_20260703_160910,train_data/session_20260703_160910/frame_00174_161753_827.jpg
session_20260703_160910/frame_00175_161756_831.jpg,session_20260703_160910,train_data/session_20260703_160910/frame_00175_161756_831.jpg
session_20260703_160910/frame_00176_161759_833.jpg,session_20260703_160910,train_data/session_20260703_160910/frame_00176_161759_833.jpg
session_20260703_160910/frame_00177_161802_835.jpg,session_20260703_160910,train_data/session_20260703_160910/frame_00177_161802_835.jpg
session_20260703_160910/frame_00178_161805_837.jpg,session_20260703_160910,train_data/session_20260703_160910/frame_00178_161805_837.jpg
session_20260703_160910/frame_00179_161808_845.jpg,session_20260703_160910,train_data/session_20260703_160910/frame_00179_161808_845.jpg
session_20260703_160910/frame_00180_161811_844.jpg,session_20260703_160910,train_data/session_20260703_160910/frame_00180_161811_844.jpg
session_20260703_160910/frame_00181_161814_846.jpg,session_20260703_160910,train_data/session_20260703_160910/frame_00181_161814_846.jpg
session_20260703_160910/frame_00182_161817_849.jpg,session_20260703_160910,train_data/session_20260703_160910/frame_00182_161817_849.jpg
session_20260703_160910/frame_00183_161820_851.jpg,session_20260703_160910,train_data/session_20260703_160910/frame_00183_161820_851.jpg
session_20260703_160910/frame_00184_161823_856.jpg,session_20260703_160910,train_data/session_20260703_160910/frame_00184_161823_856.jpg
session_20260703_160910/frame_00185_161826_857.jpg,session_20260703_160910,train_data/session_20260703_160910/frame_00185_161826_857.jpg
session_20260703_160910/frame_00186_161829_860.jpg,session_20260703_160910,train_data/session_20260703_160910/frame_00186_161829_860.jpg
session_20260703_160910/frame_00187_161832_864.jpg,session_20260703_160910,train_data/session_20260703_160910/frame_00187_161832_864.jpg
session_20260703_160910/frame_00188_161835_866.jpg,session_20260703_160910,train_data/session_20260703_160910/frame_00188_161835_866.jpg
session_20260703_160910/frame_00189_161838_869.jpg,session_20260703_160910,train_data/session_20260703_160910/frame_00189_161838_869.jpg
session_20260703_160910/frame_00190_161841_871.jpg,session_20260703_160910,train_data/session_20260703_160910/frame_00190_161841_871.jpg
session_20260703_160910/frame_00192_161847_876.jpg,session_20260703_160910,train_data/session_20260703_160910/frame_00192_161847_876.jpg
session_20260703_160910/frame_00193_161850_879.jpg,session_20260703_160910,train_data/session_20260703_160910/frame_00193_161850_879.jpg
session_20260703_160910/frame_00194_161853_882.jpg,session_20260703_160910,train_data/session_20260703_160910/frame_00194_161853_882.jpg
session_20260703_160910/frame_00195_161856_886.jpg,session_20260703_160910,train_data/session_20260703_160910/frame_00195_161856_886.jpg
session_20260703_160910/frame_00196_161859_888.jpg,session_20260703_160910,train_data/session_20260703_160910/frame_00196_161859_888.jpg
session_20260703_160910/frame_00197_161902_891.jpg,session_20260703_160910,train_data/session_20260703_160910/frame_00197_161902_891.jpg
session_20260703_160910/frame_00198_161905_894.jpg,session_20260703_160910,train_data/session_20260703_160910/frame_00198_161905_894.jpg
session_20260703_160910/frame_00199_161908_896.jpg,session_20260703_160910,train_data/session_20260703_160910/frame_00199_161908_896.jpg
session_20260703_160910/frame_00200_161911_899.jpg,session_20260703_160910,train_data/session_20260703_160910/frame_00200_161911_899.jpg
session_20260703_160910/frame_00201_161914_902.jpg,session_20260703_160910,train_data/session_20260703_160910/frame_00201_161914_902.jpg
session_20260703_160910/frame_00202_161917_906.jpg,session_20260703_160910,train_data/session_20260703_160910/frame_00202_161917_906.jpg
session_20260703_160910/frame_00203_161920_908.jpg,session_20260703_160910,train_data/session_20260703_160910/frame_00203_161920_908.jpg
session_20260703_160910/frame_00204_161923_911.jpg,session_20260703_160910,train_data/session_20260703_160910/frame_00204_161923_911.jpg
session_20260703_160910/frame_00205_161926_915.jpg,session_20260703_160910,train_data/session_20260703_160910/frame_00205_161926_915.jpg
session_20260703_160910/frame_00207_161932_919.jpg,session_20260703_160910,train_data/session_20260703_160910/frame_00207_161932_919.jpg
session_20260703_160910/frame_00208_161935_922.jpg,session_20260703_160910,train_data/session_20260703_160910/frame_00208_161935_922.jpg
session_20260703_160910/frame_00209_161938_925.jpg,session_20260703_160910,train_data/session_20260703_160910/frame_00209_161938_925.jpg
session_20260703_160910/frame_00210_161941_927.jpg,session_20260703_160910,train_data/session_20260703_160910/frame_00210_161941_927.jpg
session_20260703_160910/frame_00211_161944_930.jpg,session_20260703_160910,train_data/session_20260703_160910/frame_00211_161944_930.jpg
session_20260703_160910/frame_00214_161953_943.jpg,session_20260703_160910,train_data/session_20260703_160910/frame_00214_161953_943.jpg
session_20260703_160910/frame_00215_161956_943.jpg,session_20260703_160910,train_data/session_20260703_160910/frame_00215_161956_943.jpg
session_20260703_160910/frame_00217_162002_947.jpg,session_20260703_160910,train_data/session_20260703_160910/frame_00217_162002_947.jpg
session_20260703_160910/frame_00218_162005_951.jpg,session_20260703_160910,train_data/session_20260703_160910/frame_00218_162005_951.jpg
session_20260703_160910/frame_00221_162014_960.jpg,session_20260703_160910,train_data/session_20260703_160910/frame_00221_162014_960.jpg
session_20260703_160910/frame_00222_162017_961.jpg,session_20260703_160910,train_data/session_20260703_160910/frame_00222_162017_961.jpg
session_20260703_160910/frame_00223_162020_964.jpg,session_20260703_160910,train_data/session_20260703_160910/frame_00223_162020_964.jpg
session_20260703_160910/frame_00224_162023_967.jpg,session_20260703_160910,train_data/session_20260703_160910/frame_00224_162023_967.jpg
session_20260703_160910/frame_00225_162026_969.jpg,session_20260703_160910,train_data/session_20260703_160910/frame_00225_162026_969.jpg
session_20260703_160910/frame_00226_162029_973.jpg,session_20260703_160910,train_data/session_20260703_160910/frame_00226_162029_973.jpg
session_20260703_160910/frame_00228_162035_978.jpg,session_20260703_160910,train_data/session_20260703_160910/frame_00228_162035_978.jpg
session_20260703_160910/frame_00229_162038_981.jpg,session_20260703_160910,train_data/session_20260703_160910/frame_00229_162038_981.jpg
session_20260703_160910/frame_00230_162041_984.jpg,session_20260703_160910,train_data/session_20260703_160910/frame_00230_162041_984.jpg
session_20260703_160910/frame_00240_162112_014.jpg,session_20260703_160910,train_data/session_20260703_160910/frame_00240_162112_014.jpg
session_20260703_160910/frame_00241_162115_016.jpg,session_20260703_160910,train_data/session_20260703_160910/frame_00241_162115_016.jpg
session_20260703_160910/frame_00256_162200_057.jpg,session_20260703_160910,train_data/session_20260703_160910/frame_00256_162200_057.jpg
session_20260703_160910/frame_00257_162203_060.jpg,session_20260703_160910,train_data/session_20260703_160910/frame_00257_162203_060.jpg
session_20260703_160910/frame_00258_162206_063.jpg,session_20260703_160910,train_data/session_20260703_160910/frame_00258_162206_063.jpg
session_20260703_160910/frame_00259_162209_066.jpg,session_20260703_160910,train_data/session_20260703_160910/frame_00259_162209_066.jpg
session_20260703_160910/frame_00260_162212_069.jpg,session_20260703_160910,train_data/session_20260703_160910/frame_00260_162212_069.jpg
session_20260703_160910/frame_00261_162215_070.jpg,session_20260703_160910,train_data/session_20260703_160910/frame_00261_162215_070.jpg
session_20260703_160910/frame_00262_162218_073.jpg,session_20260703_160910,train_data/session_20260703_160910/frame_00262_162218_073.jpg
session_20260703_160910/frame_00263_162221_077.jpg,session_20260703_160910,train_data/session_20260703_160910/frame_00263_162221_077.jpg
session_20260703_160910/frame_00264_162224_080.jpg,session_20260703_160910,train_data/session_20260703_160910/frame_00264_162224_080.jpg
session_20260703_160910/frame_00265_162227_082.jpg,session_20260703_160910,train_data/session_20260703_160910/frame_00265_162227_082.jpg
session_20260703_160910/frame_00266_162230_086.jpg,session_20260703_160910,train_data/session_20260703_160910/frame_00266_162230_086.jpg
session_20260703_160910/frame_00267_162233_088.jpg,session_20260703_160910,train_data/session_20260703_160910/frame_00267_162233_088.jpg
session_20260703_160910/frame_00268_162236_090.jpg,session_20260703_160910,train_data/session_20260703_160910/frame_00268_162236_090.jpg
session_20260703_160910/frame_00269_162239_093.jpg,session_20260703_160910,train_data/session_20260703_160910/frame_00269_162239_093.jpg
session_20260703_160910/frame_00270_162242_096.jpg,session_20260703_160910,train_data/session_20260703_160910/frame_00270_162242_096.jpg
session_20260703_160910/frame_00271_162245_099.jpg,session_20260703_160910,train_data/session_20260703_160910/frame_00271_162245_099.jpg
session_20260703_160910/frame_00272_162248_104.jpg,session_20260703_160910,train_data/session_20260703_160910/frame_00272_162248_104.jpg
session_20260703_160910/frame_00273_162251_105.jpg,session_20260703_160910,train_data/session_20260703_160910/frame_00273_162251_105.jpg
session_20260703_160910/frame_00274_162254_108.jpg,session_20260703_160910,train_data/session_20260703_160910/frame_00274_162254_108.jpg
session_20260703_160910/frame_00275_162257_112.jpg,session_20260703_160910,train_data/session_20260703_160910/frame_00275_162257_112.jpg
session_20260703_160910/frame_00435_163057_560.jpg,session_20260703_160910,train_data/session_20260703_160910/frame_00435_163057_560.jpg
session_20260703_160910/frame_00436_163100_564.jpg,session_20260703_160910,train_data/session_20260703_160910/frame_00436_163100_564.jpg
session_20260703_160910/frame_00437_163103_565.jpg,session_20260703_160910,train_data/session_20260703_160910/frame_00437_163103_565.jpg
session_20260703_160910/frame_00438_163106_568.jpg,session_20260703_160910,train_data/session_20260703_160910/frame_00438_163106_568.jpg
session_20260703_160910/frame_00439_163109_573.jpg,session_20260703_160910,train_data/session_20260703_160910/frame_00439_163109_573.jpg
session_20260703_160910/frame_00440_163112_575.jpg,session_20260703_160910,train_data/session_20260703_160910/frame_00440_163112_575.jpg
session_20260703_160910/frame_00441_163115_577.jpg,session_20260703_160910,train_data/session_20260703_160910/frame_00441_163115_577.jpg
session_20260703_160910/frame_00442_163118_581.jpg,session_20260703_160910,train_data/session_20260703_160910/frame_00442_163118_581.jpg
session_20260703_160910/frame_00443_163121_583.jpg,session_20260703_160910,train_data/session_20260703_160910/frame_00443_163121_583.jpg
session_20260703_160910/frame_00444_163124_586.jpg,session_20260703_160910,train_data/session_20260703_160910/frame_00444_163124_586.jpg
session_20260703_160910/frame_00445_163127_588.jpg,session_20260703_160910,train_data/session_20260703_160910/frame_00445_163127_588.jpg
session_20260703_160910/frame_00446_163130_591.jpg,session_20260703_160910,train_data/session_20260703_160910/frame_00446_163130_591.jpg
session_20260703_160910/frame_00456_163200_619.jpg,session_20260703_160910,train_data/session_20260703_160910/frame_00456_163200_619.jpg
session_20260703_160910/frame_00457_163203_623.jpg,session_20260703_160910,train_data/session_20260703_160910/frame_00457_163203_623.jpg
session_20260703_160910/frame_00463_163221_638.jpg,session_20260703_160910,train_data/session_20260703_160910/frame_00463_163221_638.jpg
session_20260703_160910/frame_00469_163239_656.jpg,session_20260703_160910,train_data/session_20260703_160910/frame_00469_163239_656.jpg
session_20260703_160910/frame_00475_163257_672.jpg,session_20260703_160910,train_data/session_20260703_160910/frame_00475_163257_672.jpg
session_20260703_160910/frame_00476_163300_675.jpg,session_20260703_160910,train_data/session_20260703_160910/frame_00476_163300_675.jpg
session_20260703_160910/frame_00477_163303_678.jpg,session_20260703_160910,train_data/session_20260703_160910/frame_00477_163303_678.jpg
session_20260703_160910/frame_00479_163309_683.jpg,session_20260703_160910,train_data/session_20260703_160910/frame_00479_163309_683.jpg
session_20260703_160910/frame_00480_163312_686.jpg,session_20260703_160910,train_data/session_20260703_160910/frame_00480_163312_686.jpg
session_20260703_160910/frame_00481_163315_690.jpg,session_20260703_160910,train_data/session_20260703_160910/frame_00481_163315_690.jpg
session_20260703_160910/frame_00482_163318_693.jpg,session_20260703_160910,train_data/session_20260703_160910/frame_00482_163318_693.jpg
session_20260703_160910/frame_00483_163321_695.jpg,session_20260703_160910,train_data/session_20260703_160910/frame_00483_163321_695.jpg
session_20260703_160910/frame_00484_163324_699.jpg,session_20260703_160910,train_data/session_20260703_160910/frame_00484_163324_699.jpg
session_20260703_160910/frame_00486_163330_705.jpg,session_20260703_160910,train_data/session_20260703_160910/frame_00486_163330_705.jpg
session_20260703_160910/frame_00487_163333_707.jpg,session_20260703_160910,train_data/session_20260703_160910/frame_00487_163333_707.jpg
session_20260703_160910/frame_00488_163336_710.jpg,session_20260703_160910,train_data/session_20260703_160910/frame_00488_163336_710.jpg
session_20260703_160910/frame_00489_163339_713.jpg,session_20260703_160910,train_data/session_20260703_160910/frame_00489_163339_713.jpg
session_20260703_160910/frame_00490_163342_715.jpg,session_20260703_160910,train_data/session_20260703_160910/frame_00490_163342_715.jpg
session_20260703_160910/frame_00495_163357_729.jpg,session_20260703_160910,train_data/session_20260703_160910/frame_00495_163357_729.jpg
session_20260703_160910/frame_00496_163400_734.jpg,session_20260703_160910,train_data/session_20260703_160910/frame_00496_163400_734.jpg
session_20260703_160910/frame_00497_163403_734.jpg,session_20260703_160910,train_data/session_20260703_160910/frame_00497_163403_734.jpg
session_20260703_160910/frame_00498_163406_740.jpg,session_20260703_160910,train_data/session_20260703_160910/frame_00498_163406_740.jpg
session_20260703_160910/frame_00500_163412_743.jpg,session_20260703_160910,train_data/session_20260703_160910/frame_00500_163412_743.jpg
session_20260703_160910/frame_00501_163415_745.jpg,session_20260703_160910,train_data/session_20260703_160910/frame_00501_163415_745.jpg
session_20260703_160910/frame_00502_163418_754.jpg,session_20260703_160910,train_data/session_20260703_160910/frame_00502_163418_754.jpg
session_20260703_160910/frame_00503_163421_785.jpg,session_20260703_160910,train_data/session_20260703_160910/frame_00503_163421_785.jpg
session_20260703_160910/frame_00504_163424_787.jpg,session_20260703_160910,train_data/session_20260703_160910/frame_00504_163424_787.jpg
session_20260703_160910/frame_00505_163427_791.jpg,session_20260703_160910,train_data/session_20260703_160910/frame_00505_163427_791.jpg
session_20260703_160910/frame_00506_163430_796.jpg,session_20260703_160910,train_data/session_20260703_160910/frame_00506_163430_796.jpg
session_20260703_160910/frame_00507_163433_796.jpg,session_20260703_160910,train_data/session_20260703_160910/frame_00507_163433_796.jpg
session_20260703_160910/frame_00508_163436_799.jpg,session_20260703_160910,train_data/session_20260703_160910/frame_00508_163436_799.jpg
session_20260703_160910/frame_00509_163439_802.jpg,session_20260703_160910,train_data/session_20260703_160910/frame_00509_163439_802.jpg
session_20260703_160910/frame_00510_163442_804.jpg,session_20260703_160910,train_data/session_20260703_160910/frame_00510_163442_804.jpg
session_20260703_160910/frame_00511_163445_807.jpg,session_20260703_160910,train_data/session_20260703_160910/frame_00511_163445_807.jpg
session_20260703_160910/frame_00512_163448_811.jpg,session_20260703_160910,train_data/session_20260703_160910/frame_00512_163448_811.jpg
session_20260703_160910/frame_00513_163451_812.jpg,session_20260703_160910,train_data/session_20260703_160910/frame_00513_163451_812.jpg
session_20260703_160910/frame_00514_163454_816.jpg,session_20260703_160910,train_data/session_20260703_160910/frame_00514_163454_816.jpg
session_20260703_160910/frame_00515_163457_823.jpg,session_20260703_160910,train_data/session_20260703_160910/frame_00515_163457_823.jpg
session_20260703_160910/frame_00516_163500_821.jpg,session_20260703_160910,train_data/session_20260703_160910/frame_00516_163500_821.jpg
session_20260703_160910/frame_00517_163503_826.jpg,session_20260703_160910,train_data/session_20260703_160910/frame_00517_163503_826.jpg
session_20260703_160910/frame_00518_163506_827.jpg,session_20260703_160910,train_data/session_20260703_160910/frame_00518_163506_827.jpg
session_20260703_160910/frame_00519_163509_832.jpg,session_20260703_160910,train_data/session_20260703_160910/frame_00519_163509_832.jpg
session_20260703_160910/frame_00520_163512_833.jpg,session_20260703_160910,train_data/session_20260703_160910/frame_00520_163512_833.jpg
session_20260703_160910/frame_00521_163515_835.jpg,session_20260703_160910,train_data/session_20260703_160910/frame_00521_163515_835.jpg
session_20260703_160910/frame_00522_163518_839.jpg,session_20260703_160910,train_data/session_20260703_160910/frame_00522_163518_839.jpg
session_20260703_160910/frame_00523_163521_842.jpg,session_20260703_160910,train_data/session_20260703_160910/frame_00523_163521_842.jpg
session_20260703_160910/frame_00538_163606_883.jpg,session_20260703_160910,train_data/session_20260703_160910/frame_00538_163606_883.jpg
session_20260703_160910/frame_00539_163609_888.jpg,session_20260703_160910,train_data/session_20260703_160910/frame_00539_163609_888.jpg
session_20260703_160910/frame_00540_163612_889.jpg,session_20260703_160910,train_data/session_20260703_160910/frame_00540_163612_889.jpg
session_20260703_160910/frame_00545_163627_905.jpg,session_20260703_160910,train_data/session_20260703_160910/frame_00545_163627_905.jpg
session_20260703_160910/frame_00546_163630_905.jpg,session_20260703_160910,train_data/session_20260703_160910/frame_00546_163630_905.jpg
session_20260703_160910/frame_00563_163721_989.jpg,session_20260703_160910,train_data/session_20260703_160910/frame_00563_163721_989.jpg
session_20260703_160910/frame_00564_163724_990.jpg,session_20260703_160910,train_data/session_20260703_160910/frame_00564_163724_990.jpg
session_20260703_160910/frame_00565_163727_992.jpg,session_20260703_160910,train_data/session_20260703_160910/frame_00565_163727_992.jpg
session_20260703_160910/frame_00566_163730_995.jpg,session_20260703_160910,train_data/session_20260703_160910/frame_00566_163730_995.jpg
session_20260703_160910/frame_00567_163733_999.jpg,session_20260703_160910,train_data/session_20260703_160910/frame_00567_163733_999.jpg
session_20260703_160910/frame_00568_163737_002.jpg,session_20260703_160910,train_data/session_20260703_160910/frame_00568_163737_002.jpg
session_20260703_160910/frame_00569_163740_005.jpg,session_20260703_160910,train_data/session_20260703_160910/frame_00569_163740_005.jpg
session_20260703_160910/frame_00570_163743_006.jpg,session_20260703_160910,train_data/session_20260703_160910/frame_00570_163743_006.jpg
session_20260703_160910/frame_00571_163746_009.jpg,session_20260703_160910,train_data/session_20260703_160910/frame_00571_163746_009.jpg
session_20260703_160910/frame_00572_163749_012.jpg,session_20260703_160910,train_data/session_20260703_160910/frame_00572_163749_012.jpg
session_20260703_160910/frame_00573_163752_016.jpg,session_20260703_160910,train_data/session_20260703_160910/frame_00573_163752_016.jpg
session_20260703_160910/frame_00574_163755_017.jpg,session_20260703_160910,train_data/session_20260703_160910/frame_00574_163755_017.jpg
session_20260703_160910/frame_00578_163807_029.jpg,session_20260703_160910,train_data/session_20260703_160910/frame_00578_163807_029.jpg
session_20260703_160910/frame_00579_163810_032.jpg,session_20260703_160910,train_data/session_20260703_160910/frame_00579_163810_032.jpg
session_20260703_160910/frame_00580_163813_034.jpg,session_20260703_160910,train_data/session_20260703_160910/frame_00580_163813_034.jpg
session_20260703_160910/frame_00581_163816_039.jpg,session_20260703_160910,train_data/session_20260703_160910/frame_00581_163816_039.jpg
session_20260703_160910/frame_00582_163819_041.jpg,session_20260703_160910,train_data/session_20260703_160910/frame_00582_163819_041.jpg
session_20260703_160910/frame_00583_163822_043.jpg,session_20260703_160910,train_data/session_20260703_160910/frame_00583_163822_043.jpg
session_20260703_160910/frame_00584_163825_048.jpg,session_20260703_160910,train_data/session_20260703_160910/frame_00584_163825_048.jpg
session_20260703_160910/frame_00585_163828_050.jpg,session_20260703_160910,train_data/session_20260703_160910/frame_00585_163828_050.jpg
session_20260703_160910/frame_00586_163831_054.jpg,session_20260703_160910,train_data/session_20260703_160910/frame_00586_163831_054.jpg
session_20260703_160910/frame_00587_163834_055.jpg,session_20260703_160910,train_data/session_20260703_160910/frame_00587_163834_055.jpg
session_20260703_160910/frame_00588_163837_057.jpg,session_20260703_160910,train_data/session_20260703_160910/frame_00588_163837_057.jpg
session_20260703_160910/frame_00589_163840_060.jpg,session_20260703_160910,train_data/session_20260703_160910/frame_00589_163840_060.jpg
session_20260703_160910/frame_00590_163843_063.jpg,session_20260703_160910,train_data/session_20260703_160910/frame_00590_163843_063.jpg
session_20260703_160910/frame_00591_163846_067.jpg,session_20260703_160910,train_data/session_20260703_160910/frame_00591_163846_067.jpg
session_20260703_160910/frame_00592_163849_068.jpg,session_20260703_160910,train_data/session_20260703_160910/frame_00592_163849_068.jpg
session_20260703_160910/frame_00593_163852_072.jpg,session_20260703_160910,train_data/session_20260703_160910/frame_00593_163852_072.jpg
session_20260703_160910/frame_00594_163855_075.jpg,session_20260703_160910,train_data/session_20260703_160910/frame_00594_163855_075.jpg
session_20260703_160910/frame_00595_163858_078.jpg,session_20260703_160910,train_data/session_20260703_160910/frame_00595_163858_078.jpg
session_20260703_160910/frame_00596_163901_080.jpg,session_20260703_160910,train_data/session_20260703_160910/frame_00596_163901_080.jpg
session_20260703_160910/frame_00597_163904_082.jpg,session_20260703_160910,train_data/session_20260703_160910/frame_00597_163904_082.jpg
session_20260703_160910/frame_00625_164028_161.jpg,session_20260703_160910,train_data/session_20260703_160910/frame_00625_164028_161.jpg
session_20260703_160910/frame_00632_164049_181.jpg,session_20260703_160910,train_data/session_20260703_160910/frame_00632_164049_181.jpg
session_20260703_160910/frame_00633_164052_184.jpg,session_20260703_160910,train_data/session_20260703_160910/frame_00633_164052_184.jpg
session_20260703_160910/frame_00634_164055_187.jpg,session_20260703_160910,train_data/session_20260703_160910/frame_00634_164055_187.jpg
session_20260703_160910/frame_00635_164058_189.jpg,session_20260703_160910,train_data/session_20260703_160910/frame_00635_164058_189.jpg
session_20260703_160910/frame_00636_164101_192.jpg,session_20260703_160910,train_data/session_20260703_160910/frame_00636_164101_192.jpg
session_20260703_160910/frame_00637_164104_195.jpg,session_20260703_160910,train_data/session_20260703_160910/frame_00637_164104_195.jpg
session_20260703_160910/frame_00638_164107_203.jpg,session_20260703_160910,train_data/session_20260703_160910/frame_00638_164107_203.jpg
session_20260703_160910/frame_00639_164110_234.jpg,session_20260703_160910,train_data/session_20260703_160910/frame_00639_164110_234.jpg
session_20260703_160910/frame_00664_164225_306.jpg,session_20260703_160910,train_data/session_20260703_160910/frame_00664_164225_306.jpg
session_20260703_160910/frame_00665_164228_307.jpg,session_20260703_160910,train_data/session_20260703_160910/frame_00665_164228_307.jpg
session_20260703_160910/frame_00666_164231_312.jpg,session_20260703_160910,train_data/session_20260703_160910/frame_00666_164231_312.jpg
session_20260703_160910/frame_00667_164234_313.jpg,session_20260703_160910,train_data/session_20260703_160910/frame_00667_164234_313.jpg
session_20260703_160910/frame_00677_164304_342.jpg,session_20260703_160910,train_data/session_20260703_160910/frame_00677_164304_342.jpg
session_20260703_160910/frame_00678_164307_344.jpg,session_20260703_160910,train_data/session_20260703_160910/frame_00678_164307_344.jpg
session_20260703_160910/frame_00679_164310_346.jpg,session_20260703_160910,train_data/session_20260703_160910/frame_00679_164310_346.jpg
session_20260703_160910/frame_00680_164313_350.jpg,session_20260703_160910,train_data/session_20260703_160910/frame_00680_164313_350.jpg
session_20260703_160910/frame_00681_164316_352.jpg,session_20260703_160910,train_data/session_20260703_160910/frame_00681_164316_352.jpg
session_20260703_160910/frame_00682_164319_355.jpg,session_20260703_160910,train_data/session_20260703_160910/frame_00682_164319_355.jpg
session_20260703_160910/frame_00683_164322_358.jpg,session_20260703_160910,train_data/session_20260703_160910/frame_00683_164322_358.jpg
session_20260703_160910/frame_00685_164328_365.jpg,session_20260703_160910,train_data/session_20260703_160910/frame_00685_164328_365.jpg
session_20260703_160910/frame_00686_164331_368.jpg,session_20260703_160910,train_data/session_20260703_160910/frame_00686_164331_368.jpg
session_20260703_160910/frame_00696_164401_395.jpg,session_20260703_160910,train_data/session_20260703_160910/frame_00696_164401_395.jpg
session_20260703_160910/frame_00697_164404_397.jpg,session_20260703_160910,train_data/session_20260703_160910/frame_00697_164404_397.jpg
session_20260703_160910/frame_00698_164407_400.jpg,session_20260703_160910,train_data/session_20260703_160910/frame_00698_164407_400.jpg
session_20260703_160910/frame_00699_164410_404.jpg,session_20260703_160910,train_data/session_20260703_160910/frame_00699_164410_404.jpg
session_20260703_160910/frame_00719_164510_459.jpg,session_20260703_160910,train_data/session_20260703_160910/frame_00719_164510_459.jpg
session_20260703_160910/frame_00745_164628_533.jpg,session_20260703_160910,train_data/session_20260703_160910/frame_00745_164628_533.jpg
session_20260703_160910/frame_00746_164631_536.jpg,session_20260703_160910,train_data/session_20260703_160910/frame_00746_164631_536.jpg
session_20260703_160910/frame_00747_164634_539.jpg,session_20260703_160910,train_data/session_20260703_160910/frame_00747_164634_539.jpg
session_20260703_160910/frame_00748_164637_541.jpg,session_20260703_160910,train_data/session_20260703_160910/frame_00748_164637_541.jpg
session_20260703_160910/frame_00749_164640_544.jpg,session_20260703_160910,train_data/session_20260703_160910/frame_00749_164640_544.jpg
session_20260703_160910/frame_00750_164643_546.jpg,session_20260703_160910,train_data/session_20260703_160910/frame_00750_164643_546.jpg
session_20260703_160910/frame_00753_164652_556.jpg,session_20260703_160910,train_data/session_20260703_160910/frame_00753_164652_556.jpg
session_20260703_160910/frame_00754_164655_557.jpg,session_20260703_160910,train_data/session_20260703_160910/frame_00754_164655_557.jpg
session_20260703_160910/frame_00755_164658_560.jpg,session_20260703_160910,train_data/session_20260703_160910/frame_00755_164658_560.jpg
session_20260703_160910/frame_00756_164701_563.jpg,session_20260703_160910,train_data/session_20260703_160910/frame_00756_164701_563.jpg
session_20260703_160910/frame_00759_164710_571.jpg,session_20260703_160910,train_data/session_20260703_160910/frame_00759_164710_571.jpg
session_20260703_160910/frame_00760_164713_577.jpg,session_20260703_160910,train_data/session_20260703_160910/frame_00760_164713_577.jpg
session_20260703_160910/frame_00761_164716_577.jpg,session_20260703_160910,train_data/session_20260703_160910/frame_00761_164716_577.jpg
session_20260703_160910/frame_00762_164719_580.jpg,session_20260703_160910,train_data/session_20260703_160910/frame_00762_164719_580.jpg
session_20260703_160910/frame_00763_164722_583.jpg,session_20260703_160910,train_data/session_20260703_160910/frame_00763_164722_583.jpg
session_20260703_160910/frame_00764_164725_585.jpg,session_20260703_160910,train_data/session_20260703_160910/frame_00764_164725_585.jpg
session_20260703_160910/frame_00765_164728_588.jpg,session_20260703_160910,train_data/session_20260703_160910/frame_00765_164728_588.jpg
session_20260703_160910/frame_00766_164731_596.jpg,session_20260703_160910,train_data/session_20260703_160910/frame_00766_164731_596.jpg
session_20260703_160910/frame_00769_164740_633.jpg,session_20260703_160910,train_data/session_20260703_160910/frame_00769_164740_633.jpg
session_20260703_160910/frame_00770_164743_636.jpg,session_20260703_160910,train_data/session_20260703_160910/frame_00770_164743_636.jpg
session_20260703_160910/frame_00771_164746_640.jpg,session_20260703_160910,train_data/session_20260703_160910/frame_00771_164746_640.jpg
session_20260703_160910/frame_00772_164749_643.jpg,session_20260703_160910,train_data/session_20260703_160910/frame_00772_164749_643.jpg
session_20260703_160910/frame_00773_164752_647.jpg,session_20260703_160910,train_data/session_20260703_160910/frame_00773_164752_647.jpg
session_20260703_160910/frame_00774_164755_647.jpg,session_20260703_160910,train_data/session_20260703_160910/frame_00774_164755_647.jpg
session_20260703_160910/frame_00775_164758_649.jpg,session_20260703_160910,train_data/session_20260703_160910/frame_00775_164758_649.jpg
session_20260703_160910/frame_00776_164801_653.jpg,session_20260703_160910,train_data/session_20260703_160910/frame_00776_164801_653.jpg
session_20260703_160910/frame_00777_164804_655.jpg,session_20260703_160910,train_data/session_20260703_160910/frame_00777_164804_655.jpg
session_20260703_160910/frame_00778_164807_658.jpg,session_20260703_160910,train_data/session_20260703_160910/frame_00778_164807_658.jpg
session_20260703_160910/frame_00779_164810_661.jpg,session_20260703_160910,train_data/session_20260703_160910/frame_00779_164810_661.jpg
session_20260703_160910/frame_00780_164813_664.jpg,session_20260703_160910,train_data/session_20260703_160910/frame_00780_164813_664.jpg
session_20260703_160910/frame_00782_164819_670.jpg,session_20260703_160910,train_data/session_20260703_160910/frame_00782_164819_670.jpg
session_20260703_160910/frame_00783_164822_676.jpg,session_20260703_160910,train_data/session_20260703_160910/frame_00783_164822_676.jpg
session_20260703_160910/frame_00784_164825_675.jpg,session_20260703_160910,train_data/session_20260703_160910/frame_00784_164825_675.jpg
session_20260703_160910/frame_00785_164828_679.jpg,session_20260703_160910,train_data/session_20260703_160910/frame_00785_164828_679.jpg
session_20260703_160910/frame_00786_164831_681.jpg,session_20260703_160910,train_data/session_20260703_160910/frame_00786_164831_681.jpg
session_20260703_160910/frame_00787_164834_683.jpg,session_20260703_160910,train_data/session_20260703_160910/frame_00787_164834_683.jpg
session_20260703_160910/frame_00796_164901_709.jpg,session_20260703_160910,train_data/session_20260703_160910/frame_00796_164901_709.jpg
session_20260703_160910/frame_00797_164904_714.jpg,session_20260703_160910,train_data/session_20260703_160910/frame_00797_164904_714.jpg
session_20260703_160910/frame_00798_164907_715.jpg,session_20260703_160910,train_data/session_20260703_160910/frame_00798_164907_715.jpg
session_20260703_160910/frame_00799_164910_718.jpg,session_20260703_160910,train_data/session_20260703_160910/frame_00799_164910_718.jpg
session_20260703_160910/frame_00800_164913_720.jpg,session_20260703_160910,train_data/session_20260703_160910/frame_00800_164913_720.jpg
session_20260703_160910/frame_00801_164916_723.jpg,session_20260703_160910,train_data/session_20260703_160910/frame_00801_164916_723.jpg
session_20260703_160910/frame_00802_164919_727.jpg,session_20260703_160910,train_data/session_20260703_160910/frame_00802_164919_727.jpg
session_20260703_160910/frame_00803_164922_728.jpg,session_20260703_160910,train_data/session_20260703_160910/frame_00803_164922_728.jpg
session_20260703_160910/frame_00804_164925_732.jpg,session_20260703_160910,train_data/session_20260703_160910/frame_00804_164925_732.jpg
session_20260703_160910/frame_00805_164928_734.jpg,session_20260703_160910,train_data/session_20260703_160910/frame_00805_164928_734.jpg
session_20260703_160910/frame_00806_164931_738.jpg,session_20260703_160910,train_data/session_20260703_160910/frame_00806_164931_738.jpg
session_20260703_160910/frame_00807_164934_741.jpg,session_20260703_160910,train_data/session_20260703_160910/frame_00807_164934_741.jpg
session_20260703_160910/frame_00808_164937_742.jpg,session_20260703_160910,train_data/session_20260703_160910/frame_00808_164937_742.jpg
session_20260703_160910/frame_00809_164940_746.jpg,session_20260703_160910,train_data/session_20260703_160910/frame_00809_164940_746.jpg
session_20260703_160910/frame_00810_164943_750.jpg,session_20260703_160910,train_data/session_20260703_160910/frame_00810_164943_750.jpg
session_20260703_160910/frame_00811_164946_754.jpg,session_20260703_160910,train_data/session_20260703_160910/frame_00811_164946_754.jpg
session_20260703_160910/frame_00812_164949_755.jpg,session_20260703_160910,train_data/session_20260703_160910/frame_00812_164949_755.jpg
session_20260703_160910/frame_00813_164952_757.jpg,session_20260703_160910,train_data/session_20260703_160910/frame_00813_164952_757.jpg
session_20260703_160910/frame_00814_164955_759.jpg,session_20260703_160910,train_data/session_20260703_160910/frame_00814_164955_759.jpg
session_20260703_160910/frame_00815_164958_762.jpg,session_20260703_160910,train_data/session_20260703_160910/frame_00815_164958_762.jpg
session_20260703_160910/frame_00816_165001_766.jpg,session_20260703_160910,train_data/session_20260703_160910/frame_00816_165001_766.jpg
session_20260703_160910/frame_00817_165004_768.jpg,session_20260703_160910,train_data/session_20260703_160910/frame_00817_165004_768.jpg
session_20260703_160910/frame_00818_165007_773.jpg,session_20260703_160910,train_data/session_20260703_160910/frame_00818_165007_773.jpg
session_20260703_160910/frame_00819_165010_773.jpg,session_20260703_160910,train_data/session_20260703_160910/frame_00819_165010_773.jpg
session_20260703_160910/frame_00820_165013_777.jpg,session_20260703_160910,train_data/session_20260703_160910/frame_00820_165013_777.jpg
session_20260703_160910/frame_00821_165016_783.jpg,session_20260703_160910,train_data/session_20260703_160910/frame_00821_165016_783.jpg
session_20260703_160910/frame_00822_165019_782.jpg,session_20260703_160910,train_data/session_20260703_160910/frame_00822_165019_782.jpg
session_20260703_160910/frame_00823_165022_785.jpg,session_20260703_160910,train_data/session_20260703_160910/frame_00823_165022_785.jpg
session_20260703_160910/frame_00824_165025_788.jpg,session_20260703_160910,train_data/session_20260703_160910/frame_00824_165025_788.jpg
session_20260703_160910/frame_00825_165028_790.jpg,session_20260703_160910,train_data/session_20260703_160910/frame_00825_165028_790.jpg
session_20260703_160910/frame_00826_165031_793.jpg,session_20260703_160910,train_data/session_20260703_160910/frame_00826_165031_793.jpg
session_20260703_160910/frame_00827_165034_796.jpg,session_20260703_160910,train_data/session_20260703_160910/frame_00827_165034_796.jpg
session_20260703_160910/frame_00828_165037_799.jpg,session_20260703_160910,train_data/session_20260703_160910/frame_00828_165037_799.jpg
session_20260703_160910/frame_00829_165040_801.jpg,session_20260703_160910,train_data/session_20260703_160910/frame_00829_165040_801.jpg
session_20260703_160910/frame_00830_165043_805.jpg,session_20260703_160910,train_data/session_20260703_160910/frame_00830_165043_805.jpg
session_20260703_160910/frame_00831_165046_807.jpg,session_20260703_160910,train_data/session_20260703_160910/frame_00831_165046_807.jpg
session_20260703_160910/frame_00832_165049_810.jpg,session_20260703_160910,train_data/session_20260703_160910/frame_00832_165049_810.jpg
session_20260703_160910/frame_00834_165055_816.jpg,session_20260703_160910,train_data/session_20260703_160910/frame_00834_165055_816.jpg
