archived_path,label,train_data_source
bad_data/frame_00000_144734_250.jpg,bad_data,train_data/session_20260618_144733/frame_00000_144734_250.jpg
bad_data/frame_00000_145337_917.jpg,bad_data,train_data/session_20260618_145337/frame_00000_145337_917.jpg
bad_data/frame_00000_150721_651.jpg,bad_data,train_data/session_20260618_150720/frame_00000_150721_651.jpg
bad_data/frame_00021_144837_294.jpg,bad_data,train_data/session_20260618_144733/frame_00021_144837_294.jpg
bad_data/frame_00037_154404_551.jpg,bad_data,train_data/session_20260605_154345/frame_00037_154404_551.jpg
bad_data/frame_00038_145531_984.jpg,bad_data,train_data/session_20260618_145337/frame_00038_145531_984.jpg
bad_data/frame_00048_150857_739.jpg,bad_data,train_data/session_20260618_150720/frame_00048_150857_739.jpg
bad_data/frame_00058_145632_026.jpg,bad_data,train_data/session_20260618_145337/frame_00058_145632_026.jpg
bad_data/frame_00071_145711_053.jpg,bad_data,train_data/session_20260618_145337/frame_00071_145711_053.jpg
bad_data/frame_00072_145714_055.jpg,bad_data,train_data/session_20260618_145337/frame_00072_145714_055.jpg
bad_data/frame_00100_154436_073.jpg,bad_data,train_data/session_20260605_154345/frame_00100_154436_073.jpg
bad_data/frame_00110_145908_133.jpg,bad_data,train_data/session_20260618_145337/frame_00110_145908_133.jpg
bad_data/frame_00137_150029_190.jpg,bad_data,train_data/session_20260618_145337/frame_00137_150029_190.jpg
bad_data/frame_00143_151207_872.jpg,bad_data,train_data/session_20260618_150720/frame_00143_151207_872.jpg
bad_data/frame_00166_151253_904.jpg,bad_data,train_data/session_20260618_150720/frame_00166_151253_904.jpg
bad_data/frame_00167_150159_252.jpg,bad_data,train_data/session_20260618_145337/frame_00167_150159_252.jpg
bad_data/frame_00217_151436_008.jpg,bad_data,train_data/session_20260618_150720/frame_00217_151436_008.jpg
bad_data/frame_00232_151506_029.jpg,bad_data,train_data/session_20260618_150720/frame_00232_151506_029.jpg
bad_data/frame_00276_151634_089.jpg,bad_data,train_data/session_20260618_150720/frame_00276_151634_089.jpg
bad_data/frame_00296_154614_207.jpg,bad_data,train_data/session_20260605_154345/frame_00296_154614_207.jpg
bad_data/frame_00328_154630_285.jpg,bad_data,train_data/session_20260605_154345/frame_00328_154630_285.jpg
bad_data/frame_00340_154636_289.jpg,bad_data,train_data/session_20260605_154345/frame_00340_154636_289.jpg
bad_data/frame_00342_154637_289.jpg,bad_data,train_data/session_20260605_154345/frame_00342_154637_289.jpg
bad_data/frame_00343_154637_790.jpg,bad_data,train_data/session_20260605_154345/frame_00343_154637_790.jpg
bad_data/frame_00351_154641_793.jpg,bad_data,train_data/session_20260605_154345/frame_00351_154641_793.jpg
bad_data/frame_00354_151910_197.jpg,bad_data,train_data/session_20260618_150720/frame_00354_151910_197.jpg
bad_data/frame_00367_151936_215.jpg,bad_data,train_data/session_20260618_150720/frame_00367_151936_215.jpg
bad_data/frame_00367_154649_799.jpg,bad_data,train_data/session_20260605_154345/frame_00367_154649_799.jpg
bad_data/frame_00394_154703_308.jpg,bad_data,train_data/session_20260605_154345/frame_00394_154703_308.jpg
bad_data/frame_00439_154725_824.jpg,bad_data,train_data/session_20260605_154345/frame_00439_154725_824.jpg
bad_data/frame_00482_154747_339.jpg,bad_data,train_data/session_20260605_154345/frame_00482_154747_339.jpg
bad_data/frame_00493_154752_842.jpg,bad_data,train_data/session_20260605_154345/frame_00493_154752_842.jpg
bad_data/frame_00646_154909_596.jpg,bad_data,train_data/session_20260605_154345/frame_00646_154909_596.jpg
bad_data/frame_00651_154912_097.jpg,bad_data,train_data/session_20260605_154345/frame_00651_154912_097.jpg
bad_data/frame_00725_154949_123.jpg,bad_data,train_data/session_20260605_154345/frame_00725_154949_123.jpg
bad_data/frame_00735_154954_159.jpg,bad_data,train_data/session_20260605_154345/frame_00735_154954_159.jpg
bad_data/frame_00742_154957_662.jpg,bad_data,train_data/session_20260605_154345/frame_00742_154957_662.jpg
bad_data/frame_00752_155002_665.jpg,bad_data,train_data/session_20260605_154345/frame_00752_155002_665.jpg
bad_data/frame_00784_155018_676.jpg,bad_data,train_data/session_20260605_154345/frame_00784_155018_676.jpg
bad_data/frame_00792_155022_679.jpg,bad_data,train_data/session_20260605_154345/frame_00792_155022_679.jpg
bad_data/frame_00809_155031_185.jpg,bad_data,train_data/session_20260605_154345/frame_00809_155031_185.jpg
bad_data/frame_00821_155037_189.jpg,bad_data,train_data/session_20260605_154345/frame_00821_155037_189.jpg
bad_data/frame_00824_155038_690.jpg,bad_data,train_data/session_20260605_154345/frame_00824_155038_690.jpg
bad_data/frame_00828_155040_691.jpg,bad_data,train_data/session_20260605_154345/frame_00828_155040_691.jpg
bad_data/frame_00885_155109_345.jpg,bad_data,train_data/session_20260605_154345/frame_00885_155109_345.jpg
bad_data/frame_00909_155121_353.jpg,bad_data,train_data/session_20260605_154345/frame_00909_155121_353.jpg
bad_data/frame_01061_155237_539.jpg,bad_data,train_data/session_20260605_154345/frame_01061_155237_539.jpg
bad_data/frame_01081_155247_546.jpg,bad_data,train_data/session_20260605_154345/frame_01081_155247_546.jpg
bad_data/frame_01103_155258_553.jpg,bad_data,train_data/session_20260605_154345/frame_01103_155258_553.jpg
bad_data/frame_01105_155259_554.jpg,bad_data,train_data/session_20260605_154345/frame_01105_155259_554.jpg
bad_data/frame_01117_155305_559.jpg,bad_data,train_data/session_20260605_154345/frame_01117_155305_559.jpg
bad_data/frame_01121_155307_560.jpg,bad_data,train_data/session_20260605_154345/frame_01121_155307_560.jpg
bad_data/frame_01129_155311_596.jpg,bad_data,train_data/session_20260605_154345/frame_01129_155311_596.jpg
bad_data/frame_01149_155321_636.jpg,bad_data,train_data/session_20260605_154345/frame_01149_155321_636.jpg
bad_data/frame_01260_155417_308.jpg,bad_data,train_data/session_20260605_154345/frame_01260_155417_308.jpg
bad_data/frame_01309_155441_825.jpg,bad_data,train_data/session_20260605_154345/frame_01309_155441_825.jpg
bad_data/frame_01332_155453_366.jpg,bad_data,train_data/session_20260605_154345/frame_01332_155453_366.jpg
bad_data/frame_01404_155529_391.jpg,bad_data,train_data/session_20260605_154345/frame_01404_155529_391.jpg
bad_data/frame_01415_155534_895.jpg,bad_data,train_data/session_20260605_154345/frame_01415_155534_895.jpg
bad_data/frame_01441_155547_937.jpg,bad_data,train_data/session_20260605_154345/frame_01441_155547_937.jpg
bad_data/frame_01446_155550_471.jpg,bad_data,train_data/session_20260605_154345/frame_01446_155550_471.jpg
bad_data/frame_01456_155555_542.jpg,bad_data,train_data/session_20260605_154345/frame_01456_155555_542.jpg
bad_data/frame_01468_155601_613.jpg,bad_data,train_data/session_20260605_154345/frame_01468_155601_613.jpg
bad_data/frame_01472_155603_615.jpg,bad_data,train_data/session_20260605_154345/frame_01472_155603_615.jpg
bad_data/frame_01491_155613_121.jpg,bad_data,train_data/session_20260605_154345/frame_01491_155613_121.jpg
bad_data/frame_01529_155632_202.jpg,bad_data,train_data/session_20260605_154345/frame_01529_155632_202.jpg
bad_data/frame_01532_155633_703.jpg,bad_data,train_data/session_20260605_154345/frame_01532_155633_703.jpg
bad_data/frame_01542_155638_706.jpg,bad_data,train_data/session_20260605_154345/frame_01542_155638_706.jpg
bad_data/frame_01543_155639_206.jpg,bad_data,train_data/session_20260605_154345/frame_01543_155639_206.jpg
bad_data/frame_01598_155706_725.jpg,bad_data,train_data/session_20260605_154345/frame_01598_155706_725.jpg
bad_data/frame_01629_155722_236.jpg,bad_data,train_data/session_20260605_154345/frame_01629_155722_236.jpg
bad_data/frame_01650_155732_744.jpg,bad_data,train_data/session_20260605_154345/frame_01650_155732_744.jpg
bad_data/frame_01660_155737_746.jpg,bad_data,train_data/session_20260605_154345/frame_01660_155737_746.jpg
bad_data/frame_01661_155738_247.jpg,bad_data,train_data/session_20260605_154345/frame_01661_155738_247.jpg
bad_data/frame_01675_155745_252.jpg,bad_data,train_data/session_20260605_154345/frame_01675_155745_252.jpg
bad_data/frame_01718_155806_833.jpg,bad_data,train_data/session_20260605_154345/frame_01718_155806_833.jpg
bad_data/frame_01812_155853_933.jpg,bad_data,train_data/session_20260605_154345/frame_01812_155853_933.jpg
bad_data/frame_01839_155907_442.jpg,bad_data,train_data/session_20260605_154345/frame_01839_155907_442.jpg
bad_data/frame_01895_155935_495.jpg,bad_data,train_data/session_20260605_154345/frame_01895_155935_495.jpg
bad_data/frame_02028_160042_074.jpg,bad_data,train_data/session_20260605_154345/frame_02028_160042_074.jpg
bad_data/frame_02108_160122_133.jpg,bad_data,train_data/session_20260605_154345/frame_02108_160122_133.jpg
bad_data/frame_02262_160239_556.jpg,bad_data,train_data/session_20260605_154345/frame_02262_160239_556.jpg
bad_data/frame_02341_160319_116.jpg,bad_data,train_data/session_20260605_154345/frame_02341_160319_116.jpg
bad_data/frame_02343_160320_117.jpg,bad_data,train_data/session_20260605_154345/frame_02343_160320_117.jpg
bad_data/frame_02344_160320_618.jpg,bad_data,train_data/session_20260605_154345/frame_02344_160320_618.jpg
bad_data/frame_02355_160326_121.jpg,bad_data,train_data/session_20260605_154345/frame_02355_160326_121.jpg
bad_data/frame_02660_160558_726.jpg,bad_data,train_data/session_20260605_154345/frame_02660_160558_726.jpg
bad_data/frame_02670_160603_730.jpg,bad_data,train_data/session_20260605_154345/frame_02670_160603_730.jpg
bad_data/frame_02729_160633_250.jpg,bad_data,train_data/session_20260605_154345/frame_02729_160633_250.jpg
bad_data/frame_02732_160634_752.jpg,bad_data,train_data/session_20260605_154345/frame_02732_160634_752.jpg
bad_data/frame_02795_160706_373.jpg,bad_data,train_data/session_20260605_154345/frame_02795_160706_373.jpg
bad_data/frame_02817_160717_381.jpg,bad_data,train_data/session_20260605_154345/frame_02817_160717_381.jpg
bad_data/frame_02976_160836_936.jpg,bad_data,train_data/session_20260605_154345/frame_02976_160836_936.jpg
bad_data/frame_02990_160843_941.jpg,bad_data,train_data/session_20260605_154345/frame_02990_160843_941.jpg
bad_data/frame_03170_161014_070.jpg,bad_data,train_data/session_20260605_154345/frame_03170_161014_070.jpg
bad_data/frame_03206_161032_082.jpg,bad_data,train_data/session_20260605_154345/frame_03206_161032_082.jpg
bad_data/frame_03248_161053_097.jpg,bad_data,train_data/session_20260605_154345/frame_03248_161053_097.jpg
bad_data/frame_03304_161121_150.jpg,bad_data,train_data/session_20260605_154345/frame_03304_161121_150.jpg
clear/frame_00001_144737_252.jpg,clear,train_data/session_20260618_144733/frame_00001_144737_252.jpg
clear/frame_00001_145340_907.jpg,clear,train_data/session_20260618_145337/frame_00001_145340_907.jpg
clear/frame_00001_150723_676.jpg,clear,train_data/session_20260618_150720/frame_00001_150723_676.jpg
clear/frame_00002_144740_255.jpg,clear,train_data/session_20260618_144733/frame_00002_144740_255.jpg
clear/frame_00002_145343_910.jpg,clear,train_data/session_20260618_145337/frame_00002_145343_910.jpg
clear/frame_00002_150725_677.jpg,clear,train_data/session_20260618_150720/frame_00002_150725_677.jpg
clear/frame_00003_144743_257.jpg,clear,train_data/session_20260618_144733/frame_00003_144743_257.jpg
clear/frame_00003_145346_912.jpg,clear,train_data/session_20260618_145337/frame_00003_145346_912.jpg
clear/frame_00003_150727_678.jpg,clear,train_data/session_20260618_150720/frame_00003_150727_678.jpg
clear/frame_00004_145349_914.jpg,clear,train_data/session_20260618_145337/frame_00004_145349_914.jpg
clear/frame_00004_150729_680.jpg,clear,train_data/session_20260618_150720/frame_00004_150729_680.jpg
clear/frame_00004_154348_040.jpg,clear,train_data/session_20260605_154345/frame_00004_154348_040.jpg
clear/frame_00005_144749_260.jpg,clear,train_data/session_20260618_144733/frame_00005_144749_260.jpg
clear/frame_00005_150731_682.jpg,clear,train_data/session_20260618_150720/frame_00005_150731_682.jpg
clear/frame_00005_154348_540.jpg,clear,train_data/session_20260605_154345/frame_00005_154348_540.jpg
clear/frame_00006_144752_262.jpg,clear,train_data/session_20260618_144733/frame_00006_144752_262.jpg
clear/frame_00006_145355_918.jpg,clear,train_data/session_20260618_145337/frame_00006_145355_918.jpg
clear/frame_00006_150733_683.jpg,clear,train_data/session_20260618_150720/frame_00006_150733_683.jpg
clear/frame_00007_144755_265.jpg,clear,train_data/session_20260618_144733/frame_00007_144755_265.jpg
clear/frame_00007_145358_920.jpg,clear,train_data/session_20260618_145337/frame_00007_145358_920.jpg
clear/frame_00007_150735_684.jpg,clear,train_data/session_20260618_150720/frame_00007_150735_684.jpg
clear/frame_00008_144758_267.jpg,clear,train_data/session_20260618_144733/frame_00008_144758_267.jpg
clear/frame_00008_150737_685.jpg,clear,train_data/session_20260618_150720/frame_00008_150737_685.jpg
clear/frame_00009_144801_269.jpg,clear,train_data/session_20260618_144733/frame_00009_144801_269.jpg
clear/frame_00009_150739_687.jpg,clear,train_data/session_20260618_150720/frame_00009_150739_687.jpg
clear/frame_00010_144804_269.jpg,clear,train_data/session_20260618_144733/frame_00010_144804_269.jpg
clear/frame_00010_150741_687.jpg,clear,train_data/session_20260618_150720/frame_00010_150741_687.jpg
clear/frame_00011_144807_273.jpg,clear,train_data/session_20260618_144733/frame_00011_144807_273.jpg
clear/frame_00011_150743_689.jpg,clear,train_data/session_20260618_150720/frame_00011_150743_689.jpg
clear/frame_00012_145413_930.jpg,clear,train_data/session_20260618_145337/frame_00012_145413_930.jpg
clear/frame_00012_150745_691.jpg,clear,train_data/session_20260618_150720/frame_00012_150745_691.jpg
clear/frame_00013_145416_933.jpg,clear,train_data/session_20260618_145337/frame_00013_145416_933.jpg
clear/frame_00013_150747_692.jpg,clear,train_data/session_20260618_150720/frame_00013_150747_692.jpg
clear/frame_00013_154352_543.jpg,clear,train_data/session_20260605_154345/frame_00013_154352_543.jpg
clear/frame_00014_144816_279.jpg,clear,train_data/session_20260618_144733/frame_00014_144816_279.jpg
clear/frame_00014_150749_694.jpg,clear,train_data/session_20260618_150720/frame_00014_150749_694.jpg
clear/frame_00015_144819_280.jpg,clear,train_data/session_20260618_144733/frame_00015_144819_280.jpg
clear/frame_00015_145422_937.jpg,clear,train_data/session_20260618_145337/frame_00015_145422_937.jpg
clear/frame_00015_150751_694.jpg,clear,train_data/session_20260618_150720/frame_00015_150751_694.jpg
clear/frame_00016_144822_283.jpg,clear,train_data/session_20260618_144733/frame_00016_144822_283.jpg
clear/frame_00016_145425_938.jpg,clear,train_data/session_20260618_145337/frame_00016_145425_938.jpg
clear/frame_00016_150753_697.jpg,clear,train_data/session_20260618_150720/frame_00016_150753_697.jpg
clear/frame_00016_154354_044.jpg,clear,train_data/session_20260605_154345/frame_00016_154354_044.jpg
clear/frame_00017_145428_941.jpg,clear,train_data/session_20260618_145337/frame_00017_145428_941.jpg
clear/frame_00017_150755_698.jpg,clear,train_data/session_20260618_150720/frame_00017_150755_698.jpg
clear/frame_00018_144828_288.jpg,clear,train_data/session_20260618_144733/frame_00018_144828_288.jpg
clear/frame_00018_145431_943.jpg,clear,train_data/session_20260618_145337/frame_00018_145431_943.jpg
clear/frame_00018_154355_045.jpg,clear,train_data/session_20260605_154345/frame_00018_154355_045.jpg
clear/frame_00019_145434_945.jpg,clear,train_data/session_20260618_145337/frame_00019_145434_945.jpg
clear/frame_00019_150759_701.jpg,clear,train_data/session_20260618_150720/frame_00019_150759_701.jpg
clear/frame_00020_150801_701.jpg,clear,train_data/session_20260618_150720/frame_00020_150801_701.jpg
clear/frame_00020_154356_045.jpg,clear,train_data/session_20260605_154345/frame_00020_154356_045.jpg
clear/frame_00021_145440_949.jpg,clear,train_data/session_20260618_145337/frame_00021_145440_949.jpg
clear/frame_00021_150803_703.jpg,clear,train_data/session_20260618_150720/frame_00021_150803_703.jpg
clear/frame_00021_154356_546.jpg,clear,train_data/session_20260605_154345/frame_00021_154356_546.jpg
clear/frame_00022_144840_296.jpg,clear,train_data/session_20260618_144733/frame_00022_144840_296.jpg
clear/frame_00022_145443_950.jpg,clear,train_data/session_20260618_145337/frame_00022_145443_950.jpg
clear/frame_00022_150805_705.jpg,clear,train_data/session_20260618_150720/frame_00022_150805_705.jpg
clear/frame_00022_154357_046.jpg,clear,train_data/session_20260605_154345/frame_00022_154357_046.jpg
clear/frame_00023_144843_298.jpg,clear,train_data/session_20260618_144733/frame_00023_144843_298.jpg
clear/frame_00023_145446_953.jpg,clear,train_data/session_20260618_145337/frame_00023_145446_953.jpg
clear/frame_00023_150807_706.jpg,clear,train_data/session_20260618_150720/frame_00023_150807_706.jpg
clear/frame_00023_154357_546.jpg,clear,train_data/session_20260605_154345/frame_00023_154357_546.jpg
clear/frame_00024_144846_300.jpg,clear,train_data/session_20260618_144733/frame_00024_144846_300.jpg
clear/frame_00024_145449_955.jpg,clear,train_data/session_20260618_145337/frame_00024_145449_955.jpg
clear/frame_00024_154358_047.jpg,clear,train_data/session_20260605_154345/frame_00024_154358_047.jpg
clear/frame_00025_144849_300.jpg,clear,train_data/session_20260618_144733/frame_00025_144849_300.jpg
clear/frame_00025_150811_707.jpg,clear,train_data/session_20260618_150720/frame_00025_150811_707.jpg
clear/frame_00025_154358_547.jpg,clear,train_data/session_20260605_154345/frame_00025_154358_547.jpg
clear/frame_00026_144852_304.jpg,clear,train_data/session_20260618_144733/frame_00026_144852_304.jpg
clear/frame_00026_150813_710.jpg,clear,train_data/session_20260618_150720/frame_00026_150813_710.jpg
clear/frame_00026_154359_047.jpg,clear,train_data/session_20260605_154345/frame_00026_154359_047.jpg
clear/frame_00027_144855_307.jpg,clear,train_data/session_20260618_144733/frame_00027_144855_307.jpg
clear/frame_00027_145458_962.jpg,clear,train_data/session_20260618_145337/frame_00027_145458_962.jpg
clear/frame_00027_150815_712.jpg,clear,train_data/session_20260618_150720/frame_00027_150815_712.jpg
clear/frame_00027_154359_547.jpg,clear,train_data/session_20260605_154345/frame_00027_154359_547.jpg
clear/frame_00028_144858_308.jpg,clear,train_data/session_20260618_144733/frame_00028_144858_308.jpg
clear/frame_00028_150817_713.jpg,clear,train_data/session_20260618_150720/frame_00028_150817_713.jpg
clear/frame_00028_154400_048.jpg,clear,train_data/session_20260605_154345/frame_00028_154400_048.jpg
clear/frame_00029_144901_310.jpg,clear,train_data/session_20260618_144733/frame_00029_144901_310.jpg
clear/frame_00029_145504_965.jpg,clear,train_data/session_20260618_145337/frame_00029_145504_965.jpg
clear/frame_00029_154400_548.jpg,clear,train_data/session_20260605_154345/frame_00029_154400_548.jpg
clear/frame_00030_145507_968.jpg,clear,train_data/session_20260618_145337/frame_00030_145507_968.jpg
clear/frame_00030_150821_714.jpg,clear,train_data/session_20260618_150720/frame_00030_150821_714.jpg
clear/frame_00030_154401_048.jpg,clear,train_data/session_20260605_154345/frame_00030_154401_048.jpg
clear/frame_00031_144907_314.jpg,clear,train_data/session_20260618_144733/frame_00031_144907_314.jpg
clear/frame_00031_154401_549.jpg,clear,train_data/session_20260605_154345/frame_00031_154401_549.jpg
clear/frame_00032_144910_315.jpg,clear,train_data/session_20260618_144733/frame_00032_144910_315.jpg
clear/frame_00032_150825_719.jpg,clear,train_data/session_20260618_150720/frame_00032_150825_719.jpg
clear/frame_00032_154402_049.jpg,clear,train_data/session_20260605_154345/frame_00032_154402_049.jpg
clear/frame_00033_144913_319.jpg,clear,train_data/session_20260618_144733/frame_00033_144913_319.jpg
clear/frame_00033_150827_720.jpg,clear,train_data/session_20260618_150720/frame_00033_150827_720.jpg
clear/frame_00034_144916_320.jpg,clear,train_data/session_20260618_144733/frame_00034_144916_320.jpg
clear/frame_00034_150829_721.jpg,clear,train_data/session_20260618_150720/frame_00034_150829_721.jpg
clear/frame_00034_154403_050.jpg,clear,train_data/session_20260605_154345/frame_00034_154403_050.jpg
clear/frame_00035_144919_323.jpg,clear,train_data/session_20260618_144733/frame_00035_144919_323.jpg
clear/frame_00035_145522_978.jpg,clear,train_data/session_20260618_145337/frame_00035_145522_978.jpg
clear/frame_00035_150831_721.jpg,clear,train_data/session_20260618_150720/frame_00035_150831_721.jpg
clear/frame_00035_154403_550.jpg,clear,train_data/session_20260605_154345/frame_00035_154403_550.jpg
clear/frame_00036_144922_325.jpg,clear,train_data/session_20260618_144733/frame_00036_144922_325.jpg
clear/frame_00036_145525_980.jpg,clear,train_data/session_20260618_145337/frame_00036_145525_980.jpg
clear/frame_00036_150833_724.jpg,clear,train_data/session_20260618_150720/frame_00036_150833_724.jpg
clear/frame_00036_154404_051.jpg,clear,train_data/session_20260605_154345/frame_00036_154404_051.jpg
clear/frame_00038_150837_726.jpg,clear,train_data/session_20260618_150720/frame_00038_150837_726.jpg
clear/frame_00038_154405_052.jpg,clear,train_data/session_20260605_154345/frame_00038_154405_052.jpg
clear/frame_00039_145534_987.jpg,clear,train_data/session_20260618_145337/frame_00039_145534_987.jpg
clear/frame_00039_154405_552.jpg,clear,train_data/session_20260605_154345/frame_00039_154405_552.jpg
clear/frame_00040_150841_729.jpg,clear,train_data/session_20260618_150720/frame_00040_150841_729.jpg
clear/frame_00040_154406_052.jpg,clear,train_data/session_20260605_154345/frame_00040_154406_052.jpg
clear/frame_00041_145540_990.jpg,clear,train_data/session_20260618_145337/frame_00041_145540_990.jpg
clear/frame_00041_150843_731.jpg,clear,train_data/session_20260618_150720/frame_00041_150843_731.jpg
clear/frame_00041_154406_552.jpg,clear,train_data/session_20260605_154345/frame_00041_154406_552.jpg
clear/frame_00042_150845_732.jpg,clear,train_data/session_20260618_150720/frame_00042_150845_732.jpg
clear/frame_00043_150847_733.jpg,clear,train_data/session_20260618_150720/frame_00043_150847_733.jpg
clear/frame_00044_150849_735.jpg,clear,train_data/session_20260618_150720/frame_00044_150849_735.jpg
clear/frame_00045_145552_999.jpg,clear,train_data/session_20260618_145337/frame_00045_145552_999.jpg
clear/frame_00045_150851_737.jpg,clear,train_data/session_20260618_150720/frame_00045_150851_737.jpg
clear/frame_00045_154408_554.jpg,clear,train_data/session_20260605_154345/frame_00045_154408_554.jpg
clear/frame_00046_145556_001.jpg,clear,train_data/session_20260618_145337/frame_00046_145556_001.jpg
clear/frame_00046_154409_054.jpg,clear,train_data/session_20260605_154345/frame_00046_154409_054.jpg
clear/frame_00047_145559_003.jpg,clear,train_data/session_20260618_145337/frame_00047_145559_003.jpg
clear/frame_00047_150855_739.jpg,clear,train_data/session_20260618_150720/frame_00047_150855_739.jpg
clear/frame_00048_145602_005.jpg,clear,train_data/session_20260618_145337/frame_00048_145602_005.jpg
clear/frame_00048_154410_055.jpg,clear,train_data/session_20260605_154345/frame_00048_154410_055.jpg
clear/frame_00049_150859_743.jpg,clear,train_data/session_20260618_150720/frame_00049_150859_743.jpg
clear/frame_00049_154410_555.jpg,clear,train_data/session_20260605_154345/frame_00049_154410_555.jpg
clear/frame_00050_154411_056.jpg,clear,train_data/session_20260605_154345/frame_00050_154411_056.jpg
clear/frame_00051_145611_011.jpg,clear,train_data/session_20260618_145337/frame_00051_145611_011.jpg
clear/frame_00051_150903_745.jpg,clear,train_data/session_20260618_150720/frame_00051_150903_745.jpg
clear/frame_00051_154411_556.jpg,clear,train_data/session_20260605_154345/frame_00051_154411_556.jpg
clear/frame_00052_150905_746.jpg,clear,train_data/session_20260618_150720/frame_00052_150905_746.jpg
clear/frame_00052_154412_056.jpg,clear,train_data/session_20260605_154345/frame_00052_154412_056.jpg
clear/frame_00053_150907_748.jpg,clear,train_data/session_20260618_150720/frame_00053_150907_748.jpg
clear/frame_00053_154412_556.jpg,clear,train_data/session_20260605_154345/frame_00053_154412_556.jpg
clear/frame_00054_150909_749.jpg,clear,train_data/session_20260618_150720/frame_00054_150909_749.jpg
clear/frame_00054_154413_057.jpg,clear,train_data/session_20260605_154345/frame_00054_154413_057.jpg
clear/frame_00055_150911_751.jpg,clear,train_data/session_20260618_150720/frame_00055_150911_751.jpg
clear/frame_00055_154413_557.jpg,clear,train_data/session_20260605_154345/frame_00055_154413_557.jpg
clear/frame_00056_154414_058.jpg,clear,train_data/session_20260605_154345/frame_00056_154414_058.jpg
clear/frame_00057_145629_024.jpg,clear,train_data/session_20260618_145337/frame_00057_145629_024.jpg
clear/frame_00057_154414_558.jpg,clear,train_data/session_20260605_154345/frame_00057_154414_558.jpg
clear/frame_00058_150917_755.jpg,clear,train_data/session_20260618_150720/frame_00058_150917_755.jpg
clear/frame_00058_154415_059.jpg,clear,train_data/session_20260605_154345/frame_00058_154415_059.jpg
clear/frame_00059_150919_756.jpg,clear,train_data/session_20260618_150720/frame_00059_150919_756.jpg
clear/frame_00059_154415_559.jpg,clear,train_data/session_20260605_154345/frame_00059_154415_559.jpg
clear/frame_00060_150921_758.jpg,clear,train_data/session_20260618_150720/frame_00060_150921_758.jpg
clear/frame_00060_154416_059.jpg,clear,train_data/session_20260605_154345/frame_00060_154416_059.jpg
clear/frame_00061_145641_032.jpg,clear,train_data/session_20260618_145337/frame_00061_145641_032.jpg
clear/frame_00061_150923_759.jpg,clear,train_data/session_20260618_150720/frame_00061_150923_759.jpg
clear/frame_00062_145644_034.jpg,clear,train_data/session_20260618_145337/frame_00062_145644_034.jpg
clear/frame_00062_150925_760.jpg,clear,train_data/session_20260618_150720/frame_00062_150925_760.jpg
clear/frame_00062_154417_060.jpg,clear,train_data/session_20260605_154345/frame_00062_154417_060.jpg
clear/frame_00063_145647_036.jpg,clear,train_data/session_20260618_145337/frame_00063_145647_036.jpg
clear/frame_00063_150927_761.jpg,clear,train_data/session_20260618_150720/frame_00063_150927_761.jpg
clear/frame_00063_154417_561.jpg,clear,train_data/session_20260605_154345/frame_00063_154417_561.jpg
clear/frame_00064_145650_037.jpg,clear,train_data/session_20260618_145337/frame_00064_145650_037.jpg
clear/frame_00064_150929_763.jpg,clear,train_data/session_20260618_150720/frame_00064_150929_763.jpg
clear/frame_00064_154418_060.jpg,clear,train_data/session_20260605_154345/frame_00064_154418_060.jpg
clear/frame_00065_145653_041.jpg,clear,train_data/session_20260618_145337/frame_00065_145653_041.jpg
clear/frame_00065_150931_765.jpg,clear,train_data/session_20260618_150720/frame_00065_150931_765.jpg
clear/frame_00065_154418_561.jpg,clear,train_data/session_20260605_154345/frame_00065_154418_561.jpg
clear/frame_00066_154419_061.jpg,clear,train_data/session_20260605_154345/frame_00066_154419_061.jpg
clear/frame_00067_145659_044.jpg,clear,train_data/session_20260618_145337/frame_00067_145659_044.jpg
clear/frame_00067_154419_562.jpg,clear,train_data/session_20260605_154345/frame_00067_154419_562.jpg
clear/frame_00068_145702_047.jpg,clear,train_data/session_20260618_145337/frame_00068_145702_047.jpg
clear/frame_00068_150937_769.jpg,clear,train_data/session_20260618_150720/frame_00068_150937_769.jpg
clear/frame_00069_145705_047.jpg,clear,train_data/session_20260618_145337/frame_00069_145705_047.jpg
clear/frame_00069_150939_770.jpg,clear,train_data/session_20260618_150720/frame_00069_150939_770.jpg
clear/frame_00071_154421_563.jpg,clear,train_data/session_20260605_154345/frame_00071_154421_563.jpg
clear/frame_00072_154422_063.jpg,clear,train_data/session_20260605_154345/frame_00072_154422_063.jpg
clear/frame_00073_145717_057.jpg,clear,train_data/session_20260618_145337/frame_00073_145717_057.jpg
clear/frame_00073_150947_775.jpg,clear,train_data/session_20260618_150720/frame_00073_150947_775.jpg
clear/frame_00073_154422_564.jpg,clear,train_data/session_20260605_154345/frame_00073_154422_564.jpg
clear/frame_00074_145720_058.jpg,clear,train_data/session_20260618_145337/frame_00074_145720_058.jpg
clear/frame_00074_150949_777.jpg,clear,train_data/session_20260618_150720/frame_00074_150949_777.jpg
clear/frame_00074_154423_064.jpg,clear,train_data/session_20260605_154345/frame_00074_154423_064.jpg
clear/frame_00075_150951_778.jpg,clear,train_data/session_20260618_150720/frame_00075_150951_778.jpg
clear/frame_00075_154423_564.jpg,clear,train_data/session_20260605_154345/frame_00075_154423_564.jpg
clear/frame_00076_145726_061.jpg,clear,train_data/session_20260618_145337/frame_00076_145726_061.jpg
clear/frame_00076_150953_780.jpg,clear,train_data/session_20260618_150720/frame_00076_150953_780.jpg
clear/frame_00076_154424_065.jpg,clear,train_data/session_20260605_154345/frame_00076_154424_065.jpg
clear/frame_00077_150955_781.jpg,clear,train_data/session_20260618_150720/frame_00077_150955_781.jpg
clear/frame_00078_150957_782.jpg,clear,train_data/session_20260618_150720/frame_00078_150957_782.jpg
clear/frame_00078_154425_065.jpg,clear,train_data/session_20260605_154345/frame_00078_154425_065.jpg
clear/frame_00079_150959_784.jpg,clear,train_data/session_20260618_150720/frame_00079_150959_784.jpg
clear/frame_00079_154425_566.jpg,clear,train_data/session_20260605_154345/frame_00079_154425_566.jpg
clear/frame_00080_154426_066.jpg,clear,train_data/session_20260605_154345/frame_00080_154426_066.jpg
clear/frame_00081_145741_073.jpg,clear,train_data/session_20260618_145337/frame_00081_145741_073.jpg
clear/frame_00081_151003_787.jpg,clear,train_data/session_20260618_150720/frame_00081_151003_787.jpg
clear/frame_00081_154426_566.jpg,clear,train_data/session_20260605_154345/frame_00081_154426_566.jpg
clear/frame_00082_151005_788.jpg,clear,train_data/session_20260618_150720/frame_00082_151005_788.jpg
clear/frame_00082_154427_067.jpg,clear,train_data/session_20260605_154345/frame_00082_154427_067.jpg
clear/frame_00083_151007_789.jpg,clear,train_data/session_20260618_150720/frame_00083_151007_789.jpg
clear/frame_00083_154427_567.jpg,clear,train_data/session_20260605_154345/frame_00083_154427_567.jpg
clear/frame_00084_151009_791.jpg,clear,train_data/session_20260618_150720/frame_00084_151009_791.jpg
clear/frame_00084_154428_067.jpg,clear,train_data/session_20260605_154345/frame_00084_154428_067.jpg
clear/frame_00085_151011_792.jpg,clear,train_data/session_20260618_150720/frame_00085_151011_792.jpg
clear/frame_00085_154428_567.jpg,clear,train_data/session_20260605_154345/frame_00085_154428_567.jpg
clear/frame_00086_145756_084.jpg,clear,train_data/session_20260618_145337/frame_00086_145756_084.jpg
clear/frame_00086_151013_794.jpg,clear,train_data/session_20260618_150720/frame_00086_151013_794.jpg
clear/frame_00086_154429_068.jpg,clear,train_data/session_20260605_154345/frame_00086_154429_068.jpg
clear/frame_00087_145759_086.jpg,clear,train_data/session_20260618_145337/frame_00087_145759_086.jpg
clear/frame_00087_151015_795.jpg,clear,train_data/session_20260618_150720/frame_00087_151015_795.jpg
clear/frame_00087_154429_568.jpg,clear,train_data/session_20260605_154345/frame_00087_154429_568.jpg
clear/frame_00088_145802_088.jpg,clear,train_data/session_20260618_145337/frame_00088_145802_088.jpg
clear/frame_00088_154430_069.jpg,clear,train_data/session_20260605_154345/frame_00088_154430_069.jpg
clear/frame_00089_145805_090.jpg,clear,train_data/session_20260618_145337/frame_00089_145805_090.jpg
clear/frame_00089_151019_798.jpg,clear,train_data/session_20260618_150720/frame_00089_151019_798.jpg
clear/frame_00090_151021_799.jpg,clear,train_data/session_20260618_150720/frame_00090_151021_799.jpg
clear/frame_00090_154431_070.jpg,clear,train_data/session_20260605_154345/frame_00090_154431_070.jpg
clear/frame_00091_151023_800.jpg,clear,train_data/session_20260618_150720/frame_00091_151023_800.jpg
clear/frame_00091_154431_570.jpg,clear,train_data/session_20260605_154345/frame_00091_154431_570.jpg
clear/frame_00092_151025_802.jpg,clear,train_data/session_20260618_150720/frame_00092_151025_802.jpg
clear/frame_00092_154432_070.jpg,clear,train_data/session_20260605_154345/frame_00092_154432_070.jpg
clear/frame_00093_145817_099.jpg,clear,train_data/session_20260618_145337/frame_00093_145817_099.jpg
clear/frame_00093_154432_571.jpg,clear,train_data/session_20260605_154345/frame_00093_154432_571.jpg
clear/frame_00094_154433_071.jpg,clear,train_data/session_20260605_154345/frame_00094_154433_071.jpg
clear/frame_00095_145823_103.jpg,clear,train_data/session_20260618_145337/frame_00095_145823_103.jpg
clear/frame_00095_151031_806.jpg,clear,train_data/session_20260618_150720/frame_00095_151031_806.jpg
clear/frame_00095_154433_571.jpg,clear,train_data/session_20260605_154345/frame_00095_154433_571.jpg
clear/frame_00096_145826_105.jpg,clear,train_data/session_20260618_145337/frame_00096_145826_105.jpg
clear/frame_00096_154434_072.jpg,clear,train_data/session_20260605_154345/frame_00096_154434_072.jpg
clear/frame_00097_151035_808.jpg,clear,train_data/session_20260618_150720/frame_00097_151035_808.jpg
clear/frame_00098_145832_109.jpg,clear,train_data/session_20260618_145337/frame_00098_145832_109.jpg
clear/frame_00098_154435_072.jpg,clear,train_data/session_20260605_154345/frame_00098_154435_072.jpg
clear/frame_00099_145835_111.jpg,clear,train_data/session_20260618_145337/frame_00099_145835_111.jpg
clear/frame_00099_154435_573.jpg,clear,train_data/session_20260605_154345/frame_00099_154435_573.jpg
clear/frame_00100_145838_112.jpg,clear,train_data/session_20260618_145337/frame_00100_145838_112.jpg
clear/frame_00100_151041_813.jpg,clear,train_data/session_20260618_150720/frame_00100_151041_813.jpg
clear/frame_00101_151043_814.jpg,clear,train_data/session_20260618_150720/frame_00101_151043_814.jpg
clear/frame_00102_145844_117.jpg,clear,train_data/session_20260618_145337/frame_00102_145844_117.jpg
clear/frame_00102_151045_816.jpg,clear,train_data/session_20260618_150720/frame_00102_151045_816.jpg
clear/frame_00102_154437_073.jpg,clear,train_data/session_20260605_154345/frame_00102_154437_073.jpg
clear/frame_00103_145847_116.jpg,clear,train_data/session_20260618_145337/frame_00103_145847_116.jpg
clear/frame_00103_151047_817.jpg,clear,train_data/session_20260618_150720/frame_00103_151047_817.jpg
clear/frame_00103_154437_574.jpg,clear,train_data/session_20260605_154345/frame_00103_154437_574.jpg
clear/frame_00104_145850_121.jpg,clear,train_data/session_20260618_145337/frame_00104_145850_121.jpg
clear/frame_00104_154438_074.jpg,clear,train_data/session_20260605_154345/frame_00104_154438_074.jpg
clear/frame_00105_145853_123.jpg,clear,train_data/session_20260618_145337/frame_00105_145853_123.jpg
clear/frame_00105_151051_820.jpg,clear,train_data/session_20260618_150720/frame_00105_151051_820.jpg
clear/frame_00106_145856_125.jpg,clear,train_data/session_20260618_145337/frame_00106_145856_125.jpg
clear/frame_00106_154439_075.jpg,clear,train_data/session_20260605_154345/frame_00106_154439_075.jpg
clear/frame_00107_145859_127.jpg,clear,train_data/session_20260618_145337/frame_00107_145859_127.jpg
clear/frame_00108_145902_130.jpg,clear,train_data/session_20260618_145337/frame_00108_145902_130.jpg
clear/frame_00109_145905_132.jpg,clear,train_data/session_20260618_145337/frame_00109_145905_132.jpg
clear/frame_00109_154440_576.jpg,clear,train_data/session_20260605_154345/frame_00109_154440_576.jpg
clear/frame_00110_151101_827.jpg,clear,train_data/session_20260618_150720/frame_00110_151101_827.jpg
clear/frame_00110_154441_076.jpg,clear,train_data/session_20260605_154345/frame_00110_154441_076.jpg
clear/frame_00111_145911_136.jpg,clear,train_data/session_20260618_145337/frame_00111_145911_136.jpg
clear/frame_00112_151105_830.jpg,clear,train_data/session_20260618_150720/frame_00112_151105_830.jpg
clear/frame_00112_154442_077.jpg,clear,train_data/session_20260605_154345/frame_00112_154442_077.jpg
clear/frame_00113_145917_140.jpg,clear,train_data/session_20260618_145337/frame_00113_145917_140.jpg
clear/frame_00113_151107_831.jpg,clear,train_data/session_20260618_150720/frame_00113_151107_831.jpg
clear/frame_00113_154442_577.jpg,clear,train_data/session_20260605_154345/frame_00113_154442_577.jpg
clear/frame_00114_145920_142.jpg,clear,train_data/session_20260618_145337/frame_00114_145920_142.jpg
clear/frame_00114_151109_832.jpg,clear,train_data/session_20260618_150720/frame_00114_151109_832.jpg
clear/frame_00114_154443_077.jpg,clear,train_data/session_20260605_154345/frame_00114_154443_077.jpg
clear/frame_00115_145923_144.jpg,clear,train_data/session_20260618_145337/frame_00115_145923_144.jpg
clear/frame_00115_151111_833.jpg,clear,train_data/session_20260618_150720/frame_00115_151111_833.jpg
clear/frame_00115_154443_578.jpg,clear,train_data/session_20260605_154345/frame_00115_154443_578.jpg
clear/frame_00116_145926_146.jpg,clear,train_data/session_20260618_145337/frame_00116_145926_146.jpg
clear/frame_00116_151113_835.jpg,clear,train_data/session_20260618_150720/frame_00116_151113_835.jpg
clear/frame_00116_154444_078.jpg,clear,train_data/session_20260605_154345/frame_00116_154444_078.jpg
clear/frame_00117_151115_836.jpg,clear,train_data/session_20260618_150720/frame_00117_151115_836.jpg
clear/frame_00117_154444_579.jpg,clear,train_data/session_20260605_154345/frame_00117_154444_579.jpg
clear/frame_00118_151117_838.jpg,clear,train_data/session_20260618_150720/frame_00118_151117_838.jpg
clear/frame_00118_154445_079.jpg,clear,train_data/session_20260605_154345/frame_00118_154445_079.jpg
clear/frame_00119_145935_152.jpg,clear,train_data/session_20260618_145337/frame_00119_145935_152.jpg
clear/frame_00119_151119_839.jpg,clear,train_data/session_20260618_150720/frame_00119_151119_839.jpg
clear/frame_00120_151121_841.jpg,clear,train_data/session_20260618_150720/frame_00120_151121_841.jpg
clear/frame_00120_154446_080.jpg,clear,train_data/session_20260605_154345/frame_00120_154446_080.jpg
clear/frame_00121_145941_156.jpg,clear,train_data/session_20260618_145337/frame_00121_145941_156.jpg
clear/frame_00121_151123_842.jpg,clear,train_data/session_20260618_150720/frame_00121_151123_842.jpg
clear/frame_00121_154446_580.jpg,clear,train_data/session_20260605_154345/frame_00121_154446_580.jpg
clear/frame_00122_145944_159.jpg,clear,train_data/session_20260618_145337/frame_00122_145944_159.jpg
clear/frame_00122_151125_843.jpg,clear,train_data/session_20260618_150720/frame_00122_151125_843.jpg
clear/frame_00122_154447_081.jpg,clear,train_data/session_20260605_154345/frame_00122_154447_081.jpg
clear/frame_00123_151127_845.jpg,clear,train_data/session_20260618_150720/frame_00123_151127_845.jpg
clear/frame_00123_154447_581.jpg,clear,train_data/session_20260605_154345/frame_00123_154447_581.jpg
clear/frame_00124_145950_162.jpg,clear,train_data/session_20260618_145337/frame_00124_145950_162.jpg
clear/frame_00124_151129_847.jpg,clear,train_data/session_20260618_150720/frame_00124_151129_847.jpg
clear/frame_00124_154448_081.jpg,clear,train_data/session_20260605_154345/frame_00124_154448_081.jpg
clear/frame_00125_145953_165.jpg,clear,train_data/session_20260618_145337/frame_00125_145953_165.jpg
clear/frame_00125_154448_581.jpg,clear,train_data/session_20260605_154345/frame_00125_154448_581.jpg
clear/frame_00126_151133_848.jpg,clear,train_data/session_20260618_150720/frame_00126_151133_848.jpg
clear/frame_00126_154449_082.jpg,clear,train_data/session_20260605_154345/frame_00126_154449_082.jpg
clear/frame_00127_145959_169.jpg,clear,train_data/session_20260618_145337/frame_00127_145959_169.jpg
clear/frame_00127_151135_849.jpg,clear,train_data/session_20260618_150720/frame_00127_151135_849.jpg
clear/frame_00127_154449_582.jpg,clear,train_data/session_20260605_154345/frame_00127_154449_582.jpg
clear/frame_00128_150002_171.jpg,clear,train_data/session_20260618_145337/frame_00128_150002_171.jpg
clear/frame_00128_154450_083.jpg,clear,train_data/session_20260605_154345/frame_00128_154450_083.jpg
clear/frame_00129_154450_583.jpg,clear,train_data/session_20260605_154345/frame_00129_154450_583.jpg
clear/frame_00130_150008_175.jpg,clear,train_data/session_20260618_145337/frame_00130_150008_175.jpg
clear/frame_00130_154451_084.jpg,clear,train_data/session_20260605_154345/frame_00130_154451_084.jpg
clear/frame_00131_150011_177.jpg,clear,train_data/session_20260618_145337/frame_00131_150011_177.jpg
clear/frame_00131_151143_856.jpg,clear,train_data/session_20260618_150720/frame_00131_151143_856.jpg
clear/frame_00131_154451_584.jpg,clear,train_data/session_20260605_154345/frame_00131_154451_584.jpg
clear/frame_00132_150014_180.jpg,clear,train_data/session_20260618_145337/frame_00132_150014_180.jpg
clear/frame_00132_154452_083.jpg,clear,train_data/session_20260605_154345/frame_00132_154452_083.jpg
clear/frame_00133_150017_182.jpg,clear,train_data/session_20260618_145337/frame_00133_150017_182.jpg
clear/frame_00133_151147_859.jpg,clear,train_data/session_20260618_150720/frame_00133_151147_859.jpg
clear/frame_00133_154452_584.jpg,clear,train_data/session_20260605_154345/frame_00133_154452_584.jpg
clear/frame_00134_150020_183.jpg,clear,train_data/session_20260618_145337/frame_00134_150020_183.jpg
clear/frame_00134_151149_860.jpg,clear,train_data/session_20260618_150720/frame_00134_151149_860.jpg
clear/frame_00134_154453_085.jpg,clear,train_data/session_20260605_154345/frame_00134_154453_085.jpg
clear/frame_00135_150023_185.jpg,clear,train_data/session_20260618_145337/frame_00135_150023_185.jpg
clear/frame_00135_151151_861.jpg,clear,train_data/session_20260618_150720/frame_00135_151151_861.jpg
clear/frame_00135_154453_585.jpg,clear,train_data/session_20260605_154345/frame_00135_154453_585.jpg
clear/frame_00136_154454_085.jpg,clear,train_data/session_20260605_154345/frame_00136_154454_085.jpg
clear/frame_00137_151155_864.jpg,clear,train_data/session_20260618_150720/frame_00137_151155_864.jpg
clear/frame_00137_154454_586.jpg,clear,train_data/session_20260605_154345/frame_00137_154454_586.jpg
clear/frame_00138_150032_192.jpg,clear,train_data/session_20260618_145337/frame_00138_150032_192.jpg
clear/frame_00138_151157_865.jpg,clear,train_data/session_20260618_150720/frame_00138_151157_865.jpg
clear/frame_00138_154455_086.jpg,clear,train_data/session_20260605_154345/frame_00138_154455_086.jpg
clear/frame_00139_150035_194.jpg,clear,train_data/session_20260618_145337/frame_00139_150035_194.jpg
clear/frame_00139_154455_587.jpg,clear,train_data/session_20260605_154345/frame_00139_154455_587.jpg
clear/frame_00140_150038_196.jpg,clear,train_data/session_20260618_145337/frame_00140_150038_196.jpg
clear/frame_00140_151201_868.jpg,clear,train_data/session_20260618_150720/frame_00140_151201_868.jpg
clear/frame_00140_154456_086.jpg,clear,train_data/session_20260605_154345/frame_00140_154456_086.jpg
clear/frame_00141_150041_198.jpg,clear,train_data/session_20260618_145337/frame_00141_150041_198.jpg
clear/frame_00141_151203_869.jpg,clear,train_data/session_20260618_150720/frame_00141_151203_869.jpg
clear/frame_00141_154456_587.jpg,clear,train_data/session_20260605_154345/frame_00141_154456_587.jpg
clear/frame_00142_150044_200.jpg,clear,train_data/session_20260618_145337/frame_00142_150044_200.jpg
clear/frame_00142_151205_871.jpg,clear,train_data/session_20260618_150720/frame_00142_151205_871.jpg
clear/frame_00142_154457_087.jpg,clear,train_data/session_20260605_154345/frame_00142_154457_087.jpg
clear/frame_00143_150047_202.jpg,clear,train_data/session_20260618_145337/frame_00143_150047_202.jpg
clear/frame_00143_154457_588.jpg,clear,train_data/session_20260605_154345/frame_00143_154457_588.jpg
clear/frame_00144_150050_204.jpg,clear,train_data/session_20260618_145337/frame_00144_150050_204.jpg
clear/frame_00144_151209_873.jpg,clear,train_data/session_20260618_150720/frame_00144_151209_873.jpg
clear/frame_00144_154458_119.jpg,clear,train_data/session_20260605_154345/frame_00144_154458_119.jpg
clear/frame_00146_151213_876.jpg,clear,train_data/session_20260618_150720/frame_00146_151213_876.jpg
clear/frame_00146_154459_122.jpg,clear,train_data/session_20260605_154345/frame_00146_154459_122.jpg
clear/frame_00147_150059_210.jpg,clear,train_data/session_20260618_145337/frame_00147_150059_210.jpg
clear/frame_00147_151215_878.jpg,clear,train_data/session_20260618_150720/frame_00147_151215_878.jpg
clear/frame_00147_154459_622.jpg,clear,train_data/session_20260605_154345/frame_00147_154459_622.jpg
clear/frame_00148_151217_879.jpg,clear,train_data/session_20260618_150720/frame_00148_151217_879.jpg
clear/frame_00148_154500_123.jpg,clear,train_data/session_20260605_154345/frame_00148_154500_123.jpg
clear/frame_00149_150105_214.jpg,clear,train_data/session_20260618_145337/frame_00149_150105_214.jpg
clear/frame_00149_154500_623.jpg,clear,train_data/session_20260605_154345/frame_00149_154500_623.jpg
clear/frame_00150_150108_216.jpg,clear,train_data/session_20260618_145337/frame_00150_150108_216.jpg
clear/frame_00150_151221_880.jpg,clear,train_data/session_20260618_150720/frame_00150_151221_880.jpg
clear/frame_00150_154501_123.jpg,clear,train_data/session_20260605_154345/frame_00150_154501_123.jpg
clear/frame_00151_150111_219.jpg,clear,train_data/session_20260618_145337/frame_00151_150111_219.jpg
clear/frame_00151_154501_624.jpg,clear,train_data/session_20260605_154345/frame_00151_154501_624.jpg
clear/frame_00152_150114_221.jpg,clear,train_data/session_20260618_145337/frame_00152_150114_221.jpg
clear/frame_00152_151225_883.jpg,clear,train_data/session_20260618_150720/frame_00152_151225_883.jpg
clear/frame_00152_154502_124.jpg,clear,train_data/session_20260605_154345/frame_00152_154502_124.jpg
clear/frame_00153_151227_885.jpg,clear,train_data/session_20260618_150720/frame_00153_151227_885.jpg
clear/frame_00153_154502_625.jpg,clear,train_data/session_20260605_154345/frame_00153_154502_625.jpg
clear/frame_00154_151229_887.jpg,clear,train_data/session_20260618_150720/frame_00154_151229_887.jpg
clear/frame_00154_154503_125.jpg,clear,train_data/session_20260605_154345/frame_00154_154503_125.jpg
clear/frame_00155_151231_889.jpg,clear,train_data/session_20260618_150720/frame_00155_151231_889.jpg
clear/frame_00155_154503_625.jpg,clear,train_data/session_20260605_154345/frame_00155_154503_625.jpg
clear/frame_00156_154504_125.jpg,clear,train_data/session_20260605_154345/frame_00156_154504_125.jpg
clear/frame_00157_150129_231.jpg,clear,train_data/session_20260618_145337/frame_00157_150129_231.jpg
clear/frame_00157_151235_892.jpg,clear,train_data/session_20260618_150720/frame_00157_151235_892.jpg
clear/frame_00157_154504_626.jpg,clear,train_data/session_20260605_154345/frame_00157_154504_626.jpg
clear/frame_00158_151237_893.jpg,clear,train_data/session_20260618_150720/frame_00158_151237_893.jpg
clear/frame_00158_154505_126.jpg,clear,train_data/session_20260605_154345/frame_00158_154505_126.jpg
clear/frame_00159_151239_894.jpg,clear,train_data/session_20260618_150720/frame_00159_151239_894.jpg
clear/frame_00159_154505_627.jpg,clear,train_data/session_20260605_154345/frame_00159_154505_627.jpg
clear/frame_00160_150138_237.jpg,clear,train_data/session_20260618_145337/frame_00160_150138_237.jpg
clear/frame_00160_151241_896.jpg,clear,train_data/session_20260618_150720/frame_00160_151241_896.jpg
clear/frame_00160_154506_127.jpg,clear,train_data/session_20260605_154345/frame_00160_154506_127.jpg
clear/frame_00161_151243_897.jpg,clear,train_data/session_20260618_150720/frame_00161_151243_897.jpg
clear/frame_00161_154506_627.jpg,clear,train_data/session_20260605_154345/frame_00161_154506_627.jpg
clear/frame_00162_151245_898.jpg,clear,train_data/session_20260618_150720/frame_00162_151245_898.jpg
clear/frame_00162_154507_127.jpg,clear,train_data/session_20260605_154345/frame_00162_154507_127.jpg
clear/frame_00163_150147_244.jpg,clear,train_data/session_20260618_145337/frame_00163_150147_244.jpg
clear/frame_00163_151247_900.jpg,clear,train_data/session_20260618_150720/frame_00163_151247_900.jpg
clear/frame_00163_154507_628.jpg,clear,train_data/session_20260605_154345/frame_00163_154507_628.jpg
clear/frame_00164_150150_246.jpg,clear,train_data/session_20260618_145337/frame_00164_150150_246.jpg
clear/frame_00164_151249_901.jpg,clear,train_data/session_20260618_150720/frame_00164_151249_901.jpg
clear/frame_00164_154508_128.jpg,clear,train_data/session_20260605_154345/frame_00164_154508_128.jpg
clear/frame_00165_150153_248.jpg,clear,train_data/session_20260618_145337/frame_00165_150153_248.jpg
clear/frame_00165_151251_903.jpg,clear,train_data/session_20260618_150720/frame_00165_151251_903.jpg
clear/frame_00166_154509_129.jpg,clear,train_data/session_20260605_154345/frame_00166_154509_129.jpg
clear/frame_00167_151255_905.jpg,clear,train_data/session_20260618_150720/frame_00167_151255_905.jpg
clear/frame_00167_154509_629.jpg,clear,train_data/session_20260605_154345/frame_00167_154509_629.jpg
clear/frame_00168_150202_254.jpg,clear,train_data/session_20260618_145337/frame_00168_150202_254.jpg
clear/frame_00168_154510_130.jpg,clear,train_data/session_20260605_154345/frame_00168_154510_130.jpg
clear/frame_00169_151259_907.jpg,clear,train_data/session_20260618_150720/frame_00169_151259_907.jpg
clear/frame_00169_154510_630.jpg,clear,train_data/session_20260605_154345/frame_00169_154510_630.jpg
clear/frame_00170_151301_910.jpg,clear,train_data/session_20260618_150720/frame_00170_151301_910.jpg
clear/frame_00170_154511_131.jpg,clear,train_data/session_20260605_154345/frame_00170_154511_131.jpg
clear/frame_00171_150211_260.jpg,clear,train_data/session_20260618_145337/frame_00171_150211_260.jpg
clear/frame_00171_151303_911.jpg,clear,train_data/session_20260618_150720/frame_00171_151303_911.jpg
clear/frame_00171_154511_631.jpg,clear,train_data/session_20260605_154345/frame_00171_154511_631.jpg
clear/frame_00172_150214_262.jpg,clear,train_data/session_20260618_145337/frame_00172_150214_262.jpg
clear/frame_00172_151305_912.jpg,clear,train_data/session_20260618_150720/frame_00172_151305_912.jpg
clear/frame_00172_154512_132.jpg,clear,train_data/session_20260605_154345/frame_00172_154512_132.jpg
clear/frame_00173_151307_914.jpg,clear,train_data/session_20260618_150720/frame_00173_151307_914.jpg
clear/frame_00173_154512_632.jpg,clear,train_data/session_20260605_154345/frame_00173_154512_632.jpg
clear/frame_00174_150220_267.jpg,clear,train_data/session_20260618_145337/frame_00174_150220_267.jpg
clear/frame_00174_154513_132.jpg,clear,train_data/session_20260605_154345/frame_00174_154513_132.jpg
clear/frame_00175_150223_269.jpg,clear,train_data/session_20260618_145337/frame_00175_150223_269.jpg
clear/frame_00175_154513_632.jpg,clear,train_data/session_20260605_154345/frame_00175_154513_632.jpg
clear/frame_00176_150226_270.jpg,clear,train_data/session_20260618_145337/frame_00176_150226_270.jpg
clear/frame_00176_154514_132.jpg,clear,train_data/session_20260605_154345/frame_00176_154514_132.jpg
clear/frame_00177_150229_272.jpg,clear,train_data/session_20260618_145337/frame_00177_150229_272.jpg
clear/frame_00177_154514_633.jpg,clear,train_data/session_20260605_154345/frame_00177_154514_633.jpg
clear/frame_00178_154515_133.jpg,clear,train_data/session_20260605_154345/frame_00178_154515_133.jpg
clear/frame_00179_151319_955.jpg,clear,train_data/session_20260618_150720/frame_00179_151319_955.jpg
clear/frame_00179_154515_634.jpg,clear,train_data/session_20260605_154345/frame_00179_154515_634.jpg
clear/frame_00180_150238_279.jpg,clear,train_data/session_20260618_145337/frame_00180_150238_279.jpg
clear/frame_00180_151321_957.jpg,clear,train_data/session_20260618_150720/frame_00180_151321_957.jpg
clear/frame_00180_154516_134.jpg,clear,train_data/session_20260605_154345/frame_00180_154516_134.jpg
clear/frame_00181_150241_281.jpg,clear,train_data/session_20260618_145337/frame_00181_150241_281.jpg
clear/frame_00181_151323_958.jpg,clear,train_data/session_20260618_150720/frame_00181_151323_958.jpg
clear/frame_00181_154516_634.jpg,clear,train_data/session_20260605_154345/frame_00181_154516_634.jpg
clear/frame_00182_150244_283.jpg,clear,train_data/session_20260618_145337/frame_00182_150244_283.jpg
clear/frame_00182_154517_135.jpg,clear,train_data/session_20260605_154345/frame_00182_154517_135.jpg
clear/frame_00183_150247_285.jpg,clear,train_data/session_20260618_145337/frame_00183_150247_285.jpg
clear/frame_00183_151327_961.jpg,clear,train_data/session_20260618_150720/frame_00183_151327_961.jpg
clear/frame_00183_154517_635.jpg,clear,train_data/session_20260605_154345/frame_00183_154517_635.jpg
clear/frame_00184_150250_287.jpg,clear,train_data/session_20260618_145337/frame_00184_150250_287.jpg
clear/frame_00184_151329_962.jpg,clear,train_data/session_20260618_150720/frame_00184_151329_962.jpg
clear/frame_00184_154518_135.jpg,clear,train_data/session_20260605_154345/frame_00184_154518_135.jpg
clear/frame_00185_150253_289.jpg,clear,train_data/session_20260618_145337/frame_00185_150253_289.jpg
clear/frame_00185_151331_964.jpg,clear,train_data/session_20260618_150720/frame_00185_151331_964.jpg
clear/frame_00185_154518_636.jpg,clear,train_data/session_20260605_154345/frame_00185_154518_636.jpg
clear/frame_00186_150256_292.jpg,clear,train_data/session_20260618_145337/frame_00186_150256_292.jpg
clear/frame_00186_154519_136.jpg,clear,train_data/session_20260605_154345/frame_00186_154519_136.jpg
clear/frame_00187_150259_294.jpg,clear,train_data/session_20260618_145337/frame_00187_150259_294.jpg
clear/frame_00187_154519_636.jpg,clear,train_data/session_20260605_154345/frame_00187_154519_636.jpg
clear/frame_00188_150302_296.jpg,clear,train_data/session_20260618_145337/frame_00188_150302_296.jpg
clear/frame_00188_151337_968.jpg,clear,train_data/session_20260618_150720/frame_00188_151337_968.jpg
clear/frame_00188_154520_137.jpg,clear,train_data/session_20260605_154345/frame_00188_154520_137.jpg
clear/frame_00189_150305_298.jpg,clear,train_data/session_20260618_145337/frame_00189_150305_298.jpg
clear/frame_00189_151339_969.jpg,clear,train_data/session_20260618_150720/frame_00189_151339_969.jpg
clear/frame_00189_154520_637.jpg,clear,train_data/session_20260605_154345/frame_00189_154520_637.jpg
clear/frame_00190_150308_300.jpg,clear,train_data/session_20260618_145337/frame_00190_150308_300.jpg
clear/frame_00190_151341_971.jpg,clear,train_data/session_20260618_150720/frame_00190_151341_971.jpg
clear/frame_00190_154521_137.jpg,clear,train_data/session_20260605_154345/frame_00190_154521_137.jpg
clear/frame_00191_150311_301.jpg,clear,train_data/session_20260618_145337/frame_00191_150311_301.jpg
clear/frame_00191_151343_972.jpg,clear,train_data/session_20260618_150720/frame_00191_151343_972.jpg
clear/frame_00191_154521_638.jpg,clear,train_data/session_20260605_154345/frame_00191_154521_638.jpg
clear/frame_00192_150314_304.jpg,clear,train_data/session_20260618_145337/frame_00192_150314_304.jpg
clear/frame_00192_154522_138.jpg,clear,train_data/session_20260605_154345/frame_00192_154522_138.jpg
clear/frame_00193_150317_306.jpg,clear,train_data/session_20260618_145337/frame_00193_150317_306.jpg
clear/frame_00193_151347_975.jpg,clear,train_data/session_20260618_150720/frame_00193_151347_975.jpg
clear/frame_00193_154522_639.jpg,clear,train_data/session_20260605_154345/frame_00193_154522_639.jpg
clear/frame_00194_150320_308.jpg,clear,train_data/session_20260618_145337/frame_00194_150320_308.jpg
clear/frame_00194_151349_976.jpg,clear,train_data/session_20260618_150720/frame_00194_151349_976.jpg
clear/frame_00194_154523_138.jpg,clear,train_data/session_20260605_154345/frame_00194_154523_138.jpg
clear/frame_00195_151351_977.jpg,clear,train_data/session_20260618_150720/frame_00195_151351_977.jpg
clear/frame_00195_154523_639.jpg,clear,train_data/session_20260605_154345/frame_00195_154523_639.jpg
clear/frame_00196_150326_312.jpg,clear,train_data/session_20260618_145337/frame_00196_150326_312.jpg
clear/frame_00196_151353_979.jpg,clear,train_data/session_20260618_150720/frame_00196_151353_979.jpg
clear/frame_00196_154524_139.jpg,clear,train_data/session_20260605_154345/frame_00196_154524_139.jpg
clear/frame_00197_150329_314.jpg,clear,train_data/session_20260618_145337/frame_00197_150329_314.jpg
clear/frame_00197_151355_980.jpg,clear,train_data/session_20260618_150720/frame_00197_151355_980.jpg
clear/frame_00197_154524_640.jpg,clear,train_data/session_20260605_154345/frame_00197_154524_640.jpg
clear/frame_00198_150332_316.jpg,clear,train_data/session_20260618_145337/frame_00198_150332_316.jpg
clear/frame_00198_151357_982.jpg,clear,train_data/session_20260618_150720/frame_00198_151357_982.jpg
clear/frame_00198_154525_140.jpg,clear,train_data/session_20260605_154345/frame_00198_154525_140.jpg
clear/frame_00199_150335_318.jpg,clear,train_data/session_20260618_145337/frame_00199_150335_318.jpg
clear/frame_00200_154526_141.jpg,clear,train_data/session_20260605_154345/frame_00200_154526_141.jpg
clear/frame_00201_150341_323.jpg,clear,train_data/session_20260618_145337/frame_00201_150341_323.jpg
clear/frame_00201_151403_986.jpg,clear,train_data/session_20260618_150720/frame_00201_151403_986.jpg
clear/frame_00201_154526_641.jpg,clear,train_data/session_20260605_154345/frame_00201_154526_641.jpg
clear/frame_00202_150344_325.jpg,clear,train_data/session_20260618_145337/frame_00202_150344_325.jpg
clear/frame_00202_154527_142.jpg,clear,train_data/session_20260605_154345/frame_00202_154527_142.jpg
clear/frame_00203_154527_642.jpg,clear,train_data/session_20260605_154345/frame_00203_154527_642.jpg
clear/frame_00204_151409_990.jpg,clear,train_data/session_20260618_150720/frame_00204_151409_990.jpg
clear/frame_00204_154528_142.jpg,clear,train_data/session_20260605_154345/frame_00204_154528_142.jpg
clear/frame_00205_150353_331.jpg,clear,train_data/session_20260618_145337/frame_00205_150353_331.jpg
clear/frame_00205_151411_991.jpg,clear,train_data/session_20260618_150720/frame_00205_151411_991.jpg
clear/frame_00205_154528_643.jpg,clear,train_data/session_20260605_154345/frame_00205_154528_643.jpg
clear/frame_00206_154529_143.jpg,clear,train_data/session_20260605_154345/frame_00206_154529_143.jpg
clear/frame_00207_151415_994.jpg,clear,train_data/session_20260618_150720/frame_00207_151415_994.jpg
clear/frame_00207_154529_644.jpg,clear,train_data/session_20260605_154345/frame_00207_154529_644.jpg
clear/frame_00208_151417_996.jpg,clear,train_data/session_20260618_150720/frame_00208_151417_996.jpg
clear/frame_00208_154530_144.jpg,clear,train_data/session_20260605_154345/frame_00208_154530_144.jpg
clear/frame_00209_150405_339.jpg,clear,train_data/session_20260618_145337/frame_00209_150405_339.jpg
clear/frame_00209_151419_997.jpg,clear,train_data/session_20260618_150720/frame_00209_151419_997.jpg
clear/frame_00209_154530_644.jpg,clear,train_data/session_20260605_154345/frame_00209_154530_644.jpg
clear/frame_00210_150408_341.jpg,clear,train_data/session_20260618_145337/frame_00210_150408_341.jpg
clear/frame_00210_151421_999.jpg,clear,train_data/session_20260618_150720/frame_00210_151421_999.jpg
clear/frame_00210_154531_144.jpg,clear,train_data/session_20260605_154345/frame_00210_154531_144.jpg
clear/frame_00211_150411_343.jpg,clear,train_data/session_20260618_145337/frame_00211_150411_343.jpg
clear/frame_00211_151424_000.jpg,clear,train_data/session_20260618_150720/frame_00211_151424_000.jpg
clear/frame_00211_154531_645.jpg,clear,train_data/session_20260605_154345/frame_00211_154531_645.jpg
clear/frame_00212_150414_345.jpg,clear,train_data/session_20260618_145337/frame_00212_150414_345.jpg
clear/frame_00212_154532_145.jpg,clear,train_data/session_20260605_154345/frame_00212_154532_145.jpg
clear/frame_00213_150417_347.jpg,clear,train_data/session_20260618_145337/frame_00213_150417_347.jpg
clear/frame_00213_154532_645.jpg,clear,train_data/session_20260605_154345/frame_00213_154532_645.jpg
clear/frame_00214_150420_349.jpg,clear,train_data/session_20260618_145337/frame_00214_150420_349.jpg
clear/frame_00214_151430_004.jpg,clear,train_data/session_20260618_150720/frame_00214_151430_004.jpg
clear/frame_00214_154533_146.jpg,clear,train_data/session_20260605_154345/frame_00214_154533_146.jpg
clear/frame_00215_150423_351.jpg,clear,train_data/session_20260618_145337/frame_00215_150423_351.jpg
clear/frame_00215_151432_005.jpg,clear,train_data/session_20260618_150720/frame_00215_151432_005.jpg
clear/frame_00216_150426_353.jpg,clear,train_data/session_20260618_145337/frame_00216_150426_353.jpg
clear/frame_00216_154534_147.jpg,clear,train_data/session_20260605_154345/frame_00216_154534_147.jpg
clear/frame_00217_154534_646.jpg,clear,train_data/session_20260605_154345/frame_00217_154534_646.jpg
clear/frame_00218_150432_357.jpg,clear,train_data/session_20260618_145337/frame_00218_150432_357.jpg
clear/frame_00218_154535_147.jpg,clear,train_data/session_20260605_154345/frame_00218_154535_147.jpg
clear/frame_00219_150435_359.jpg,clear,train_data/session_20260618_145337/frame_00219_150435_359.jpg
clear/frame_00219_151440_011.jpg,clear,train_data/session_20260618_150720/frame_00219_151440_011.jpg
clear/frame_00219_154535_647.jpg,clear,train_data/session_20260605_154345/frame_00219_154535_647.jpg
clear/frame_00220_150438_361.jpg,clear,train_data/session_20260618_145337/frame_00220_150438_361.jpg
clear/frame_00220_154536_148.jpg,clear,train_data/session_20260605_154345/frame_00220_154536_148.jpg
clear/frame_00221_150441_364.jpg,clear,train_data/session_20260618_145337/frame_00221_150441_364.jpg
clear/frame_00221_151444_013.jpg,clear,train_data/session_20260618_150720/frame_00221_151444_013.jpg
clear/frame_00222_150444_366.jpg,clear,train_data/session_20260618_145337/frame_00222_150444_366.jpg
clear/frame_00222_154537_149.jpg,clear,train_data/session_20260605_154345/frame_00222_154537_149.jpg
clear/frame_00223_150447_368.jpg,clear,train_data/session_20260618_145337/frame_00223_150447_368.jpg
clear/frame_00223_151448_016.jpg,clear,train_data/session_20260618_150720/frame_00223_151448_016.jpg
clear/frame_00223_154537_648.jpg,clear,train_data/session_20260605_154345/frame_00223_154537_648.jpg
clear/frame_00224_150450_370.jpg,clear,train_data/session_20260618_145337/frame_00224_150450_370.jpg
clear/frame_00225_150453_370.jpg,clear,train_data/session_20260618_145337/frame_00225_150453_370.jpg
clear/frame_00225_154538_650.jpg,clear,train_data/session_20260605_154345/frame_00225_154538_650.jpg
clear/frame_00226_150456_371.jpg,clear,train_data/session_20260618_145337/frame_00226_150456_371.jpg
clear/frame_00226_151454_020.jpg,clear,train_data/session_20260618_150720/frame_00226_151454_020.jpg
clear/frame_00226_154539_150.jpg,clear,train_data/session_20260605_154345/frame_00226_154539_150.jpg
clear/frame_00227_151456_022.jpg,clear,train_data/session_20260618_150720/frame_00227_151456_022.jpg
clear/frame_00227_154539_650.jpg,clear,train_data/session_20260605_154345/frame_00227_154539_650.jpg
clear/frame_00228_150502_379.jpg,clear,train_data/session_20260618_145337/frame_00228_150502_379.jpg
clear/frame_00228_151458_023.jpg,clear,train_data/session_20260618_150720/frame_00228_151458_023.jpg
clear/frame_00228_154540_150.jpg,clear,train_data/session_20260605_154345/frame_00228_154540_150.jpg
clear/frame_00229_150505_381.jpg,clear,train_data/session_20260618_145337/frame_00229_150505_381.jpg
clear/frame_00229_154540_651.jpg,clear,train_data/session_20260605_154345/frame_00229_154540_651.jpg
clear/frame_00230_150508_383.jpg,clear,train_data/session_20260618_145337/frame_00230_150508_383.jpg
clear/frame_00230_151502_026.jpg,clear,train_data/session_20260618_150720/frame_00230_151502_026.jpg
clear/frame_00230_154541_151.jpg,clear,train_data/session_20260605_154345/frame_00230_154541_151.jpg
clear/frame_00231_150511_385.jpg,clear,train_data/session_20260618_145337/frame_00231_150511_385.jpg
clear/frame_00232_150514_387.jpg,clear,train_data/session_20260618_145337/frame_00232_150514_387.jpg
clear/frame_00232_154542_152.jpg,clear,train_data/session_20260605_154345/frame_00232_154542_152.jpg
clear/frame_00233_150517_389.jpg,clear,train_data/session_20260618_145337/frame_00233_150517_389.jpg
clear/frame_00233_151508_030.jpg,clear,train_data/session_20260618_150720/frame_00233_151508_030.jpg
clear/frame_00234_150520_391.jpg,clear,train_data/session_20260618_145337/frame_00234_150520_391.jpg
clear/frame_00234_151510_031.jpg,clear,train_data/session_20260618_150720/frame_00234_151510_031.jpg
clear/frame_00235_150523_393.jpg,clear,train_data/session_20260618_145337/frame_00235_150523_393.jpg
clear/frame_00235_151512_033.jpg,clear,train_data/session_20260618_150720/frame_00235_151512_033.jpg
clear/frame_00235_154543_654.jpg,clear,train_data/session_20260605_154345/frame_00235_154543_654.jpg
clear/frame_00236_150526_395.jpg,clear,train_data/session_20260618_145337/frame_00236_150526_395.jpg
clear/frame_00236_151514_034.jpg,clear,train_data/session_20260618_150720/frame_00236_151514_034.jpg
clear/frame_00237_150529_397.jpg,clear,train_data/session_20260618_145337/frame_00237_150529_397.jpg
clear/frame_00237_154544_654.jpg,clear,train_data/session_20260605_154345/frame_00237_154544_654.jpg
clear/frame_00238_150532_399.jpg,clear,train_data/session_20260618_145337/frame_00238_150532_399.jpg
clear/frame_00238_151518_037.jpg,clear,train_data/session_20260618_150720/frame_00238_151518_037.jpg
clear/frame_00238_154545_154.jpg,clear,train_data/session_20260605_154345/frame_00238_154545_154.jpg
clear/frame_00239_150535_401.jpg,clear,train_data/session_20260618_145337/frame_00239_150535_401.jpg
clear/frame_00239_151520_038.jpg,clear,train_data/session_20260618_150720/frame_00239_151520_038.jpg
clear/frame_00239_154545_655.jpg,clear,train_data/session_20260605_154345/frame_00239_154545_655.jpg
clear/frame_00240_150538_403.jpg,clear,train_data/session_20260618_145337/frame_00240_150538_403.jpg
clear/frame_00240_154546_155.jpg,clear,train_data/session_20260605_154345/frame_00240_154546_155.jpg
clear/frame_00241_150541_405.jpg,clear,train_data/session_20260618_145337/frame_00241_150541_405.jpg
clear/frame_00241_151524_040.jpg,clear,train_data/session_20260618_150720/frame_00241_151524_040.jpg
clear/frame_00241_154546_656.jpg,clear,train_data/session_20260605_154345/frame_00241_154546_656.jpg
clear/frame_00242_150544_407.jpg,clear,train_data/session_20260618_145337/frame_00242_150544_407.jpg
clear/frame_00242_151526_042.jpg,clear,train_data/session_20260618_150720/frame_00242_151526_042.jpg
clear/frame_00242_154547_156.jpg,clear,train_data/session_20260605_154345/frame_00242_154547_156.jpg
clear/frame_00243_150547_409.jpg,clear,train_data/session_20260618_145337/frame_00243_150547_409.jpg
clear/frame_00243_151528_044.jpg,clear,train_data/session_20260618_150720/frame_00243_151528_044.jpg
clear/frame_00243_154547_656.jpg,clear,train_data/session_20260605_154345/frame_00243_154547_656.jpg
clear/frame_00244_150550_412.jpg,clear,train_data/session_20260618_145337/frame_00244_150550_412.jpg
clear/frame_00244_151530_045.jpg,clear,train_data/session_20260618_150720/frame_00244_151530_045.jpg
clear/frame_00244_154548_156.jpg,clear,train_data/session_20260605_154345/frame_00244_154548_156.jpg
clear/frame_00245_150553_414.jpg,clear,train_data/session_20260618_145337/frame_00245_150553_414.jpg
clear/frame_00245_151532_046.jpg,clear,train_data/session_20260618_150720/frame_00245_151532_046.jpg
clear/frame_00245_154548_657.jpg,clear,train_data/session_20260605_154345/frame_00245_154548_657.jpg
clear/frame_00246_151534_049.jpg,clear,train_data/session_20260618_150720/frame_00246_151534_049.jpg
clear/frame_00246_154549_157.jpg,clear,train_data/session_20260605_154345/frame_00246_154549_157.jpg
clear/frame_00247_150559_418.jpg,clear,train_data/session_20260618_145337/frame_00247_150559_418.jpg
clear/frame_00247_151536_049.jpg,clear,train_data/session_20260618_150720/frame_00247_151536_049.jpg
clear/frame_00247_154549_658.jpg,clear,train_data/session_20260605_154345/frame_00247_154549_658.jpg
clear/frame_00248_150602_420.jpg,clear,train_data/session_20260618_145337/frame_00248_150602_420.jpg
clear/frame_00249_150605_422.jpg,clear,train_data/session_20260618_145337/frame_00249_150605_422.jpg
clear/frame_00249_151540_052.jpg,clear,train_data/session_20260618_150720/frame_00249_151540_052.jpg
clear/frame_00250_150608_424.jpg,clear,train_data/session_20260618_145337/frame_00250_150608_424.jpg
clear/frame_00250_151542_054.jpg,clear,train_data/session_20260618_150720/frame_00250_151542_054.jpg
clear/frame_00250_154551_158.jpg,clear,train_data/session_20260605_154345/frame_00250_154551_158.jpg
clear/frame_00251_151544_055.jpg,clear,train_data/session_20260618_150720/frame_00251_151544_055.jpg
clear/frame_00251_154551_659.jpg,clear,train_data/session_20260605_154345/frame_00251_154551_659.jpg
clear/frame_00252_150614_428.jpg,clear,train_data/session_20260618_145337/frame_00252_150614_428.jpg
clear/frame_00252_151546_056.jpg,clear,train_data/session_20260618_150720/frame_00252_151546_056.jpg
clear/frame_00252_154552_159.jpg,clear,train_data/session_20260605_154345/frame_00252_154552_159.jpg
clear/frame_00253_150617_431.jpg,clear,train_data/session_20260618_145337/frame_00253_150617_431.jpg
clear/frame_00253_151548_058.jpg,clear,train_data/session_20260618_150720/frame_00253_151548_058.jpg
clear/frame_00253_154552_660.jpg,clear,train_data/session_20260605_154345/frame_00253_154552_660.jpg
clear/frame_00254_150620_432.jpg,clear,train_data/session_20260618_145337/frame_00254_150620_432.jpg
clear/frame_00255_150623_434.jpg,clear,train_data/session_20260618_145337/frame_00255_150623_434.jpg
clear/frame_00255_151552_060.jpg,clear,train_data/session_20260618_150720/frame_00255_151552_060.jpg
clear/frame_00256_150626_436.jpg,clear,train_data/session_20260618_145337/frame_00256_150626_436.jpg
clear/frame_00256_154554_193.jpg,clear,train_data/session_20260605_154345/frame_00256_154554_193.jpg
clear/frame_00257_150629_438.jpg,clear,train_data/session_20260618_145337/frame_00257_150629_438.jpg
clear/frame_00257_151556_063.jpg,clear,train_data/session_20260618_150720/frame_00257_151556_063.jpg
clear/frame_00257_154554_694.jpg,clear,train_data/session_20260605_154345/frame_00257_154554_694.jpg
clear/frame_00258_151558_065.jpg,clear,train_data/session_20260618_150720/frame_00258_151558_065.jpg
clear/frame_00259_151600_066.jpg,clear,train_data/session_20260618_150720/frame_00259_151600_066.jpg
clear/frame_00259_154555_694.jpg,clear,train_data/session_20260605_154345/frame_00259_154555_694.jpg
clear/frame_00260_151602_067.jpg,clear,train_data/session_20260618_150720/frame_00260_151602_067.jpg
clear/frame_00260_154556_195.jpg,clear,train_data/session_20260605_154345/frame_00260_154556_195.jpg
clear/frame_00261_151604_069.jpg,clear,train_data/session_20260618_150720/frame_00261_151604_069.jpg
clear/frame_00261_154556_695.jpg,clear,train_data/session_20260605_154345/frame_00261_154556_695.jpg
clear/frame_00262_151606_070.jpg,clear,train_data/session_20260618_150720/frame_00262_151606_070.jpg
clear/frame_00262_154557_195.jpg,clear,train_data/session_20260605_154345/frame_00262_154557_195.jpg
clear/frame_00263_154557_696.jpg,clear,train_data/session_20260605_154345/frame_00263_154557_696.jpg
clear/frame_00264_154558_197.jpg,clear,train_data/session_20260605_154345/frame_00264_154558_197.jpg
clear/frame_00265_151612_074.jpg,clear,train_data/session_20260618_150720/frame_00265_151612_074.jpg
clear/frame_00265_154558_697.jpg,clear,train_data/session_20260605_154345/frame_00265_154558_697.jpg
clear/frame_00266_151614_076.jpg,clear,train_data/session_20260618_150720/frame_00266_151614_076.jpg
clear/frame_00267_151616_077.jpg,clear,train_data/session_20260618_150720/frame_00267_151616_077.jpg
clear/frame_00268_154600_198.jpg,clear,train_data/session_20260605_154345/frame_00268_154600_198.jpg
clear/frame_00269_151620_080.jpg,clear,train_data/session_20260618_150720/frame_00269_151620_080.jpg
clear/frame_00270_151622_081.jpg,clear,train_data/session_20260618_150720/frame_00270_151622_081.jpg
clear/frame_00270_154601_198.jpg,clear,train_data/session_20260605_154345/frame_00270_154601_198.jpg
clear/frame_00272_151626_084.jpg,clear,train_data/session_20260618_150720/frame_00272_151626_084.jpg
clear/frame_00273_151628_085.jpg,clear,train_data/session_20260618_150720/frame_00273_151628_085.jpg
clear/frame_00274_151630_087.jpg,clear,train_data/session_20260618_150720/frame_00274_151630_087.jpg
clear/frame_00274_154603_200.jpg,clear,train_data/session_20260605_154345/frame_00274_154603_200.jpg
clear/frame_00275_151632_088.jpg,clear,train_data/session_20260618_150720/frame_00275_151632_088.jpg
clear/frame_00275_154603_700.jpg,clear,train_data/session_20260605_154345/frame_00275_154603_700.jpg
clear/frame_00276_154604_200.jpg,clear,train_data/session_20260605_154345/frame_00276_154604_200.jpg
clear/frame_00277_151636_091.jpg,clear,train_data/session_20260618_150720/frame_00277_151636_091.jpg
clear/frame_00277_154604_701.jpg,clear,train_data/session_20260605_154345/frame_00277_154604_701.jpg
clear/frame_00278_151638_092.jpg,clear,train_data/session_20260618_150720/frame_00278_151638_092.jpg
clear/frame_00278_154605_201.jpg,clear,train_data/session_20260605_154345/frame_00278_154605_201.jpg
clear/frame_00279_151640_094.jpg,clear,train_data/session_20260618_150720/frame_00279_151640_094.jpg
clear/frame_00280_151642_095.jpg,clear,train_data/session_20260618_150720/frame_00280_151642_095.jpg
clear/frame_00282_151646_098.jpg,clear,train_data/session_20260618_150720/frame_00282_151646_098.jpg
clear/frame_00283_154607_703.jpg,clear,train_data/session_20260605_154345/frame_00283_154607_703.jpg
clear/frame_00284_154608_203.jpg,clear,train_data/session_20260605_154345/frame_00284_154608_203.jpg
clear/frame_00286_151654_103.jpg,clear,train_data/session_20260618_150720/frame_00286_151654_103.jpg
clear/frame_00286_154609_204.jpg,clear,train_data/session_20260605_154345/frame_00286_154609_204.jpg
clear/frame_00287_151656_105.jpg,clear,train_data/session_20260618_150720/frame_00287_151656_105.jpg
clear/frame_00289_151700_107.jpg,clear,train_data/session_20260618_150720/frame_00289_151700_107.jpg
clear/frame_00291_154611_706.jpg,clear,train_data/session_20260605_154345/frame_00291_154611_706.jpg
clear/frame_00292_151706_112.jpg,clear,train_data/session_20260618_150720/frame_00292_151706_112.jpg
clear/frame_00292_154612_206.jpg,clear,train_data/session_20260605_154345/frame_00292_154612_206.jpg
clear/frame_00294_151710_114.jpg,clear,train_data/session_20260618_150720/frame_00294_151710_114.jpg
clear/frame_00296_151714_117.jpg,clear,train_data/session_20260618_150720/frame_00296_151714_117.jpg
clear/frame_00297_154614_742.jpg,clear,train_data/session_20260605_154345/frame_00297_154614_742.jpg
clear/frame_00298_151718_120.jpg,clear,train_data/session_20260618_150720/frame_00298_151718_120.jpg
clear/frame_00299_154615_775.jpg,clear,train_data/session_20260605_154345/frame_00299_154615_775.jpg
clear/frame_00300_151722_123.jpg,clear,train_data/session_20260618_150720/frame_00300_151722_123.jpg
clear/frame_00300_154616_276.jpg,clear,train_data/session_20260605_154345/frame_00300_154616_276.jpg
clear/frame_00301_151724_124.jpg,clear,train_data/session_20260618_150720/frame_00301_151724_124.jpg
clear/frame_00302_151726_126.jpg,clear,train_data/session_20260618_150720/frame_00302_151726_126.jpg
clear/frame_00302_154617_277.jpg,clear,train_data/session_20260605_154345/frame_00302_154617_277.jpg
clear/frame_00303_154617_777.jpg,clear,train_data/session_20260605_154345/frame_00303_154617_777.jpg
clear/frame_00304_151730_128.jpg,clear,train_data/session_20260618_150720/frame_00304_151730_128.jpg
clear/frame_00305_151732_128.jpg,clear,train_data/session_20260618_150720/frame_00305_151732_128.jpg
clear/frame_00305_154618_777.jpg,clear,train_data/session_20260605_154345/frame_00305_154618_777.jpg
clear/frame_00306_154619_278.jpg,clear,train_data/session_20260605_154345/frame_00306_154619_278.jpg
clear/frame_00307_151736_132.jpg,clear,train_data/session_20260618_150720/frame_00307_151736_132.jpg
clear/frame_00307_154619_778.jpg,clear,train_data/session_20260605_154345/frame_00307_154619_778.jpg
clear/frame_00308_151738_134.jpg,clear,train_data/session_20260618_150720/frame_00308_151738_134.jpg
clear/frame_00308_154620_279.jpg,clear,train_data/session_20260605_154345/frame_00308_154620_279.jpg
clear/frame_00309_151740_135.jpg,clear,train_data/session_20260618_150720/frame_00309_151740_135.jpg
clear/frame_00310_151742_137.jpg,clear,train_data/session_20260618_150720/frame_00310_151742_137.jpg
clear/frame_00310_154621_279.jpg,clear,train_data/session_20260605_154345/frame_00310_154621_279.jpg
clear/frame_00311_151744_138.jpg,clear,train_data/session_20260618_150720/frame_00311_151744_138.jpg
clear/frame_00311_154621_779.jpg,clear,train_data/session_20260605_154345/frame_00311_154621_779.jpg
clear/frame_00312_151746_139.jpg,clear,train_data/session_20260618_150720/frame_00312_151746_139.jpg
clear/frame_00313_151748_141.jpg,clear,train_data/session_20260618_150720/frame_00313_151748_141.jpg
clear/frame_00313_154622_780.jpg,clear,train_data/session_20260605_154345/frame_00313_154622_780.jpg
clear/frame_00314_151750_142.jpg,clear,train_data/session_20260618_150720/frame_00314_151750_142.jpg
clear/frame_00315_151752_143.jpg,clear,train_data/session_20260618_150720/frame_00315_151752_143.jpg
clear/frame_00315_154623_781.jpg,clear,train_data/session_20260605_154345/frame_00315_154623_781.jpg
clear/frame_00317_151756_146.jpg,clear,train_data/session_20260618_150720/frame_00317_151756_146.jpg
clear/frame_00317_154624_781.jpg,clear,train_data/session_20260605_154345/frame_00317_154624_781.jpg
clear/frame_00318_151758_147.jpg,clear,train_data/session_20260618_150720/frame_00318_151758_147.jpg
clear/frame_00318_154625_282.jpg,clear,train_data/session_20260605_154345/frame_00318_154625_282.jpg
clear/frame_00319_151800_149.jpg,clear,train_data/session_20260618_150720/frame_00319_151800_149.jpg
clear/frame_00320_151802_151.jpg,clear,train_data/session_20260618_150720/frame_00320_151802_151.jpg
clear/frame_00321_151804_152.jpg,clear,train_data/session_20260618_150720/frame_00321_151804_152.jpg
clear/frame_00322_151806_153.jpg,clear,train_data/session_20260618_150720/frame_00322_151806_153.jpg
clear/frame_00322_154627_283.jpg,clear,train_data/session_20260605_154345/frame_00322_154627_283.jpg
clear/frame_00323_151808_155.jpg,clear,train_data/session_20260618_150720/frame_00323_151808_155.jpg
clear/frame_00324_151810_156.jpg,clear,train_data/session_20260618_150720/frame_00324_151810_156.jpg
clear/frame_00324_154628_284.jpg,clear,train_data/session_20260605_154345/frame_00324_154628_284.jpg
clear/frame_00325_151812_157.jpg,clear,train_data/session_20260618_150720/frame_00325_151812_157.jpg
clear/frame_00326_151814_159.jpg,clear,train_data/session_20260618_150720/frame_00326_151814_159.jpg
clear/frame_00326_154629_284.jpg,clear,train_data/session_20260605_154345/frame_00326_154629_284.jpg
clear/frame_00327_151816_160.jpg,clear,train_data/session_20260618_150720/frame_00327_151816_160.jpg
clear/frame_00328_151818_161.jpg,clear,train_data/session_20260618_150720/frame_00328_151818_161.jpg
clear/frame_00329_151820_163.jpg,clear,train_data/session_20260618_150720/frame_00329_151820_163.jpg
clear/frame_00330_151822_164.jpg,clear,train_data/session_20260618_150720/frame_00330_151822_164.jpg
clear/frame_00331_151824_166.jpg,clear,train_data/session_20260618_150720/frame_00331_151824_166.jpg
clear/frame_00333_151828_168.jpg,clear,train_data/session_20260618_150720/frame_00333_151828_168.jpg
clear/frame_00334_151830_170.jpg,clear,train_data/session_20260618_150720/frame_00334_151830_170.jpg
clear/frame_00335_151832_171.jpg,clear,train_data/session_20260618_150720/frame_00335_151832_171.jpg
clear/frame_00335_154633_788.jpg,clear,train_data/session_20260605_154345/frame_00335_154633_788.jpg
clear/frame_00336_151834_172.jpg,clear,train_data/session_20260618_150720/frame_00336_151834_172.jpg
clear/frame_00337_151836_174.jpg,clear,train_data/session_20260618_150720/frame_00337_151836_174.jpg
clear/frame_00338_151838_176.jpg,clear,train_data/session_20260618_150720/frame_00338_151838_176.jpg
clear/frame_00338_154635_289.jpg,clear,train_data/session_20260605_154345/frame_00338_154635_289.jpg
clear/frame_00339_151840_177.jpg,clear,train_data/session_20260618_150720/frame_00339_151840_177.jpg
clear/frame_00339_154635_789.jpg,clear,train_data/session_20260605_154345/frame_00339_154635_789.jpg
clear/frame_00340_151842_178.jpg,clear,train_data/session_20260618_150720/frame_00340_151842_178.jpg
clear/frame_00341_151844_179.jpg,clear,train_data/session_20260618_150720/frame_00341_151844_179.jpg
clear/frame_00342_151846_181.jpg,clear,train_data/session_20260618_150720/frame_00342_151846_181.jpg
clear/frame_00343_151848_182.jpg,clear,train_data/session_20260618_150720/frame_00343_151848_182.jpg
clear/frame_00344_151850_184.jpg,clear,train_data/session_20260618_150720/frame_00344_151850_184.jpg
clear/frame_00344_154638_290.jpg,clear,train_data/session_20260605_154345/frame_00344_154638_290.jpg
clear/frame_00345_151852_185.jpg,clear,train_data/session_20260618_150720/frame_00345_151852_185.jpg
clear/frame_00346_151854_186.jpg,clear,train_data/session_20260618_150720/frame_00346_151854_186.jpg
clear/frame_00348_154640_292.jpg,clear,train_data/session_20260605_154345/frame_00348_154640_292.jpg
clear/frame_00349_151900_191.jpg,clear,train_data/session_20260618_150720/frame_00349_151900_191.jpg
clear/frame_00350_154641_292.jpg,clear,train_data/session_20260605_154345/frame_00350_154641_292.jpg
clear/frame_00351_151904_193.jpg,clear,train_data/session_20260618_150720/frame_00351_151904_193.jpg
clear/frame_00352_151906_194.jpg,clear,train_data/session_20260618_150720/frame_00352_151906_194.jpg
clear/frame_00353_151908_196.jpg,clear,train_data/session_20260618_150720/frame_00353_151908_196.jpg
clear/frame_00353_154642_794.jpg,clear,train_data/session_20260605_154345/frame_00353_154642_794.jpg
clear/frame_00354_154643_294.jpg,clear,train_data/session_20260605_154345/frame_00354_154643_294.jpg
clear/frame_00355_151912_199.jpg,clear,train_data/session_20260618_150720/frame_00355_151912_199.jpg
clear/frame_00356_151914_200.jpg,clear,train_data/session_20260618_150720/frame_00356_151914_200.jpg
clear/frame_00357_151916_202.jpg,clear,train_data/session_20260618_150720/frame_00357_151916_202.jpg
clear/frame_00358_151918_203.jpg,clear,train_data/session_20260618_150720/frame_00358_151918_203.jpg
clear/frame_00359_151920_204.jpg,clear,train_data/session_20260618_150720/frame_00359_151920_204.jpg
clear/frame_00361_151924_207.jpg,clear,train_data/session_20260618_150720/frame_00361_151924_207.jpg
clear/frame_00362_151926_209.jpg,clear,train_data/session_20260618_150720/frame_00362_151926_209.jpg
clear/frame_00362_154647_297.jpg,clear,train_data/session_20260605_154345/frame_00362_154647_297.jpg
clear/frame_00364_151930_211.jpg,clear,train_data/session_20260618_150720/frame_00364_151930_211.jpg
clear/frame_00365_151932_212.jpg,clear,train_data/session_20260618_150720/frame_00365_151932_212.jpg
clear/frame_00366_154649_298.jpg,clear,train_data/session_20260605_154345/frame_00366_154649_298.jpg
clear/frame_00368_154650_299.jpg,clear,train_data/session_20260605_154345/frame_00368_154650_299.jpg
clear/frame_00369_151940_218.jpg,clear,train_data/session_20260618_150720/frame_00369_151940_218.jpg
clear/frame_00369_154650_800.jpg,clear,train_data/session_20260605_154345/frame_00369_154650_800.jpg
clear/frame_00370_151942_219.jpg,clear,train_data/session_20260618_150720/frame_00370_151942_219.jpg
clear/frame_00370_154651_299.jpg,clear,train_data/session_20260605_154345/frame_00370_154651_299.jpg
clear/frame_00372_151946_222.jpg,clear,train_data/session_20260618_150720/frame_00372_151946_222.jpg
clear/frame_00372_154652_301.jpg,clear,train_data/session_20260605_154345/frame_00372_154652_301.jpg
clear/frame_00373_151948_223.jpg,clear,train_data/session_20260618_150720/frame_00373_151948_223.jpg
clear/frame_00373_154652_801.jpg,clear,train_data/session_20260605_154345/frame_00373_154652_801.jpg
clear/frame_00374_151950_225.jpg,clear,train_data/session_20260618_150720/frame_00374_151950_225.jpg
clear/frame_00375_151952_226.jpg,clear,train_data/session_20260618_150720/frame_00375_151952_226.jpg
clear/frame_00375_154653_802.jpg,clear,train_data/session_20260605_154345/frame_00375_154653_802.jpg
clear/frame_00376_151954_228.jpg,clear,train_data/session_20260618_150720/frame_00376_151954_228.jpg
clear/frame_00376_154654_302.jpg,clear,train_data/session_20260605_154345/frame_00376_154654_302.jpg
clear/frame_00377_151956_229.jpg,clear,train_data/session_20260618_150720/frame_00377_151956_229.jpg
clear/frame_00377_154654_802.jpg,clear,train_data/session_20260605_154345/frame_00377_154654_802.jpg
clear/frame_00379_152000_232.jpg,clear,train_data/session_20260618_150720/frame_00379_152000_232.jpg
clear/frame_00380_152002_234.jpg,clear,train_data/session_20260618_150720/frame_00380_152002_234.jpg
clear/frame_00380_154656_303.jpg,clear,train_data/session_20260605_154345/frame_00380_154656_303.jpg
clear/frame_00381_152004_235.jpg,clear,train_data/session_20260618_150720/frame_00381_152004_235.jpg
clear/frame_00381_154656_803.jpg,clear,train_data/session_20260605_154345/frame_00381_154656_803.jpg
clear/frame_00382_154657_304.jpg,clear,train_data/session_20260605_154345/frame_00382_154657_304.jpg
clear/frame_00383_152008_237.jpg,clear,train_data/session_20260618_150720/frame_00383_152008_237.jpg
clear/frame_00383_154657_804.jpg,clear,train_data/session_20260605_154345/frame_00383_154657_804.jpg
clear/frame_00384_152010_239.jpg,clear,train_data/session_20260618_150720/frame_00384_152010_239.jpg
clear/frame_00384_154658_305.jpg,clear,train_data/session_20260605_154345/frame_00384_154658_305.jpg
clear/frame_00385_152012_240.jpg,clear,train_data/session_20260618_150720/frame_00385_152012_240.jpg
clear/frame_00386_154659_305.jpg,clear,train_data/session_20260605_154345/frame_00386_154659_305.jpg
clear/frame_00387_152016_243.jpg,clear,train_data/session_20260618_150720/frame_00387_152016_243.jpg
clear/frame_00388_152018_245.jpg,clear,train_data/session_20260618_150720/frame_00388_152018_245.jpg
clear/frame_00388_154700_307.jpg,clear,train_data/session_20260605_154345/frame_00388_154700_307.jpg
clear/frame_00389_152020_247.jpg,clear,train_data/session_20260618_150720/frame_00389_152020_247.jpg
clear/frame_00389_154700_807.jpg,clear,train_data/session_20260605_154345/frame_00389_154700_807.jpg
clear/frame_00390_152022_247.jpg,clear,train_data/session_20260618_150720/frame_00390_152022_247.jpg
clear/frame_00391_152024_248.jpg,clear,train_data/session_20260618_150720/frame_00391_152024_248.jpg
clear/frame_00392_152026_250.jpg,clear,train_data/session_20260618_150720/frame_00392_152026_250.jpg
clear/frame_00393_152028_251.jpg,clear,train_data/session_20260618_150720/frame_00393_152028_251.jpg
clear/frame_00394_152030_253.jpg,clear,train_data/session_20260618_150720/frame_00394_152030_253.jpg
clear/frame_00395_152032_254.jpg,clear,train_data/session_20260618_150720/frame_00395_152032_254.jpg
clear/frame_00396_152034_256.jpg,clear,train_data/session_20260618_150720/frame_00396_152034_256.jpg
clear/frame_00396_154704_309.jpg,clear,train_data/session_20260605_154345/frame_00396_154704_309.jpg
clear/frame_00397_152036_257.jpg,clear,train_data/session_20260618_150720/frame_00397_152036_257.jpg
clear/frame_00398_152038_259.jpg,clear,train_data/session_20260618_150720/frame_00398_152038_259.jpg
clear/frame_00398_154705_309.jpg,clear,train_data/session_20260605_154345/frame_00398_154705_309.jpg
clear/frame_00399_152040_260.jpg,clear,train_data/session_20260618_150720/frame_00399_152040_260.jpg
clear/frame_00399_154705_810.jpg,clear,train_data/session_20260605_154345/frame_00399_154705_810.jpg
clear/frame_00400_152042_261.jpg,clear,train_data/session_20260618_150720/frame_00400_152042_261.jpg
clear/frame_00401_154706_811.jpg,clear,train_data/session_20260605_154345/frame_00401_154706_811.jpg
clear/frame_00402_152046_264.jpg,clear,train_data/session_20260618_150720/frame_00402_152046_264.jpg
clear/frame_00402_154707_311.jpg,clear,train_data/session_20260605_154345/frame_00402_154707_311.jpg
clear/frame_00403_152048_265.jpg,clear,train_data/session_20260618_150720/frame_00403_152048_265.jpg
clear/frame_00403_154707_812.jpg,clear,train_data/session_20260605_154345/frame_00403_154707_812.jpg
clear/frame_00404_152050_267.jpg,clear,train_data/session_20260618_150720/frame_00404_152050_267.jpg
clear/frame_00406_152054_269.jpg,clear,train_data/session_20260618_150720/frame_00406_152054_269.jpg
clear/frame_00406_154709_312.jpg,clear,train_data/session_20260605_154345/frame_00406_154709_312.jpg
clear/frame_00407_152056_271.jpg,clear,train_data/session_20260618_150720/frame_00407_152056_271.jpg
clear/frame_00408_152058_273.jpg,clear,train_data/session_20260618_150720/frame_00408_152058_273.jpg
clear/frame_00409_152100_274.jpg,clear,train_data/session_20260618_150720/frame_00409_152100_274.jpg
clear/frame_00410_152102_275.jpg,clear,train_data/session_20260618_150720/frame_00410_152102_275.jpg
clear/frame_00410_154711_314.jpg,clear,train_data/session_20260605_154345/frame_00410_154711_314.jpg
clear/frame_00412_152106_277.jpg,clear,train_data/session_20260618_150720/frame_00412_152106_277.jpg
clear/frame_00412_154712_314.jpg,clear,train_data/session_20260605_154345/frame_00412_154712_314.jpg
clear/frame_00413_152108_279.jpg,clear,train_data/session_20260618_150720/frame_00413_152108_279.jpg
clear/frame_00414_152110_280.jpg,clear,train_data/session_20260618_150720/frame_00414_152110_280.jpg
clear/frame_00414_154713_315.jpg,clear,train_data/session_20260605_154345/frame_00414_154713_315.jpg
clear/frame_00415_152112_282.jpg,clear,train_data/session_20260618_150720/frame_00415_152112_282.jpg
clear/frame_00415_154713_815.jpg,clear,train_data/session_20260605_154345/frame_00415_154713_815.jpg
clear/frame_00416_152114_283.jpg,clear,train_data/session_20260618_150720/frame_00416_152114_283.jpg
clear/frame_00418_154715_316.jpg,clear,train_data/session_20260605_154345/frame_00418_154715_316.jpg
clear/frame_00419_154715_816.jpg,clear,train_data/session_20260605_154345/frame_00419_154715_816.jpg
clear/frame_00422_152126_291.jpg,clear,train_data/session_20260618_150720/frame_00422_152126_291.jpg
clear/frame_00423_154717_818.jpg,clear,train_data/session_20260605_154345/frame_00423_154717_818.jpg
clear/frame_00424_152130_294.jpg,clear,train_data/session_20260618_150720/frame_00424_152130_294.jpg
clear/frame_00425_152132_296.jpg,clear,train_data/session_20260618_150720/frame_00425_152132_296.jpg
clear/frame_00426_154719_319.jpg,clear,train_data/session_20260605_154345/frame_00426_154719_319.jpg
clear/frame_00427_152136_298.jpg,clear,train_data/session_20260618_150720/frame_00427_152136_298.jpg
clear/frame_00428_152138_300.jpg,clear,train_data/session_20260618_150720/frame_00428_152138_300.jpg
clear/frame_00428_154720_320.jpg,clear,train_data/session_20260605_154345/frame_00428_154720_320.jpg
clear/frame_00429_152140_301.jpg,clear,train_data/session_20260618_150720/frame_00429_152140_301.jpg
clear/frame_00429_154720_820.jpg,clear,train_data/session_20260605_154345/frame_00429_154720_820.jpg
clear/frame_00430_154721_320.jpg,clear,train_data/session_20260605_154345/frame_00430_154721_320.jpg
clear/frame_00431_152144_303.jpg,clear,train_data/session_20260618_150720/frame_00431_152144_303.jpg
clear/frame_00431_154721_821.jpg,clear,train_data/session_20260605_154345/frame_00431_154721_821.jpg
clear/frame_00432_152146_305.jpg,clear,train_data/session_20260618_150720/frame_00432_152146_305.jpg
clear/frame_00433_152148_307.jpg,clear,train_data/session_20260618_150720/frame_00433_152148_307.jpg
clear/frame_00433_154722_822.jpg,clear,train_data/session_20260605_154345/frame_00433_154722_822.jpg
clear/frame_00434_152150_308.jpg,clear,train_data/session_20260618_150720/frame_00434_152150_308.jpg
clear/frame_00434_154723_322.jpg,clear,train_data/session_20260605_154345/frame_00434_154723_322.jpg
clear/frame_00435_152152_309.jpg,clear,train_data/session_20260618_150720/frame_00435_152152_309.jpg
clear/frame_00436_152154_311.jpg,clear,train_data/session_20260618_150720/frame_00436_152154_311.jpg
clear/frame_00436_154724_322.jpg,clear,train_data/session_20260605_154345/frame_00436_154724_322.jpg
clear/frame_00437_152156_312.jpg,clear,train_data/session_20260618_150720/frame_00437_152156_312.jpg
clear/frame_00437_154724_823.jpg,clear,train_data/session_20260605_154345/frame_00437_154724_823.jpg
clear/frame_00438_152158_313.jpg,clear,train_data/session_20260618_150720/frame_00438_152158_313.jpg
clear/frame_00438_154725_323.jpg,clear,train_data/session_20260605_154345/frame_00438_154725_323.jpg
clear/frame_00439_152200_315.jpg,clear,train_data/session_20260618_150720/frame_00439_152200_315.jpg
clear/frame_00440_152202_316.jpg,clear,train_data/session_20260618_150720/frame_00440_152202_316.jpg
clear/frame_00441_152204_318.jpg,clear,train_data/session_20260618_150720/frame_00441_152204_318.jpg
clear/frame_00442_152206_319.jpg,clear,train_data/session_20260618_150720/frame_00442_152206_319.jpg
clear/frame_00443_152208_320.jpg,clear,train_data/session_20260618_150720/frame_00443_152208_320.jpg
clear/frame_00443_154727_825.jpg,clear,train_data/session_20260605_154345/frame_00443_154727_825.jpg
clear/frame_00444_152210_322.jpg,clear,train_data/session_20260618_150720/frame_00444_152210_322.jpg
clear/frame_00445_154728_826.jpg,clear,train_data/session_20260605_154345/frame_00445_154728_826.jpg
clear/frame_00447_152216_326.jpg,clear,train_data/session_20260618_150720/frame_00447_152216_326.jpg
clear/frame_00447_154729_827.jpg,clear,train_data/session_20260605_154345/frame_00447_154729_827.jpg
clear/frame_00448_152218_327.jpg,clear,train_data/session_20260618_150720/frame_00448_152218_327.jpg
clear/frame_00448_154730_327.jpg,clear,train_data/session_20260605_154345/frame_00448_154730_327.jpg
clear/frame_00449_154730_827.jpg,clear,train_data/session_20260605_154345/frame_00449_154730_827.jpg
clear/frame_00450_154731_327.jpg,clear,train_data/session_20260605_154345/frame_00450_154731_327.jpg
clear/frame_00451_154731_828.jpg,clear,train_data/session_20260605_154345/frame_00451_154731_828.jpg
clear/frame_00452_154732_328.jpg,clear,train_data/session_20260605_154345/frame_00452_154732_328.jpg
clear/frame_00453_154732_828.jpg,clear,train_data/session_20260605_154345/frame_00453_154732_828.jpg
clear/frame_00454_154733_328.jpg,clear,train_data/session_20260605_154345/frame_00454_154733_328.jpg
clear/frame_00455_154733_829.jpg,clear,train_data/session_20260605_154345/frame_00455_154733_829.jpg
clear/frame_00456_154734_330.jpg,clear,train_data/session_20260605_154345/frame_00456_154734_330.jpg
clear/frame_00457_154734_830.jpg,clear,train_data/session_20260605_154345/frame_00457_154734_830.jpg
clear/frame_00458_154735_330.jpg,clear,train_data/session_20260605_154345/frame_00458_154735_330.jpg
clear/frame_00459_154735_830.jpg,clear,train_data/session_20260605_154345/frame_00459_154735_830.jpg
clear/frame_00464_154738_332.jpg,clear,train_data/session_20260605_154345/frame_00464_154738_332.jpg
clear/frame_00465_154738_833.jpg,clear,train_data/session_20260605_154345/frame_00465_154738_833.jpg
clear/frame_00467_154739_833.jpg,clear,train_data/session_20260605_154345/frame_00467_154739_833.jpg
clear/frame_00468_154740_334.jpg,clear,train_data/session_20260605_154345/frame_00468_154740_334.jpg
clear/frame_00471_154741_835.jpg,clear,train_data/session_20260605_154345/frame_00471_154741_835.jpg
clear/frame_00476_154744_336.jpg,clear,train_data/session_20260605_154345/frame_00476_154744_336.jpg
clear/frame_00483_154747_839.jpg,clear,train_data/session_20260605_154345/frame_00483_154747_839.jpg
clear/frame_00487_154749_840.jpg,clear,train_data/session_20260605_154345/frame_00487_154749_840.jpg
clear/frame_00490_154751_341.jpg,clear,train_data/session_20260605_154345/frame_00490_154751_341.jpg
clear/frame_00491_154751_841.jpg,clear,train_data/session_20260605_154345/frame_00491_154751_841.jpg
clear/frame_00492_154752_342.jpg,clear,train_data/session_20260605_154345/frame_00492_154752_342.jpg
clear/frame_00496_154754_343.jpg,clear,train_data/session_20260605_154345/frame_00496_154754_343.jpg
clear/frame_00497_154754_843.jpg,clear,train_data/session_20260605_154345/frame_00497_154754_843.jpg
clear/frame_00498_154755_344.jpg,clear,train_data/session_20260605_154345/frame_00498_154755_344.jpg
clear/frame_00499_154755_844.jpg,clear,train_data/session_20260605_154345/frame_00499_154755_844.jpg
clear/frame_00500_154756_345.jpg,clear,train_data/session_20260605_154345/frame_00500_154756_345.jpg
clear/frame_00501_154756_845.jpg,clear,train_data/session_20260605_154345/frame_00501_154756_845.jpg
clear/frame_00502_154757_345.jpg,clear,train_data/session_20260605_154345/frame_00502_154757_345.jpg
clear/frame_00504_154758_346.jpg,clear,train_data/session_20260605_154345/frame_00504_154758_346.jpg
clear/frame_00505_154758_846.jpg,clear,train_data/session_20260605_154345/frame_00505_154758_846.jpg
clear/frame_00506_154759_347.jpg,clear,train_data/session_20260605_154345/frame_00506_154759_347.jpg
clear/frame_00507_154759_847.jpg,clear,train_data/session_20260605_154345/frame_00507_154759_847.jpg
clear/frame_00508_154800_348.jpg,clear,train_data/session_20260605_154345/frame_00508_154800_348.jpg
clear/frame_00509_154800_848.jpg,clear,train_data/session_20260605_154345/frame_00509_154800_848.jpg
clear/frame_00511_154801_848.jpg,clear,train_data/session_20260605_154345/frame_00511_154801_848.jpg
clear/frame_00512_154802_349.jpg,clear,train_data/session_20260605_154345/frame_00512_154802_349.jpg
clear/frame_00515_154803_850.jpg,clear,train_data/session_20260605_154345/frame_00515_154803_850.jpg
clear/frame_00516_154804_350.jpg,clear,train_data/session_20260605_154345/frame_00516_154804_350.jpg
clear/frame_00517_154804_851.jpg,clear,train_data/session_20260605_154345/frame_00517_154804_851.jpg
clear/frame_00518_154805_351.jpg,clear,train_data/session_20260605_154345/frame_00518_154805_351.jpg
clear/frame_00520_154806_351.jpg,clear,train_data/session_20260605_154345/frame_00520_154806_351.jpg
clear/frame_00522_154807_352.jpg,clear,train_data/session_20260605_154345/frame_00522_154807_352.jpg
clear/frame_00523_154807_853.jpg,clear,train_data/session_20260605_154345/frame_00523_154807_853.jpg
clear/frame_00524_154808_353.jpg,clear,train_data/session_20260605_154345/frame_00524_154808_353.jpg
clear/frame_00525_154808_853.jpg,clear,train_data/session_20260605_154345/frame_00525_154808_853.jpg
clear/frame_00526_154809_353.jpg,clear,train_data/session_20260605_154345/frame_00526_154809_353.jpg
clear/frame_00527_154809_854.jpg,clear,train_data/session_20260605_154345/frame_00527_154809_854.jpg
clear/frame_00529_154810_854.jpg,clear,train_data/session_20260605_154345/frame_00529_154810_854.jpg
clear/frame_00533_154812_856.jpg,clear,train_data/session_20260605_154345/frame_00533_154812_856.jpg
clear/frame_00534_154813_357.jpg,clear,train_data/session_20260605_154345/frame_00534_154813_357.jpg
clear/frame_00539_154815_858.jpg,clear,train_data/session_20260605_154345/frame_00539_154815_858.jpg
clear/frame_00540_154816_359.jpg,clear,train_data/session_20260605_154345/frame_00540_154816_359.jpg
clear/frame_00544_154818_360.jpg,clear,train_data/session_20260605_154345/frame_00544_154818_360.jpg
clear/frame_00545_154818_860.jpg,clear,train_data/session_20260605_154345/frame_00545_154818_860.jpg
clear/frame_00547_154819_861.jpg,clear,train_data/session_20260605_154345/frame_00547_154819_861.jpg
clear/frame_00548_154820_361.jpg,clear,train_data/session_20260605_154345/frame_00548_154820_361.jpg
clear/frame_00551_154821_863.jpg,clear,train_data/session_20260605_154345/frame_00551_154821_863.jpg
clear/frame_00552_154822_362.jpg,clear,train_data/session_20260605_154345/frame_00552_154822_362.jpg
clear/frame_00556_154824_364.jpg,clear,train_data/session_20260605_154345/frame_00556_154824_364.jpg
clear/frame_00557_154824_864.jpg,clear,train_data/session_20260605_154345/frame_00557_154824_864.jpg
clear/frame_00558_154825_365.jpg,clear,train_data/session_20260605_154345/frame_00558_154825_365.jpg
clear/frame_00559_154825_865.jpg,clear,train_data/session_20260605_154345/frame_00559_154825_865.jpg
clear/frame_00560_154826_366.jpg,clear,train_data/session_20260605_154345/frame_00560_154826_366.jpg
clear/frame_00561_154826_866.jpg,clear,train_data/session_20260605_154345/frame_00561_154826_866.jpg
clear/frame_00562_154827_366.jpg,clear,train_data/session_20260605_154345/frame_00562_154827_366.jpg
clear/frame_00563_154827_867.jpg,clear,train_data/session_20260605_154345/frame_00563_154827_867.jpg
clear/frame_00564_154828_367.jpg,clear,train_data/session_20260605_154345/frame_00564_154828_367.jpg
clear/frame_00565_154828_867.jpg,clear,train_data/session_20260605_154345/frame_00565_154828_867.jpg
clear/frame_00566_154829_368.jpg,clear,train_data/session_20260605_154345/frame_00566_154829_368.jpg
clear/frame_00567_154829_868.jpg,clear,train_data/session_20260605_154345/frame_00567_154829_868.jpg
clear/frame_00568_154830_368.jpg,clear,train_data/session_20260605_154345/frame_00568_154830_368.jpg
clear/frame_00569_154830_868.jpg,clear,train_data/session_20260605_154345/frame_00569_154830_868.jpg
clear/frame_00571_154831_869.jpg,clear,train_data/session_20260605_154345/frame_00571_154831_869.jpg
clear/frame_00573_154832_870.jpg,clear,train_data/session_20260605_154345/frame_00573_154832_870.jpg
clear/frame_00574_154833_370.jpg,clear,train_data/session_20260605_154345/frame_00574_154833_370.jpg
clear/frame_00575_154833_871.jpg,clear,train_data/session_20260605_154345/frame_00575_154833_871.jpg
clear/frame_00576_154834_371.jpg,clear,train_data/session_20260605_154345/frame_00576_154834_371.jpg
clear/frame_00577_154834_871.jpg,clear,train_data/session_20260605_154345/frame_00577_154834_871.jpg
clear/frame_00580_154836_372.jpg,clear,train_data/session_20260605_154345/frame_00580_154836_372.jpg
clear/frame_00581_154836_872.jpg,clear,train_data/session_20260605_154345/frame_00581_154836_872.jpg
clear/frame_00582_154837_373.jpg,clear,train_data/session_20260605_154345/frame_00582_154837_373.jpg
clear/frame_00584_154838_374.jpg,clear,train_data/session_20260605_154345/frame_00584_154838_374.jpg
clear/frame_00585_154838_874.jpg,clear,train_data/session_20260605_154345/frame_00585_154838_874.jpg
clear/frame_00586_154839_374.jpg,clear,train_data/session_20260605_154345/frame_00586_154839_374.jpg
clear/frame_00587_154839_875.jpg,clear,train_data/session_20260605_154345/frame_00587_154839_875.jpg
clear/frame_00588_154840_375.jpg,clear,train_data/session_20260605_154345/frame_00588_154840_375.jpg
clear/frame_00589_154840_876.jpg,clear,train_data/session_20260605_154345/frame_00589_154840_876.jpg
clear/frame_00590_154841_376.jpg,clear,train_data/session_20260605_154345/frame_00590_154841_376.jpg
clear/frame_00594_154843_377.jpg,clear,train_data/session_20260605_154345/frame_00594_154843_377.jpg
clear/frame_00595_154843_878.jpg,clear,train_data/session_20260605_154345/frame_00595_154843_878.jpg
clear/frame_00596_154844_378.jpg,clear,train_data/session_20260605_154345/frame_00596_154844_378.jpg
clear/frame_00598_154845_378.jpg,clear,train_data/session_20260605_154345/frame_00598_154845_378.jpg
clear/frame_00599_154845_910.jpg,clear,train_data/session_20260605_154345/frame_00599_154845_910.jpg
clear/frame_00600_154846_411.jpg,clear,train_data/session_20260605_154345/frame_00600_154846_411.jpg
clear/frame_00601_154846_913.jpg,clear,train_data/session_20260605_154345/frame_00601_154846_913.jpg
clear/frame_00602_154847_445.jpg,clear,train_data/session_20260605_154345/frame_00602_154847_445.jpg
clear/frame_00603_154847_945.jpg,clear,train_data/session_20260605_154345/frame_00603_154847_945.jpg
clear/frame_00604_154848_448.jpg,clear,train_data/session_20260605_154345/frame_00604_154848_448.jpg
clear/frame_00605_154848_983.jpg,clear,train_data/session_20260605_154345/frame_00605_154848_983.jpg
clear/frame_00606_154849_518.jpg,clear,train_data/session_20260605_154345/frame_00606_154849_518.jpg
clear/frame_00610_154851_548.jpg,clear,train_data/session_20260605_154345/frame_00610_154851_548.jpg
clear/frame_00615_154854_084.jpg,clear,train_data/session_20260605_154345/frame_00615_154854_084.jpg
clear/frame_00616_154854_584.jpg,clear,train_data/session_20260605_154345/frame_00616_154854_584.jpg
clear/frame_00617_154855_085.jpg,clear,train_data/session_20260605_154345/frame_00617_154855_085.jpg
clear/frame_00618_154855_586.jpg,clear,train_data/session_20260605_154345/frame_00618_154855_586.jpg
clear/frame_00619_154856_086.jpg,clear,train_data/session_20260605_154345/frame_00619_154856_086.jpg
clear/frame_00621_154857_087.jpg,clear,train_data/session_20260605_154345/frame_00621_154857_087.jpg
clear/frame_00622_154857_587.jpg,clear,train_data/session_20260605_154345/frame_00622_154857_587.jpg
clear/frame_00623_154858_087.jpg,clear,train_data/session_20260605_154345/frame_00623_154858_087.jpg
clear/frame_00624_154858_587.jpg,clear,train_data/session_20260605_154345/frame_00624_154858_587.jpg
clear/frame_00626_154859_588.jpg,clear,train_data/session_20260605_154345/frame_00626_154859_588.jpg
clear/frame_00627_154900_089.jpg,clear,train_data/session_20260605_154345/frame_00627_154900_089.jpg
clear/frame_00628_154900_589.jpg,clear,train_data/session_20260605_154345/frame_00628_154900_589.jpg
clear/frame_00629_154901_090.jpg,clear,train_data/session_20260605_154345/frame_00629_154901_090.jpg
clear/frame_00630_154901_590.jpg,clear,train_data/session_20260605_154345/frame_00630_154901_590.jpg
clear/frame_00634_154903_591.jpg,clear,train_data/session_20260605_154345/frame_00634_154903_591.jpg
clear/frame_00640_154906_593.jpg,clear,train_data/session_20260605_154345/frame_00640_154906_593.jpg
clear/frame_00643_154908_094.jpg,clear,train_data/session_20260605_154345/frame_00643_154908_094.jpg
clear/frame_00644_154908_595.jpg,clear,train_data/session_20260605_154345/frame_00644_154908_595.jpg
clear/frame_00647_154910_096.jpg,clear,train_data/session_20260605_154345/frame_00647_154910_096.jpg
clear/frame_00649_154911_097.jpg,clear,train_data/session_20260605_154345/frame_00649_154911_097.jpg
clear/frame_00650_154911_597.jpg,clear,train_data/session_20260605_154345/frame_00650_154911_597.jpg
clear/frame_00652_154912_598.jpg,clear,train_data/session_20260605_154345/frame_00652_154912_598.jpg
clear/frame_00654_154913_598.jpg,clear,train_data/session_20260605_154345/frame_00654_154913_598.jpg
clear/frame_00661_154917_100.jpg,clear,train_data/session_20260605_154345/frame_00661_154917_100.jpg
clear/frame_00662_154917_601.jpg,clear,train_data/session_20260605_154345/frame_00662_154917_601.jpg
clear/frame_00663_154918_101.jpg,clear,train_data/session_20260605_154345/frame_00663_154918_101.jpg
clear/frame_00664_154918_601.jpg,clear,train_data/session_20260605_154345/frame_00664_154918_601.jpg
clear/frame_00665_154919_102.jpg,clear,train_data/session_20260605_154345/frame_00665_154919_102.jpg
clear/frame_00666_154919_602.jpg,clear,train_data/session_20260605_154345/frame_00666_154919_602.jpg
clear/frame_00669_154921_103.jpg,clear,train_data/session_20260605_154345/frame_00669_154921_103.jpg
clear/frame_00674_154923_605.jpg,clear,train_data/session_20260605_154345/frame_00674_154923_605.jpg
clear/frame_00675_154924_105.jpg,clear,train_data/session_20260605_154345/frame_00675_154924_105.jpg
clear/frame_00676_154924_606.jpg,clear,train_data/session_20260605_154345/frame_00676_154924_606.jpg
clear/frame_00677_154925_105.jpg,clear,train_data/session_20260605_154345/frame_00677_154925_105.jpg
clear/frame_00678_154925_606.jpg,clear,train_data/session_20260605_154345/frame_00678_154925_606.jpg
clear/frame_00680_154926_607.jpg,clear,train_data/session_20260605_154345/frame_00680_154926_607.jpg
clear/frame_00682_154927_608.jpg,clear,train_data/session_20260605_154345/frame_00682_154927_608.jpg
clear/frame_00683_154928_108.jpg,clear,train_data/session_20260605_154345/frame_00683_154928_108.jpg
clear/frame_00684_154928_609.jpg,clear,train_data/session_20260605_154345/frame_00684_154928_609.jpg
clear/frame_00685_154929_109.jpg,clear,train_data/session_20260605_154345/frame_00685_154929_109.jpg
clear/frame_00686_154929_610.jpg,clear,train_data/session_20260605_154345/frame_00686_154929_610.jpg
clear/frame_00687_154930_110.jpg,clear,train_data/session_20260605_154345/frame_00687_154930_110.jpg
clear/frame_00688_154930_610.jpg,clear,train_data/session_20260605_154345/frame_00688_154930_610.jpg
clear/frame_00689_154931_110.jpg,clear,train_data/session_20260605_154345/frame_00689_154931_110.jpg
clear/frame_00690_154931_611.jpg,clear,train_data/session_20260605_154345/frame_00690_154931_611.jpg
clear/frame_00693_154933_112.jpg,clear,train_data/session_20260605_154345/frame_00693_154933_112.jpg
clear/frame_00694_154933_612.jpg,clear,train_data/session_20260605_154345/frame_00694_154933_612.jpg
clear/frame_00695_154934_112.jpg,clear,train_data/session_20260605_154345/frame_00695_154934_112.jpg
clear/frame_00696_154934_612.jpg,clear,train_data/session_20260605_154345/frame_00696_154934_612.jpg
clear/frame_00697_154935_113.jpg,clear,train_data/session_20260605_154345/frame_00697_154935_113.jpg
clear/frame_00699_154936_114.jpg,clear,train_data/session_20260605_154345/frame_00699_154936_114.jpg
clear/frame_00700_154936_614.jpg,clear,train_data/session_20260605_154345/frame_00700_154936_614.jpg
clear/frame_00701_154937_114.jpg,clear,train_data/session_20260605_154345/frame_00701_154937_114.jpg
clear/frame_00702_154937_615.jpg,clear,train_data/session_20260605_154345/frame_00702_154937_615.jpg
clear/frame_00705_154939_116.jpg,clear,train_data/session_20260605_154345/frame_00705_154939_116.jpg
clear/frame_00709_154941_117.jpg,clear,train_data/session_20260605_154345/frame_00709_154941_117.jpg
clear/frame_00712_154942_618.jpg,clear,train_data/session_20260605_154345/frame_00712_154942_618.jpg
clear/frame_00714_154943_619.jpg,clear,train_data/session_20260605_154345/frame_00714_154943_619.jpg
clear/frame_00715_154944_119.jpg,clear,train_data/session_20260605_154345/frame_00715_154944_119.jpg
clear/frame_00716_154944_620.jpg,clear,train_data/session_20260605_154345/frame_00716_154944_620.jpg
clear/frame_00718_154945_620.jpg,clear,train_data/session_20260605_154345/frame_00718_154945_620.jpg
clear/frame_00719_154946_120.jpg,clear,train_data/session_20260605_154345/frame_00719_154946_120.jpg
clear/frame_00720_154946_621.jpg,clear,train_data/session_20260605_154345/frame_00720_154946_621.jpg
clear/frame_00721_154947_121.jpg,clear,train_data/session_20260605_154345/frame_00721_154947_121.jpg
clear/frame_00722_154947_622.jpg,clear,train_data/session_20260605_154345/frame_00722_154947_622.jpg
clear/frame_00723_154948_122.jpg,clear,train_data/session_20260605_154345/frame_00723_154948_122.jpg
clear/frame_00724_154948_622.jpg,clear,train_data/session_20260605_154345/frame_00724_154948_622.jpg
clear/frame_00726_154949_623.jpg,clear,train_data/session_20260605_154345/frame_00726_154949_623.jpg
clear/frame_00730_154951_624.jpg,clear,train_data/session_20260605_154345/frame_00730_154951_624.jpg
clear/frame_00732_154952_625.jpg,clear,train_data/session_20260605_154345/frame_00732_154952_625.jpg
clear/frame_00733_154953_125.jpg,clear,train_data/session_20260605_154345/frame_00733_154953_125.jpg
clear/frame_00736_154954_660.jpg,clear,train_data/session_20260605_154345/frame_00736_154954_660.jpg
clear/frame_00737_154955_160.jpg,clear,train_data/session_20260605_154345/frame_00737_154955_160.jpg
clear/frame_00738_154955_661.jpg,clear,train_data/session_20260605_154345/frame_00738_154955_661.jpg
clear/frame_00739_154956_161.jpg,clear,train_data/session_20260605_154345/frame_00739_154956_161.jpg
clear/frame_00741_154957_162.jpg,clear,train_data/session_20260605_154345/frame_00741_154957_162.jpg
clear/frame_00744_154958_663.jpg,clear,train_data/session_20260605_154345/frame_00744_154958_663.jpg
clear/frame_00745_154959_163.jpg,clear,train_data/session_20260605_154345/frame_00745_154959_163.jpg
clear/frame_00746_154959_663.jpg,clear,train_data/session_20260605_154345/frame_00746_154959_663.jpg
clear/frame_00749_155001_164.jpg,clear,train_data/session_20260605_154345/frame_00749_155001_164.jpg
clear/frame_00750_155001_664.jpg,clear,train_data/session_20260605_154345/frame_00750_155001_664.jpg
clear/frame_00751_155002_165.jpg,clear,train_data/session_20260605_154345/frame_00751_155002_165.jpg
clear/frame_00757_155005_167.jpg,clear,train_data/session_20260605_154345/frame_00757_155005_167.jpg
clear/frame_00758_155005_668.jpg,clear,train_data/session_20260605_154345/frame_00758_155005_668.jpg
clear/frame_00759_155006_167.jpg,clear,train_data/session_20260605_154345/frame_00759_155006_167.jpg
clear/frame_00760_155006_668.jpg,clear,train_data/session_20260605_154345/frame_00760_155006_668.jpg
clear/frame_00761_155007_168.jpg,clear,train_data/session_20260605_154345/frame_00761_155007_168.jpg
clear/frame_00762_155007_669.jpg,clear,train_data/session_20260605_154345/frame_00762_155007_669.jpg
clear/frame_00763_155008_169.jpg,clear,train_data/session_20260605_154345/frame_00763_155008_169.jpg
clear/frame_00764_155008_669.jpg,clear,train_data/session_20260605_154345/frame_00764_155008_669.jpg
clear/frame_00765_155009_170.jpg,clear,train_data/session_20260605_154345/frame_00765_155009_170.jpg
clear/frame_00766_155009_670.jpg,clear,train_data/session_20260605_154345/frame_00766_155009_670.jpg
clear/frame_00767_155010_171.jpg,clear,train_data/session_20260605_154345/frame_00767_155010_171.jpg
clear/frame_00768_155010_671.jpg,clear,train_data/session_20260605_154345/frame_00768_155010_671.jpg
clear/frame_00769_155011_171.jpg,clear,train_data/session_20260605_154345/frame_00769_155011_171.jpg
clear/frame_00770_155011_671.jpg,clear,train_data/session_20260605_154345/frame_00770_155011_671.jpg
clear/frame_00771_155012_172.jpg,clear,train_data/session_20260605_154345/frame_00771_155012_172.jpg
clear/frame_00772_155012_672.jpg,clear,train_data/session_20260605_154345/frame_00772_155012_672.jpg
clear/frame_00773_155013_172.jpg,clear,train_data/session_20260605_154345/frame_00773_155013_172.jpg
clear/frame_00774_155013_673.jpg,clear,train_data/session_20260605_154345/frame_00774_155013_673.jpg
clear/frame_00775_155014_173.jpg,clear,train_data/session_20260605_154345/frame_00775_155014_173.jpg
clear/frame_00776_155014_674.jpg,clear,train_data/session_20260605_154345/frame_00776_155014_674.jpg
clear/frame_00779_155016_175.jpg,clear,train_data/session_20260605_154345/frame_00779_155016_175.jpg
clear/frame_00781_155017_175.jpg,clear,train_data/session_20260605_154345/frame_00781_155017_175.jpg
clear/frame_00785_155019_177.jpg,clear,train_data/session_20260605_154345/frame_00785_155019_177.jpg
clear/frame_00787_155020_178.jpg,clear,train_data/session_20260605_154345/frame_00787_155020_178.jpg
clear/frame_00788_155020_678.jpg,clear,train_data/session_20260605_154345/frame_00788_155020_678.jpg
clear/frame_00793_155023_180.jpg,clear,train_data/session_20260605_154345/frame_00793_155023_180.jpg
clear/frame_00794_155023_680.jpg,clear,train_data/session_20260605_154345/frame_00794_155023_680.jpg
clear/frame_00795_155024_180.jpg,clear,train_data/session_20260605_154345/frame_00795_155024_180.jpg
clear/frame_00796_155024_681.jpg,clear,train_data/session_20260605_154345/frame_00796_155024_681.jpg
clear/frame_00797_155025_181.jpg,clear,train_data/session_20260605_154345/frame_00797_155025_181.jpg
clear/frame_00798_155025_681.jpg,clear,train_data/session_20260605_154345/frame_00798_155025_681.jpg
clear/frame_00800_155026_682.jpg,clear,train_data/session_20260605_154345/frame_00800_155026_682.jpg
clear/frame_00801_155027_183.jpg,clear,train_data/session_20260605_154345/frame_00801_155027_183.jpg
clear/frame_00802_155027_683.jpg,clear,train_data/session_20260605_154345/frame_00802_155027_683.jpg
clear/frame_00803_155028_183.jpg,clear,train_data/session_20260605_154345/frame_00803_155028_183.jpg
clear/frame_00804_155028_683.jpg,clear,train_data/session_20260605_154345/frame_00804_155028_683.jpg
clear/frame_00806_155029_684.jpg,clear,train_data/session_20260605_154345/frame_00806_155029_684.jpg
clear/frame_00807_155030_184.jpg,clear,train_data/session_20260605_154345/frame_00807_155030_184.jpg
clear/frame_00810_155031_686.jpg,clear,train_data/session_20260605_154345/frame_00810_155031_686.jpg
clear/frame_00812_155032_686.jpg,clear,train_data/session_20260605_154345/frame_00812_155032_686.jpg
clear/frame_00813_155033_187.jpg,clear,train_data/session_20260605_154345/frame_00813_155033_187.jpg
clear/frame_00815_155034_187.jpg,clear,train_data/session_20260605_154345/frame_00815_155034_187.jpg
clear/frame_00817_155035_188.jpg,clear,train_data/session_20260605_154345/frame_00817_155035_188.jpg
clear/frame_00822_155037_690.jpg,clear,train_data/session_20260605_154345/frame_00822_155037_690.jpg
clear/frame_00831_155042_193.jpg,clear,train_data/session_20260605_154345/frame_00831_155042_193.jpg
clear/frame_00833_155043_194.jpg,clear,train_data/session_20260605_154345/frame_00833_155043_194.jpg
clear/frame_00835_155044_261.jpg,clear,train_data/session_20260605_154345/frame_00835_155044_261.jpg
clear/frame_00839_155046_295.jpg,clear,train_data/session_20260605_154345/frame_00839_155046_295.jpg
clear/frame_00842_155047_796.jpg,clear,train_data/session_20260605_154345/frame_00842_155047_796.jpg
clear/frame_00844_155048_797.jpg,clear,train_data/session_20260605_154345/frame_00844_155048_797.jpg
clear/frame_00845_155049_298.jpg,clear,train_data/session_20260605_154345/frame_00845_155049_298.jpg
clear/frame_00846_155049_832.jpg,clear,train_data/session_20260605_154345/frame_00846_155049_832.jpg
clear/frame_00847_155050_331.jpg,clear,train_data/session_20260605_154345/frame_00847_155050_331.jpg
clear/frame_00848_155050_832.jpg,clear,train_data/session_20260605_154345/frame_00848_155050_832.jpg
clear/frame_00853_155053_333.jpg,clear,train_data/session_20260605_154345/frame_00853_155053_333.jpg
clear/frame_00854_155053_835.jpg,clear,train_data/session_20260605_154345/frame_00854_155053_835.jpg
clear/frame_00855_155054_335.jpg,clear,train_data/session_20260605_154345/frame_00855_155054_335.jpg
clear/frame_00856_155054_835.jpg,clear,train_data/session_20260605_154345/frame_00856_155054_835.jpg
clear/frame_00857_155055_335.jpg,clear,train_data/session_20260605_154345/frame_00857_155055_335.jpg
clear/frame_00858_155055_836.jpg,clear,train_data/session_20260605_154345/frame_00858_155055_836.jpg
clear/frame_00859_155056_336.jpg,clear,train_data/session_20260605_154345/frame_00859_155056_336.jpg
clear/frame_00860_155056_836.jpg,clear,train_data/session_20260605_154345/frame_00860_155056_836.jpg
clear/frame_00861_155057_337.jpg,clear,train_data/session_20260605_154345/frame_00861_155057_337.jpg
clear/frame_00863_155058_337.jpg,clear,train_data/session_20260605_154345/frame_00863_155058_337.jpg
clear/frame_00864_155058_837.jpg,clear,train_data/session_20260605_154345/frame_00864_155058_837.jpg
clear/frame_00865_155059_338.jpg,clear,train_data/session_20260605_154345/frame_00865_155059_338.jpg
clear/frame_00866_155059_838.jpg,clear,train_data/session_20260605_154345/frame_00866_155059_838.jpg
clear/frame_00867_155100_338.jpg,clear,train_data/session_20260605_154345/frame_00867_155100_338.jpg
clear/frame_00873_155103_341.jpg,clear,train_data/session_20260605_154345/frame_00873_155103_341.jpg
clear/frame_00874_155103_841.jpg,clear,train_data/session_20260605_154345/frame_00874_155103_841.jpg
clear/frame_00876_155104_842.jpg,clear,train_data/session_20260605_154345/frame_00876_155104_842.jpg
clear/frame_00878_155105_843.jpg,clear,train_data/session_20260605_154345/frame_00878_155105_843.jpg
clear/frame_00883_155108_344.jpg,clear,train_data/session_20260605_154345/frame_00883_155108_344.jpg
clear/frame_00887_155110_345.jpg,clear,train_data/session_20260605_154345/frame_00887_155110_345.jpg
clear/frame_00888_155110_846.jpg,clear,train_data/session_20260605_154345/frame_00888_155110_846.jpg
clear/frame_00889_155111_346.jpg,clear,train_data/session_20260605_154345/frame_00889_155111_346.jpg
clear/frame_00890_155111_847.jpg,clear,train_data/session_20260605_154345/frame_00890_155111_847.jpg
clear/frame_00891_155112_347.jpg,clear,train_data/session_20260605_154345/frame_00891_155112_347.jpg
clear/frame_00893_155113_348.jpg,clear,train_data/session_20260605_154345/frame_00893_155113_348.jpg
clear/frame_00894_155113_848.jpg,clear,train_data/session_20260605_154345/frame_00894_155113_848.jpg
clear/frame_00896_155114_849.jpg,clear,train_data/session_20260605_154345/frame_00896_155114_849.jpg
clear/frame_00899_155116_349.jpg,clear,train_data/session_20260605_154345/frame_00899_155116_349.jpg
clear/frame_00900_155116_850.jpg,clear,train_data/session_20260605_154345/frame_00900_155116_850.jpg
clear/frame_00901_155117_350.jpg,clear,train_data/session_20260605_154345/frame_00901_155117_350.jpg
clear/frame_00902_155117_850.jpg,clear,train_data/session_20260605_154345/frame_00902_155117_850.jpg
clear/frame_00903_155118_351.jpg,clear,train_data/session_20260605_154345/frame_00903_155118_351.jpg
clear/frame_00906_155119_852.jpg,clear,train_data/session_20260605_154345/frame_00906_155119_852.jpg
clear/frame_00907_155120_353.jpg,clear,train_data/session_20260605_154345/frame_00907_155120_353.jpg
clear/frame_00908_155120_852.jpg,clear,train_data/session_20260605_154345/frame_00908_155120_852.jpg
clear/frame_00910_155121_853.jpg,clear,train_data/session_20260605_154345/frame_00910_155121_853.jpg
clear/frame_00911_155122_354.jpg,clear,train_data/session_20260605_154345/frame_00911_155122_354.jpg
clear/frame_00912_155122_854.jpg,clear,train_data/session_20260605_154345/frame_00912_155122_854.jpg
clear/frame_00913_155123_355.jpg,clear,train_data/session_20260605_154345/frame_00913_155123_355.jpg
clear/frame_00914_155123_855.jpg,clear,train_data/session_20260605_154345/frame_00914_155123_855.jpg
clear/frame_00916_155124_856.jpg,clear,train_data/session_20260605_154345/frame_00916_155124_856.jpg
clear/frame_00917_155125_356.jpg,clear,train_data/session_20260605_154345/frame_00917_155125_356.jpg
clear/frame_00918_155125_856.jpg,clear,train_data/session_20260605_154345/frame_00918_155125_856.jpg
clear/frame_00919_155126_356.jpg,clear,train_data/session_20260605_154345/frame_00919_155126_356.jpg
clear/frame_00920_155126_857.jpg,clear,train_data/session_20260605_154345/frame_00920_155126_857.jpg
clear/frame_00921_155127_357.jpg,clear,train_data/session_20260605_154345/frame_00921_155127_357.jpg
clear/frame_00922_155127_857.jpg,clear,train_data/session_20260605_154345/frame_00922_155127_857.jpg
clear/frame_00923_155128_358.jpg,clear,train_data/session_20260605_154345/frame_00923_155128_358.jpg
clear/frame_00924_155128_858.jpg,clear,train_data/session_20260605_154345/frame_00924_155128_858.jpg
clear/frame_00925_155129_358.jpg,clear,train_data/session_20260605_154345/frame_00925_155129_358.jpg
clear/frame_00926_155129_859.jpg,clear,train_data/session_20260605_154345/frame_00926_155129_859.jpg
clear/frame_00929_155131_361.jpg,clear,train_data/session_20260605_154345/frame_00929_155131_361.jpg
clear/frame_00930_155131_861.jpg,clear,train_data/session_20260605_154345/frame_00930_155131_861.jpg
clear/frame_00931_155132_392.jpg,clear,train_data/session_20260605_154345/frame_00931_155132_392.jpg
clear/frame_00934_155133_894.jpg,clear,train_data/session_20260605_154345/frame_00934_155133_894.jpg
clear/frame_00935_155134_396.jpg,clear,train_data/session_20260605_154345/frame_00935_155134_396.jpg
clear/frame_00936_155134_929.jpg,clear,train_data/session_20260605_154345/frame_00936_155134_929.jpg
clear/frame_00938_155135_930.jpg,clear,train_data/session_20260605_154345/frame_00938_155135_930.jpg
clear/frame_00939_155136_430.jpg,clear,train_data/session_20260605_154345/frame_00939_155136_430.jpg
clear/frame_00940_155136_930.jpg,clear,train_data/session_20260605_154345/frame_00940_155136_930.jpg
clear/frame_00942_155137_931.jpg,clear,train_data/session_20260605_154345/frame_00942_155137_931.jpg
clear/frame_00943_155138_432.jpg,clear,train_data/session_20260605_154345/frame_00943_155138_432.jpg
clear/frame_00944_155138_932.jpg,clear,train_data/session_20260605_154345/frame_00944_155138_932.jpg
clear/frame_00945_155139_432.jpg,clear,train_data/session_20260605_154345/frame_00945_155139_432.jpg
clear/frame_00946_155139_932.jpg,clear,train_data/session_20260605_154345/frame_00946_155139_932.jpg
clear/frame_00950_155141_934.jpg,clear,train_data/session_20260605_154345/frame_00950_155141_934.jpg
clear/frame_00951_155142_434.jpg,clear,train_data/session_20260605_154345/frame_00951_155142_434.jpg
clear/frame_00952_155142_935.jpg,clear,train_data/session_20260605_154345/frame_00952_155142_935.jpg
clear/frame_00953_155143_435.jpg,clear,train_data/session_20260605_154345/frame_00953_155143_435.jpg
clear/frame_00956_155144_936.jpg,clear,train_data/session_20260605_154345/frame_00956_155144_936.jpg
clear/frame_00957_155145_436.jpg,clear,train_data/session_20260605_154345/frame_00957_155145_436.jpg
clear/frame_00958_155145_937.jpg,clear,train_data/session_20260605_154345/frame_00958_155145_937.jpg
clear/frame_00960_155146_937.jpg,clear,train_data/session_20260605_154345/frame_00960_155146_937.jpg
clear/frame_00961_155147_438.jpg,clear,train_data/session_20260605_154345/frame_00961_155147_438.jpg
clear/frame_00962_155147_938.jpg,clear,train_data/session_20260605_154345/frame_00962_155147_938.jpg
clear/frame_00963_155148_439.jpg,clear,train_data/session_20260605_154345/frame_00963_155148_439.jpg
clear/frame_00964_155148_939.jpg,clear,train_data/session_20260605_154345/frame_00964_155148_939.jpg
clear/frame_00965_155149_439.jpg,clear,train_data/session_20260605_154345/frame_00965_155149_439.jpg
clear/frame_00967_155150_440.jpg,clear,train_data/session_20260605_154345/frame_00967_155150_440.jpg
clear/frame_00968_155150_940.jpg,clear,train_data/session_20260605_154345/frame_00968_155150_940.jpg
clear/frame_00969_155151_441.jpg,clear,train_data/session_20260605_154345/frame_00969_155151_441.jpg
clear/frame_00971_155152_441.jpg,clear,train_data/session_20260605_154345/frame_00971_155152_441.jpg
clear/frame_00972_155152_942.jpg,clear,train_data/session_20260605_154345/frame_00972_155152_942.jpg
clear/frame_00973_155153_442.jpg,clear,train_data/session_20260605_154345/frame_00973_155153_442.jpg
clear/frame_00975_155154_443.jpg,clear,train_data/session_20260605_154345/frame_00975_155154_443.jpg
clear/frame_00978_155155_943.jpg,clear,train_data/session_20260605_154345/frame_00978_155155_943.jpg
clear/frame_00979_155156_444.jpg,clear,train_data/session_20260605_154345/frame_00979_155156_444.jpg
clear/frame_00983_155158_445.jpg,clear,train_data/session_20260605_154345/frame_00983_155158_445.jpg
clear/frame_00986_155159_946.jpg,clear,train_data/session_20260605_154345/frame_00986_155159_946.jpg
clear/frame_00988_155200_947.jpg,clear,train_data/session_20260605_154345/frame_00988_155200_947.jpg
clear/frame_00990_155201_948.jpg,clear,train_data/session_20260605_154345/frame_00990_155201_948.jpg
clear/frame_00993_155203_448.jpg,clear,train_data/session_20260605_154345/frame_00993_155203_448.jpg
clear/frame_00995_155204_449.jpg,clear,train_data/session_20260605_154345/frame_00995_155204_449.jpg
clear/frame_00996_155204_950.jpg,clear,train_data/session_20260605_154345/frame_00996_155204_950.jpg
clear/frame_00997_155205_450.jpg,clear,train_data/session_20260605_154345/frame_00997_155205_450.jpg
clear/frame_00998_155205_951.jpg,clear,train_data/session_20260605_154345/frame_00998_155205_951.jpg
clear/frame_01000_155206_952.jpg,clear,train_data/session_20260605_154345/frame_01000_155206_952.jpg
clear/frame_01001_155207_451.jpg,clear,train_data/session_20260605_154345/frame_01001_155207_451.jpg
clear/frame_01002_155207_952.jpg,clear,train_data/session_20260605_154345/frame_01002_155207_952.jpg
clear/frame_01003_155208_452.jpg,clear,train_data/session_20260605_154345/frame_01003_155208_452.jpg
clear/frame_01004_155208_953.jpg,clear,train_data/session_20260605_154345/frame_01004_155208_953.jpg
clear/frame_01005_155209_453.jpg,clear,train_data/session_20260605_154345/frame_01005_155209_453.jpg
clear/frame_01007_155210_487.jpg,clear,train_data/session_20260605_154345/frame_01007_155210_487.jpg
clear/frame_01008_155210_988.jpg,clear,train_data/session_20260605_154345/frame_01008_155210_988.jpg
clear/frame_01009_155211_488.jpg,clear,train_data/session_20260605_154345/frame_01009_155211_488.jpg
clear/frame_01010_155211_988.jpg,clear,train_data/session_20260605_154345/frame_01010_155211_988.jpg
clear/frame_01011_155212_488.jpg,clear,train_data/session_20260605_154345/frame_01011_155212_488.jpg
clear/frame_01012_155212_989.jpg,clear,train_data/session_20260605_154345/frame_01012_155212_989.jpg
clear/frame_01013_155213_490.jpg,clear,train_data/session_20260605_154345/frame_01013_155213_490.jpg
clear/frame_01014_155213_990.jpg,clear,train_data/session_20260605_154345/frame_01014_155213_990.jpg
clear/frame_01015_155214_490.jpg,clear,train_data/session_20260605_154345/frame_01015_155214_490.jpg
clear/frame_01016_155214_991.jpg,clear,train_data/session_20260605_154345/frame_01016_155214_991.jpg
clear/frame_01017_155215_490.jpg,clear,train_data/session_20260605_154345/frame_01017_155215_490.jpg
clear/frame_01018_155215_991.jpg,clear,train_data/session_20260605_154345/frame_01018_155215_991.jpg
clear/frame_01020_155216_992.jpg,clear,train_data/session_20260605_154345/frame_01020_155216_992.jpg
clear/frame_01021_155217_492.jpg,clear,train_data/session_20260605_154345/frame_01021_155217_492.jpg
clear/frame_01022_155217_992.jpg,clear,train_data/session_20260605_154345/frame_01022_155217_992.jpg
clear/frame_01023_155218_493.jpg,clear,train_data/session_20260605_154345/frame_01023_155218_493.jpg
clear/frame_01024_155218_993.jpg,clear,train_data/session_20260605_154345/frame_01024_155218_993.jpg
clear/frame_01026_155219_994.jpg,clear,train_data/session_20260605_154345/frame_01026_155219_994.jpg
clear/frame_01027_155220_494.jpg,clear,train_data/session_20260605_154345/frame_01027_155220_494.jpg
clear/frame_01028_155220_995.jpg,clear,train_data/session_20260605_154345/frame_01028_155220_995.jpg
clear/frame_01029_155221_494.jpg,clear,train_data/session_20260605_154345/frame_01029_155221_494.jpg
clear/frame_01030_155221_995.jpg,clear,train_data/session_20260605_154345/frame_01030_155221_995.jpg
clear/frame_01031_155222_495.jpg,clear,train_data/session_20260605_154345/frame_01031_155222_495.jpg
clear/frame_01032_155222_995.jpg,clear,train_data/session_20260605_154345/frame_01032_155222_995.jpg
clear/frame_01034_155223_996.jpg,clear,train_data/session_20260605_154345/frame_01034_155223_996.jpg
clear/frame_01037_155225_498.jpg,clear,train_data/session_20260605_154345/frame_01037_155225_498.jpg
clear/frame_01038_155225_998.jpg,clear,train_data/session_20260605_154345/frame_01038_155225_998.jpg
clear/frame_01039_155226_498.jpg,clear,train_data/session_20260605_154345/frame_01039_155226_498.jpg
clear/frame_01040_155226_999.jpg,clear,train_data/session_20260605_154345/frame_01040_155226_999.jpg
clear/frame_01041_155227_499.jpg,clear,train_data/session_20260605_154345/frame_01041_155227_499.jpg
clear/frame_01043_155228_500.jpg,clear,train_data/session_20260605_154345/frame_01043_155228_500.jpg
clear/frame_01044_155229_000.jpg,clear,train_data/session_20260605_154345/frame_01044_155229_000.jpg
clear/frame_01045_155229_500.jpg,clear,train_data/session_20260605_154345/frame_01045_155229_500.jpg
clear/frame_01046_155230_001.jpg,clear,train_data/session_20260605_154345/frame_01046_155230_001.jpg
clear/frame_01047_155230_501.jpg,clear,train_data/session_20260605_154345/frame_01047_155230_501.jpg
clear/frame_01048_155231_001.jpg,clear,train_data/session_20260605_154345/frame_01048_155231_001.jpg
clear/frame_01049_155231_501.jpg,clear,train_data/session_20260605_154345/frame_01049_155231_501.jpg
clear/frame_01052_155233_003.jpg,clear,train_data/session_20260605_154345/frame_01052_155233_003.jpg
clear/frame_01053_155233_503.jpg,clear,train_data/session_20260605_154345/frame_01053_155233_503.jpg
clear/frame_01054_155234_003.jpg,clear,train_data/session_20260605_154345/frame_01054_155234_003.jpg
clear/frame_01055_155234_504.jpg,clear,train_data/session_20260605_154345/frame_01055_155234_504.jpg
clear/frame_01056_155235_004.jpg,clear,train_data/session_20260605_154345/frame_01056_155235_004.jpg
clear/frame_01057_155235_538.jpg,clear,train_data/session_20260605_154345/frame_01057_155235_538.jpg
clear/frame_01059_155236_538.jpg,clear,train_data/session_20260605_154345/frame_01059_155236_538.jpg
clear/frame_01064_155239_040.jpg,clear,train_data/session_20260605_154345/frame_01064_155239_040.jpg
clear/frame_01067_155240_541.jpg,clear,train_data/session_20260605_154345/frame_01067_155240_541.jpg
clear/frame_01069_155241_542.jpg,clear,train_data/session_20260605_154345/frame_01069_155241_542.jpg
clear/frame_01072_155243_043.jpg,clear,train_data/session_20260605_154345/frame_01072_155243_043.jpg
clear/frame_01073_155243_543.jpg,clear,train_data/session_20260605_154345/frame_01073_155243_543.jpg
clear/frame_01075_155244_544.jpg,clear,train_data/session_20260605_154345/frame_01075_155244_544.jpg
clear/frame_01076_155245_045.jpg,clear,train_data/session_20260605_154345/frame_01076_155245_045.jpg
clear/frame_01079_155246_545.jpg,clear,train_data/session_20260605_154345/frame_01079_155246_545.jpg
clear/frame_01084_155249_047.jpg,clear,train_data/session_20260605_154345/frame_01084_155249_047.jpg
clear/frame_01085_155249_548.jpg,clear,train_data/session_20260605_154345/frame_01085_155249_548.jpg
clear/frame_01086_155250_048.jpg,clear,train_data/session_20260605_154345/frame_01086_155250_048.jpg
clear/frame_01087_155250_548.jpg,clear,train_data/session_20260605_154345/frame_01087_155250_548.jpg
clear/frame_01091_155252_550.jpg,clear,train_data/session_20260605_154345/frame_01091_155252_550.jpg
clear/frame_01092_155253_050.jpg,clear,train_data/session_20260605_154345/frame_01092_155253_050.jpg
clear/frame_01095_155254_552.jpg,clear,train_data/session_20260605_154345/frame_01095_155254_552.jpg
clear/frame_01096_155255_051.jpg,clear,train_data/session_20260605_154345/frame_01096_155255_051.jpg
clear/frame_01098_155256_052.jpg,clear,train_data/session_20260605_154345/frame_01098_155256_052.jpg
clear/frame_01106_155300_055.jpg,clear,train_data/session_20260605_154345/frame_01106_155300_055.jpg
clear/frame_01110_155302_056.jpg,clear,train_data/session_20260605_154345/frame_01110_155302_056.jpg
clear/frame_01112_155303_057.jpg,clear,train_data/session_20260605_154345/frame_01112_155303_057.jpg
clear/frame_01113_155303_557.jpg,clear,train_data/session_20260605_154345/frame_01113_155303_557.jpg
clear/frame_01118_155306_059.jpg,clear,train_data/session_20260605_154345/frame_01118_155306_059.jpg
clear/frame_01130_155312_096.jpg,clear,train_data/session_20260605_154345/frame_01130_155312_096.jpg
clear/frame_01131_155312_597.jpg,clear,train_data/session_20260605_154345/frame_01131_155312_597.jpg
clear/frame_01136_155315_099.jpg,clear,train_data/session_20260605_154345/frame_01136_155315_099.jpg
clear/frame_01141_155317_600.jpg,clear,train_data/session_20260605_154345/frame_01141_155317_600.jpg
clear/frame_01146_155320_135.jpg,clear,train_data/session_20260605_154345/frame_01146_155320_135.jpg
clear/frame_01147_155320_635.jpg,clear,train_data/session_20260605_154345/frame_01147_155320_635.jpg
clear/frame_01152_155323_137.jpg,clear,train_data/session_20260605_154345/frame_01152_155323_137.jpg
clear/frame_01153_155323_638.jpg,clear,train_data/session_20260605_154345/frame_01153_155323_638.jpg
clear/frame_01156_155325_139.jpg,clear,train_data/session_20260605_154345/frame_01156_155325_139.jpg
clear/frame_01159_155326_640.jpg,clear,train_data/session_20260605_154345/frame_01159_155326_640.jpg
clear/frame_01160_155327_140.jpg,clear,train_data/session_20260605_154345/frame_01160_155327_140.jpg
clear/frame_01161_155327_641.jpg,clear,train_data/session_20260605_154345/frame_01161_155327_641.jpg
clear/frame_01164_155329_141.jpg,clear,train_data/session_20260605_154345/frame_01164_155329_141.jpg
clear/frame_01166_155330_142.jpg,clear,train_data/session_20260605_154345/frame_01166_155330_142.jpg
clear/frame_01167_155330_643.jpg,clear,train_data/session_20260605_154345/frame_01167_155330_643.jpg
clear/frame_01169_155331_643.jpg,clear,train_data/session_20260605_154345/frame_01169_155331_643.jpg
clear/frame_01170_155332_144.jpg,clear,train_data/session_20260605_154345/frame_01170_155332_144.jpg
clear/frame_01171_155332_644.jpg,clear,train_data/session_20260605_154345/frame_01171_155332_644.jpg
clear/frame_01172_155333_144.jpg,clear,train_data/session_20260605_154345/frame_01172_155333_144.jpg
clear/frame_01174_155334_145.jpg,clear,train_data/session_20260605_154345/frame_01174_155334_145.jpg
clear/frame_01175_155334_646.jpg,clear,train_data/session_20260605_154345/frame_01175_155334_646.jpg
clear/frame_01176_155335_178.jpg,clear,train_data/session_20260605_154345/frame_01176_155335_178.jpg
clear/frame_01179_155336_713.jpg,clear,train_data/session_20260605_154345/frame_01179_155336_713.jpg
clear/frame_01181_155337_714.jpg,clear,train_data/session_20260605_154345/frame_01181_155337_714.jpg
clear/frame_01183_155338_714.jpg,clear,train_data/session_20260605_154345/frame_01183_155338_714.jpg
clear/frame_01185_155339_716.jpg,clear,train_data/session_20260605_154345/frame_01185_155339_716.jpg
clear/frame_01187_155340_716.jpg,clear,train_data/session_20260605_154345/frame_01187_155340_716.jpg
clear/frame_01188_155341_217.jpg,clear,train_data/session_20260605_154345/frame_01188_155341_217.jpg
clear/frame_01189_155341_717.jpg,clear,train_data/session_20260605_154345/frame_01189_155341_717.jpg
clear/frame_01192_155343_218.jpg,clear,train_data/session_20260605_154345/frame_01192_155343_218.jpg
clear/frame_01194_155344_218.jpg,clear,train_data/session_20260605_154345/frame_01194_155344_218.jpg
clear/frame_01195_155344_719.jpg,clear,train_data/session_20260605_154345/frame_01195_155344_719.jpg
clear/frame_01200_155347_220.jpg,clear,train_data/session_20260605_154345/frame_01200_155347_220.jpg
clear/frame_01201_155347_721.jpg,clear,train_data/session_20260605_154345/frame_01201_155347_721.jpg
clear/frame_01205_155349_723.jpg,clear,train_data/session_20260605_154345/frame_01205_155349_723.jpg
clear/frame_01211_155352_724.jpg,clear,train_data/session_20260605_154345/frame_01211_155352_724.jpg
clear/frame_01212_155353_224.jpg,clear,train_data/session_20260605_154345/frame_01212_155353_224.jpg
clear/frame_01213_155353_725.jpg,clear,train_data/session_20260605_154345/frame_01213_155353_725.jpg
clear/frame_01216_155355_226.jpg,clear,train_data/session_20260605_154345/frame_01216_155355_226.jpg
clear/frame_01217_155355_726.jpg,clear,train_data/session_20260605_154345/frame_01217_155355_726.jpg
clear/frame_01218_155356_227.jpg,clear,train_data/session_20260605_154345/frame_01218_155356_227.jpg
clear/frame_01221_155357_728.jpg,clear,train_data/session_20260605_154345/frame_01221_155357_728.jpg
clear/frame_01222_155358_228.jpg,clear,train_data/session_20260605_154345/frame_01222_155358_228.jpg
clear/frame_01225_155359_729.jpg,clear,train_data/session_20260605_154345/frame_01225_155359_729.jpg
clear/frame_01226_155400_229.jpg,clear,train_data/session_20260605_154345/frame_01226_155400_229.jpg
clear/frame_01227_155400_730.jpg,clear,train_data/session_20260605_154345/frame_01227_155400_730.jpg
clear/frame_01228_155401_231.jpg,clear,train_data/session_20260605_154345/frame_01228_155401_231.jpg
clear/frame_01229_155401_730.jpg,clear,train_data/session_20260605_154345/frame_01229_155401_730.jpg
clear/frame_01230_155402_231.jpg,clear,train_data/session_20260605_154345/frame_01230_155402_231.jpg
clear/frame_01231_155402_731.jpg,clear,train_data/session_20260605_154345/frame_01231_155402_731.jpg
clear/frame_01232_155403_232.jpg,clear,train_data/session_20260605_154345/frame_01232_155403_232.jpg
clear/frame_01233_155403_732.jpg,clear,train_data/session_20260605_154345/frame_01233_155403_732.jpg
clear/frame_01236_155405_233.jpg,clear,train_data/session_20260605_154345/frame_01236_155405_233.jpg
clear/frame_01237_155405_734.jpg,clear,train_data/session_20260605_154345/frame_01237_155405_734.jpg
clear/frame_01238_155406_267.jpg,clear,train_data/session_20260605_154345/frame_01238_155406_267.jpg
clear/frame_01241_155407_768.jpg,clear,train_data/session_20260605_154345/frame_01241_155407_768.jpg
clear/frame_01243_155408_769.jpg,clear,train_data/session_20260605_154345/frame_01243_155408_769.jpg
clear/frame_01245_155409_803.jpg,clear,train_data/session_20260605_154345/frame_01245_155409_803.jpg
clear/frame_01246_155410_303.jpg,clear,train_data/session_20260605_154345/frame_01246_155410_303.jpg
clear/frame_01247_155410_804.jpg,clear,train_data/session_20260605_154345/frame_01247_155410_804.jpg
clear/frame_01248_155411_304.jpg,clear,train_data/session_20260605_154345/frame_01248_155411_304.jpg
clear/frame_01253_155413_805.jpg,clear,train_data/session_20260605_154345/frame_01253_155413_805.jpg
clear/frame_01254_155414_306.jpg,clear,train_data/session_20260605_154345/frame_01254_155414_306.jpg
clear/frame_01256_155415_307.jpg,clear,train_data/session_20260605_154345/frame_01256_155415_307.jpg
clear/frame_01258_155416_308.jpg,clear,train_data/session_20260605_154345/frame_01258_155416_308.jpg
clear/frame_01259_155416_808.jpg,clear,train_data/session_20260605_154345/frame_01259_155416_808.jpg
clear/frame_01261_155417_809.jpg,clear,train_data/session_20260605_154345/frame_01261_155417_809.jpg
clear/frame_01262_155418_309.jpg,clear,train_data/session_20260605_154345/frame_01262_155418_309.jpg
clear/frame_01264_155419_310.jpg,clear,train_data/session_20260605_154345/frame_01264_155419_310.jpg
clear/frame_01265_155419_810.jpg,clear,train_data/session_20260605_154345/frame_01265_155419_810.jpg
clear/frame_01268_155421_311.jpg,clear,train_data/session_20260605_154345/frame_01268_155421_311.jpg
clear/frame_01269_155421_811.jpg,clear,train_data/session_20260605_154345/frame_01269_155421_811.jpg
clear/frame_01270_155422_311.jpg,clear,train_data/session_20260605_154345/frame_01270_155422_311.jpg
clear/frame_01272_155423_312.jpg,clear,train_data/session_20260605_154345/frame_01272_155423_312.jpg
clear/frame_01273_155423_813.jpg,clear,train_data/session_20260605_154345/frame_01273_155423_813.jpg
clear/frame_01274_155424_313.jpg,clear,train_data/session_20260605_154345/frame_01274_155424_313.jpg
clear/frame_01275_155424_813.jpg,clear,train_data/session_20260605_154345/frame_01275_155424_813.jpg
clear/frame_01278_155426_314.jpg,clear,train_data/session_20260605_154345/frame_01278_155426_314.jpg
clear/frame_01279_155426_814.jpg,clear,train_data/session_20260605_154345/frame_01279_155426_814.jpg
clear/frame_01282_155428_316.jpg,clear,train_data/session_20260605_154345/frame_01282_155428_316.jpg
clear/frame_01283_155428_816.jpg,clear,train_data/session_20260605_154345/frame_01283_155428_816.jpg
clear/frame_01284_155429_316.jpg,clear,train_data/session_20260605_154345/frame_01284_155429_316.jpg
clear/frame_01286_155430_317.jpg,clear,train_data/session_20260605_154345/frame_01286_155430_317.jpg
clear/frame_01287_155430_817.jpg,clear,train_data/session_20260605_154345/frame_01287_155430_817.jpg
clear/frame_01289_155431_818.jpg,clear,train_data/session_20260605_154345/frame_01289_155431_818.jpg
clear/frame_01290_155432_318.jpg,clear,train_data/session_20260605_154345/frame_01290_155432_318.jpg
clear/frame_01292_155433_319.jpg,clear,train_data/session_20260605_154345/frame_01292_155433_319.jpg
clear/frame_01293_155433_819.jpg,clear,train_data/session_20260605_154345/frame_01293_155433_819.jpg
clear/frame_01295_155434_820.jpg,clear,train_data/session_20260605_154345/frame_01295_155434_820.jpg
clear/frame_01296_155435_321.jpg,clear,train_data/session_20260605_154345/frame_01296_155435_321.jpg
clear/frame_01297_155435_821.jpg,clear,train_data/session_20260605_154345/frame_01297_155435_821.jpg
clear/frame_01300_155437_322.jpg,clear,train_data/session_20260605_154345/frame_01300_155437_322.jpg
clear/frame_01301_155437_822.jpg,clear,train_data/session_20260605_154345/frame_01301_155437_822.jpg
clear/frame_01302_155438_323.jpg,clear,train_data/session_20260605_154345/frame_01302_155438_323.jpg
clear/frame_01303_155438_823.jpg,clear,train_data/session_20260605_154345/frame_01303_155438_823.jpg
clear/frame_01304_155439_323.jpg,clear,train_data/session_20260605_154345/frame_01304_155439_323.jpg
clear/frame_01305_155439_824.jpg,clear,train_data/session_20260605_154345/frame_01305_155439_824.jpg
clear/frame_01306_155440_324.jpg,clear,train_data/session_20260605_154345/frame_01306_155440_324.jpg
clear/frame_01307_155440_825.jpg,clear,train_data/session_20260605_154345/frame_01307_155440_825.jpg
clear/frame_01310_155442_325.jpg,clear,train_data/session_20260605_154345/frame_01310_155442_325.jpg
clear/frame_01311_155442_826.jpg,clear,train_data/session_20260605_154345/frame_01311_155442_826.jpg
clear/frame_01312_155443_326.jpg,clear,train_data/session_20260605_154345/frame_01312_155443_326.jpg
clear/frame_01315_155444_827.jpg,clear,train_data/session_20260605_154345/frame_01315_155444_827.jpg
clear/frame_01319_155446_829.jpg,clear,train_data/session_20260605_154345/frame_01319_155446_829.jpg
clear/frame_01323_155448_831.jpg,clear,train_data/session_20260605_154345/frame_01323_155448_831.jpg
clear/frame_01325_155449_831.jpg,clear,train_data/session_20260605_154345/frame_01325_155449_831.jpg
clear/frame_01327_155450_831.jpg,clear,train_data/session_20260605_154345/frame_01327_155450_831.jpg
clear/frame_01328_155451_363.jpg,clear,train_data/session_20260605_154345/frame_01328_155451_363.jpg
clear/frame_01331_155452_866.jpg,clear,train_data/session_20260605_154345/frame_01331_155452_866.jpg
clear/frame_01333_155453_867.jpg,clear,train_data/session_20260605_154345/frame_01333_155453_867.jpg
clear/frame_01336_155455_367.jpg,clear,train_data/session_20260605_154345/frame_01336_155455_367.jpg
clear/frame_01338_155456_369.jpg,clear,train_data/session_20260605_154345/frame_01338_155456_369.jpg
clear/frame_01343_155458_870.jpg,clear,train_data/session_20260605_154345/frame_01343_155458_870.jpg
clear/frame_01344_155459_371.jpg,clear,train_data/session_20260605_154345/frame_01344_155459_371.jpg
clear/frame_01346_155500_371.jpg,clear,train_data/session_20260605_154345/frame_01346_155500_371.jpg
clear/frame_01347_155500_871.jpg,clear,train_data/session_20260605_154345/frame_01347_155500_871.jpg
clear/frame_01349_155501_872.jpg,clear,train_data/session_20260605_154345/frame_01349_155501_872.jpg
clear/frame_01350_155502_373.jpg,clear,train_data/session_20260605_154345/frame_01350_155502_373.jpg
clear/frame_01351_155502_873.jpg,clear,train_data/session_20260605_154345/frame_01351_155502_873.jpg
clear/frame_01352_155503_374.jpg,clear,train_data/session_20260605_154345/frame_01352_155503_374.jpg
clear/frame_01357_155505_875.jpg,clear,train_data/session_20260605_154345/frame_01357_155505_875.jpg
clear/frame_01358_155506_376.jpg,clear,train_data/session_20260605_154345/frame_01358_155506_376.jpg
clear/frame_01360_155507_376.jpg,clear,train_data/session_20260605_154345/frame_01360_155507_376.jpg
clear/frame_01361_155507_876.jpg,clear,train_data/session_20260605_154345/frame_01361_155507_876.jpg
clear/frame_01363_155508_877.jpg,clear,train_data/session_20260605_154345/frame_01363_155508_877.jpg
clear/frame_01365_155509_878.jpg,clear,train_data/session_20260605_154345/frame_01365_155509_878.jpg
clear/frame_01366_155510_378.jpg,clear,train_data/session_20260605_154345/frame_01366_155510_378.jpg
clear/frame_01369_155511_879.jpg,clear,train_data/session_20260605_154345/frame_01369_155511_879.jpg
clear/frame_01370_155512_380.jpg,clear,train_data/session_20260605_154345/frame_01370_155512_380.jpg
clear/frame_01372_155513_380.jpg,clear,train_data/session_20260605_154345/frame_01372_155513_380.jpg
clear/frame_01374_155514_381.jpg,clear,train_data/session_20260605_154345/frame_01374_155514_381.jpg
clear/frame_01375_155514_881.jpg,clear,train_data/session_20260605_154345/frame_01375_155514_881.jpg
clear/frame_01378_155516_382.jpg,clear,train_data/session_20260605_154345/frame_01378_155516_382.jpg
clear/frame_01379_155516_883.jpg,clear,train_data/session_20260605_154345/frame_01379_155516_883.jpg
clear/frame_01380_155517_383.jpg,clear,train_data/session_20260605_154345/frame_01380_155517_383.jpg
clear/frame_01381_155517_883.jpg,clear,train_data/session_20260605_154345/frame_01381_155517_883.jpg
clear/frame_01382_155518_384.jpg,clear,train_data/session_20260605_154345/frame_01382_155518_384.jpg
clear/frame_01383_155518_884.jpg,clear,train_data/session_20260605_154345/frame_01383_155518_884.jpg
clear/frame_01384_155519_384.jpg,clear,train_data/session_20260605_154345/frame_01384_155519_384.jpg
clear/frame_01385_155519_884.jpg,clear,train_data/session_20260605_154345/frame_01385_155519_884.jpg
clear/frame_01386_155520_386.jpg,clear,train_data/session_20260605_154345/frame_01386_155520_386.jpg
clear/frame_01391_155522_887.jpg,clear,train_data/session_20260605_154345/frame_01391_155522_887.jpg
clear/frame_01393_155523_888.jpg,clear,train_data/session_20260605_154345/frame_01393_155523_888.jpg
clear/frame_01395_155524_888.jpg,clear,train_data/session_20260605_154345/frame_01395_155524_888.jpg
clear/frame_01396_155525_389.jpg,clear,train_data/session_20260605_154345/frame_01396_155525_389.jpg
clear/frame_01400_155527_390.jpg,clear,train_data/session_20260605_154345/frame_01400_155527_390.jpg
clear/frame_01401_155527_890.jpg,clear,train_data/session_20260605_154345/frame_01401_155527_890.jpg
clear/frame_01402_155528_390.jpg,clear,train_data/session_20260605_154345/frame_01402_155528_390.jpg
clear/frame_01410_155532_393.jpg,clear,train_data/session_20260605_154345/frame_01410_155532_393.jpg
clear/frame_01419_155536_896.jpg,clear,train_data/session_20260605_154345/frame_01419_155536_896.jpg
clear/frame_01420_155537_397.jpg,clear,train_data/session_20260605_154345/frame_01420_155537_397.jpg
clear/frame_01424_155539_398.jpg,clear,train_data/session_20260605_154345/frame_01424_155539_398.jpg
clear/frame_01427_155540_899.jpg,clear,train_data/session_20260605_154345/frame_01427_155540_899.jpg
clear/frame_01428_155541_400.jpg,clear,train_data/session_20260605_154345/frame_01428_155541_400.jpg
clear/frame_01434_155544_402.jpg,clear,train_data/session_20260605_154345/frame_01434_155544_402.jpg
clear/frame_01435_155544_902.jpg,clear,train_data/session_20260605_154345/frame_01435_155544_902.jpg
clear/frame_01447_155550_971.jpg,clear,train_data/session_20260605_154345/frame_01447_155550_971.jpg
clear/frame_01455_155555_042.jpg,clear,train_data/session_20260605_154345/frame_01455_155555_042.jpg
clear/frame_01458_155556_544.jpg,clear,train_data/session_20260605_154345/frame_01458_155556_544.jpg
clear/frame_01459_155557_043.jpg,clear,train_data/session_20260605_154345/frame_01459_155557_043.jpg
clear/frame_01461_155558_044.jpg,clear,train_data/session_20260605_154345/frame_01461_155558_044.jpg
clear/frame_01464_155559_579.jpg,clear,train_data/session_20260605_154345/frame_01464_155559_579.jpg
clear/frame_01466_155600_613.jpg,clear,train_data/session_20260605_154345/frame_01466_155600_613.jpg
clear/frame_01469_155602_114.jpg,clear,train_data/session_20260605_154345/frame_01469_155602_114.jpg
clear/frame_01470_155602_614.jpg,clear,train_data/session_20260605_154345/frame_01470_155602_614.jpg
clear/frame_01477_155606_116.jpg,clear,train_data/session_20260605_154345/frame_01477_155606_116.jpg
clear/frame_01481_155608_118.jpg,clear,train_data/session_20260605_154345/frame_01481_155608_118.jpg
clear/frame_01482_155608_618.jpg,clear,train_data/session_20260605_154345/frame_01482_155608_618.jpg
clear/frame_01485_155610_119.jpg,clear,train_data/session_20260605_154345/frame_01485_155610_119.jpg
clear/frame_01487_155611_120.jpg,clear,train_data/session_20260605_154345/frame_01487_155611_120.jpg
clear/frame_01488_155611_620.jpg,clear,train_data/session_20260605_154345/frame_01488_155611_620.jpg
clear/frame_01492_155613_621.jpg,clear,train_data/session_20260605_154345/frame_01492_155613_621.jpg
clear/frame_01495_155615_123.jpg,clear,train_data/session_20260605_154345/frame_01495_155615_123.jpg
clear/frame_01497_155616_123.jpg,clear,train_data/session_20260605_154345/frame_01497_155616_123.jpg
clear/frame_01498_155616_656.jpg,clear,train_data/session_20260605_154345/frame_01498_155616_656.jpg
clear/frame_01499_155617_158.jpg,clear,train_data/session_20260605_154345/frame_01499_155617_158.jpg
clear/frame_01500_155617_658.jpg,clear,train_data/session_20260605_154345/frame_01500_155617_658.jpg
clear/frame_01501_155618_158.jpg,clear,train_data/session_20260605_154345/frame_01501_155618_158.jpg
clear/frame_01502_155618_658.jpg,clear,train_data/session_20260605_154345/frame_01502_155618_658.jpg
clear/frame_01503_155619_159.jpg,clear,train_data/session_20260605_154345/frame_01503_155619_159.jpg
clear/frame_01504_155619_659.jpg,clear,train_data/session_20260605_154345/frame_01504_155619_659.jpg
clear/frame_01505_155620_159.jpg,clear,train_data/session_20260605_154345/frame_01505_155620_159.jpg
clear/frame_01506_155620_660.jpg,clear,train_data/session_20260605_154345/frame_01506_155620_660.jpg
clear/frame_01507_155621_192.jpg,clear,train_data/session_20260605_154345/frame_01507_155621_192.jpg
clear/frame_01508_155621_691.jpg,clear,train_data/session_20260605_154345/frame_01508_155621_691.jpg
clear/frame_01509_155622_195.jpg,clear,train_data/session_20260605_154345/frame_01509_155622_195.jpg
clear/frame_01510_155622_695.jpg,clear,train_data/session_20260605_154345/frame_01510_155622_695.jpg
clear/frame_01511_155623_195.jpg,clear,train_data/session_20260605_154345/frame_01511_155623_195.jpg
clear/frame_01512_155623_695.jpg,clear,train_data/session_20260605_154345/frame_01512_155623_695.jpg
clear/frame_01513_155624_196.jpg,clear,train_data/session_20260605_154345/frame_01513_155624_196.jpg
clear/frame_01514_155624_696.jpg,clear,train_data/session_20260605_154345/frame_01514_155624_696.jpg
clear/frame_01515_155625_197.jpg,clear,train_data/session_20260605_154345/frame_01515_155625_197.jpg
clear/frame_01516_155625_697.jpg,clear,train_data/session_20260605_154345/frame_01516_155625_697.jpg
clear/frame_01517_155626_197.jpg,clear,train_data/session_20260605_154345/frame_01517_155626_197.jpg
clear/frame_01518_155626_697.jpg,clear,train_data/session_20260605_154345/frame_01518_155626_697.jpg
clear/frame_01519_155627_198.jpg,clear,train_data/session_20260605_154345/frame_01519_155627_198.jpg
clear/frame_01520_155627_698.jpg,clear,train_data/session_20260605_154345/frame_01520_155627_698.jpg
clear/frame_01521_155628_198.jpg,clear,train_data/session_20260605_154345/frame_01521_155628_198.jpg
clear/frame_01522_155628_699.jpg,clear,train_data/session_20260605_154345/frame_01522_155628_699.jpg
clear/frame_01523_155629_199.jpg,clear,train_data/session_20260605_154345/frame_01523_155629_199.jpg
clear/frame_01531_155633_202.jpg,clear,train_data/session_20260605_154345/frame_01531_155633_202.jpg
clear/frame_01535_155635_204.jpg,clear,train_data/session_20260605_154345/frame_01535_155635_204.jpg
clear/frame_01536_155635_704.jpg,clear,train_data/session_20260605_154345/frame_01536_155635_704.jpg
clear/frame_01537_155636_204.jpg,clear,train_data/session_20260605_154345/frame_01537_155636_204.jpg
clear/frame_01539_155637_205.jpg,clear,train_data/session_20260605_154345/frame_01539_155637_205.jpg
clear/frame_01546_155640_707.jpg,clear,train_data/session_20260605_154345/frame_01546_155640_707.jpg
clear/frame_01547_155641_208.jpg,clear,train_data/session_20260605_154345/frame_01547_155641_208.jpg
clear/frame_01548_155641_708.jpg,clear,train_data/session_20260605_154345/frame_01548_155641_708.jpg
clear/frame_01550_155642_708.jpg,clear,train_data/session_20260605_154345/frame_01550_155642_708.jpg
clear/frame_01551_155643_209.jpg,clear,train_data/session_20260605_154345/frame_01551_155643_209.jpg
clear/frame_01552_155643_709.jpg,clear,train_data/session_20260605_154345/frame_01552_155643_709.jpg
clear/frame_01553_155644_210.jpg,clear,train_data/session_20260605_154345/frame_01553_155644_210.jpg
clear/frame_01554_155644_710.jpg,clear,train_data/session_20260605_154345/frame_01554_155644_710.jpg
clear/frame_01555_155645_211.jpg,clear,train_data/session_20260605_154345/frame_01555_155645_211.jpg
clear/frame_01563_155649_213.jpg,clear,train_data/session_20260605_154345/frame_01563_155649_213.jpg
clear/frame_01564_155649_714.jpg,clear,train_data/session_20260605_154345/frame_01564_155649_714.jpg
clear/frame_01566_155650_714.jpg,clear,train_data/session_20260605_154345/frame_01566_155650_714.jpg
clear/frame_01567_155651_214.jpg,clear,train_data/session_20260605_154345/frame_01567_155651_214.jpg
clear/frame_01568_155651_715.jpg,clear,train_data/session_20260605_154345/frame_01568_155651_715.jpg
clear/frame_01569_155652_215.jpg,clear,train_data/session_20260605_154345/frame_01569_155652_215.jpg
clear/frame_01570_155652_715.jpg,clear,train_data/session_20260605_154345/frame_01570_155652_715.jpg
clear/frame_01572_155653_716.jpg,clear,train_data/session_20260605_154345/frame_01572_155653_716.jpg
clear/frame_01573_155654_216.jpg,clear,train_data/session_20260605_154345/frame_01573_155654_216.jpg
clear/frame_01574_155654_717.jpg,clear,train_data/session_20260605_154345/frame_01574_155654_717.jpg
clear/frame_01575_155655_217.jpg,clear,train_data/session_20260605_154345/frame_01575_155655_217.jpg
clear/frame_01576_155655_718.jpg,clear,train_data/session_20260605_154345/frame_01576_155655_718.jpg
clear/frame_01577_155656_218.jpg,clear,train_data/session_20260605_154345/frame_01577_155656_218.jpg
clear/frame_01578_155656_719.jpg,clear,train_data/session_20260605_154345/frame_01578_155656_719.jpg
clear/frame_01579_155657_218.jpg,clear,train_data/session_20260605_154345/frame_01579_155657_218.jpg
clear/frame_01581_155658_220.jpg,clear,train_data/session_20260605_154345/frame_01581_155658_220.jpg
clear/frame_01582_155658_720.jpg,clear,train_data/session_20260605_154345/frame_01582_155658_720.jpg
clear/frame_01583_155659_220.jpg,clear,train_data/session_20260605_154345/frame_01583_155659_220.jpg
clear/frame_01584_155659_721.jpg,clear,train_data/session_20260605_154345/frame_01584_155659_721.jpg
clear/frame_01585_155700_220.jpg,clear,train_data/session_20260605_154345/frame_01585_155700_220.jpg
clear/frame_01586_155700_721.jpg,clear,train_data/session_20260605_154345/frame_01586_155700_721.jpg
clear/frame_01587_155701_222.jpg,clear,train_data/session_20260605_154345/frame_01587_155701_222.jpg
clear/frame_01588_155701_722.jpg,clear,train_data/session_20260605_154345/frame_01588_155701_722.jpg
clear/frame_01589_155702_222.jpg,clear,train_data/session_20260605_154345/frame_01589_155702_222.jpg
clear/frame_01591_155703_223.jpg,clear,train_data/session_20260605_154345/frame_01591_155703_223.jpg
clear/frame_01592_155703_723.jpg,clear,train_data/session_20260605_154345/frame_01592_155703_723.jpg
clear/frame_01593_155704_224.jpg,clear,train_data/session_20260605_154345/frame_01593_155704_224.jpg
clear/frame_01594_155704_724.jpg,clear,train_data/session_20260605_154345/frame_01594_155704_724.jpg
clear/frame_01595_155705_225.jpg,clear,train_data/session_20260605_154345/frame_01595_155705_225.jpg
clear/frame_01596_155705_725.jpg,clear,train_data/session_20260605_154345/frame_01596_155705_725.jpg
clear/frame_01597_155706_225.jpg,clear,train_data/session_20260605_154345/frame_01597_155706_225.jpg
clear/frame_01602_155708_726.jpg,clear,train_data/session_20260605_154345/frame_01602_155708_726.jpg
clear/frame_01603_155709_227.jpg,clear,train_data/session_20260605_154345/frame_01603_155709_227.jpg
clear/frame_01604_155709_728.jpg,clear,train_data/session_20260605_154345/frame_01604_155709_728.jpg
clear/frame_01605_155710_227.jpg,clear,train_data/session_20260605_154345/frame_01605_155710_227.jpg
clear/frame_01606_155710_728.jpg,clear,train_data/session_20260605_154345/frame_01606_155710_728.jpg
clear/frame_01607_155711_228.jpg,clear,train_data/session_20260605_154345/frame_01607_155711_228.jpg
clear/frame_01608_155711_729.jpg,clear,train_data/session_20260605_154345/frame_01608_155711_729.jpg
clear/frame_01609_155712_229.jpg,clear,train_data/session_20260605_154345/frame_01609_155712_229.jpg
clear/frame_01610_155712_729.jpg,clear,train_data/session_20260605_154345/frame_01610_155712_729.jpg
clear/frame_01611_155713_229.jpg,clear,train_data/session_20260605_154345/frame_01611_155713_229.jpg
clear/frame_01612_155713_730.jpg,clear,train_data/session_20260605_154345/frame_01612_155713_730.jpg
clear/frame_01613_155714_230.jpg,clear,train_data/session_20260605_154345/frame_01613_155714_230.jpg
clear/frame_01614_155714_731.jpg,clear,train_data/session_20260605_154345/frame_01614_155714_731.jpg
clear/frame_01615_155715_231.jpg,clear,train_data/session_20260605_154345/frame_01615_155715_231.jpg
clear/frame_01616_155715_732.jpg,clear,train_data/session_20260605_154345/frame_01616_155715_732.jpg
clear/frame_01617_155716_232.jpg,clear,train_data/session_20260605_154345/frame_01617_155716_232.jpg
clear/frame_01619_155717_232.jpg,clear,train_data/session_20260605_154345/frame_01619_155717_232.jpg
clear/frame_01620_155717_733.jpg,clear,train_data/session_20260605_154345/frame_01620_155717_733.jpg
clear/frame_01622_155718_734.jpg,clear,train_data/session_20260605_154345/frame_01622_155718_734.jpg
clear/frame_01623_155719_234.jpg,clear,train_data/session_20260605_154345/frame_01623_155719_234.jpg
clear/frame_01624_155719_734.jpg,clear,train_data/session_20260605_154345/frame_01624_155719_734.jpg
clear/frame_01625_155720_235.jpg,clear,train_data/session_20260605_154345/frame_01625_155720_235.jpg
clear/frame_01626_155720_735.jpg,clear,train_data/session_20260605_154345/frame_01626_155720_735.jpg
clear/frame_01627_155721_235.jpg,clear,train_data/session_20260605_154345/frame_01627_155721_235.jpg
clear/frame_01628_155721_735.jpg,clear,train_data/session_20260605_154345/frame_01628_155721_735.jpg
clear/frame_01632_155723_737.jpg,clear,train_data/session_20260605_154345/frame_01632_155723_737.jpg
clear/frame_01633_155724_237.jpg,clear,train_data/session_20260605_154345/frame_01633_155724_237.jpg
clear/frame_01634_155724_737.jpg,clear,train_data/session_20260605_154345/frame_01634_155724_737.jpg
clear/frame_01635_155725_238.jpg,clear,train_data/session_20260605_154345/frame_01635_155725_238.jpg
clear/frame_01637_155726_239.jpg,clear,train_data/session_20260605_154345/frame_01637_155726_239.jpg
clear/frame_01638_155726_739.jpg,clear,train_data/session_20260605_154345/frame_01638_155726_739.jpg
clear/frame_01639_155727_240.jpg,clear,train_data/session_20260605_154345/frame_01639_155727_240.jpg
clear/frame_01640_155727_740.jpg,clear,train_data/session_20260605_154345/frame_01640_155727_740.jpg
clear/frame_01641_155728_241.jpg,clear,train_data/session_20260605_154345/frame_01641_155728_241.jpg
clear/frame_01642_155728_741.jpg,clear,train_data/session_20260605_154345/frame_01642_155728_741.jpg
clear/frame_01643_155729_241.jpg,clear,train_data/session_20260605_154345/frame_01643_155729_241.jpg
clear/frame_01644_155729_741.jpg,clear,train_data/session_20260605_154345/frame_01644_155729_741.jpg
clear/frame_01646_155730_742.jpg,clear,train_data/session_20260605_154345/frame_01646_155730_742.jpg
clear/frame_01647_155731_242.jpg,clear,train_data/session_20260605_154345/frame_01647_155731_242.jpg
clear/frame_01648_155731_743.jpg,clear,train_data/session_20260605_154345/frame_01648_155731_743.jpg
clear/frame_01653_155734_244.jpg,clear,train_data/session_20260605_154345/frame_01653_155734_244.jpg
clear/frame_01654_155734_744.jpg,clear,train_data/session_20260605_154345/frame_01654_155734_744.jpg
clear/frame_01655_155735_245.jpg,clear,train_data/session_20260605_154345/frame_01655_155735_245.jpg
clear/frame_01656_155735_745.jpg,clear,train_data/session_20260605_154345/frame_01656_155735_745.jpg
clear/frame_01657_155736_246.jpg,clear,train_data/session_20260605_154345/frame_01657_155736_246.jpg
clear/frame_01658_155736_746.jpg,clear,train_data/session_20260605_154345/frame_01658_155736_746.jpg
clear/frame_01659_155737_247.jpg,clear,train_data/session_20260605_154345/frame_01659_155737_247.jpg
clear/frame_01662_155738_747.jpg,clear,train_data/session_20260605_154345/frame_01662_155738_747.jpg
clear/frame_01663_155739_248.jpg,clear,train_data/session_20260605_154345/frame_01663_155739_248.jpg
clear/frame_01664_155739_748.jpg,clear,train_data/session_20260605_154345/frame_01664_155739_748.jpg
clear/frame_01665_155740_249.jpg,clear,train_data/session_20260605_154345/frame_01665_155740_249.jpg
clear/frame_01668_155741_749.jpg,clear,train_data/session_20260605_154345/frame_01668_155741_749.jpg
clear/frame_01669_155742_250.jpg,clear,train_data/session_20260605_154345/frame_01669_155742_250.jpg
clear/frame_01671_155743_251.jpg,clear,train_data/session_20260605_154345/frame_01671_155743_251.jpg
clear/frame_01679_155747_253.jpg,clear,train_data/session_20260605_154345/frame_01679_155747_253.jpg
clear/frame_01684_155749_754.jpg,clear,train_data/session_20260605_154345/frame_01684_155749_754.jpg
clear/frame_01685_155750_256.jpg,clear,train_data/session_20260605_154345/frame_01685_155750_256.jpg
clear/frame_01686_155750_756.jpg,clear,train_data/session_20260605_154345/frame_01686_155750_756.jpg
clear/frame_01688_155751_757.jpg,clear,train_data/session_20260605_154345/frame_01688_155751_757.jpg
clear/frame_01689_155752_257.jpg,clear,train_data/session_20260605_154345/frame_01689_155752_257.jpg
clear/frame_01694_155754_790.jpg,clear,train_data/session_20260605_154345/frame_01694_155754_790.jpg
clear/frame_01695_155755_292.jpg,clear,train_data/session_20260605_154345/frame_01695_155755_292.jpg
clear/frame_01696_155755_826.jpg,clear,train_data/session_20260605_154345/frame_01696_155755_826.jpg
clear/frame_01699_155757_328.jpg,clear,train_data/session_20260605_154345/frame_01699_155757_328.jpg
clear/frame_01700_155757_827.jpg,clear,train_data/session_20260605_154345/frame_01700_155757_827.jpg
clear/frame_01703_155759_329.jpg,clear,train_data/session_20260605_154345/frame_01703_155759_329.jpg
clear/frame_01704_155759_828.jpg,clear,train_data/session_20260605_154345/frame_01704_155759_828.jpg
clear/frame_01706_155800_829.jpg,clear,train_data/session_20260605_154345/frame_01706_155800_829.jpg
clear/frame_01707_155801_330.jpg,clear,train_data/session_20260605_154345/frame_01707_155801_330.jpg
clear/frame_01708_155801_830.jpg,clear,train_data/session_20260605_154345/frame_01708_155801_830.jpg
clear/frame_01714_155804_832.jpg,clear,train_data/session_20260605_154345/frame_01714_155804_832.jpg
clear/frame_01716_155805_833.jpg,clear,train_data/session_20260605_154345/frame_01716_155805_833.jpg
clear/frame_01717_155806_333.jpg,clear,train_data/session_20260605_154345/frame_01717_155806_333.jpg
clear/frame_01719_155807_334.jpg,clear,train_data/session_20260605_154345/frame_01719_155807_334.jpg
clear/frame_01720_155807_834.jpg,clear,train_data/session_20260605_154345/frame_01720_155807_834.jpg
clear/frame_01721_155808_334.jpg,clear,train_data/session_20260605_154345/frame_01721_155808_334.jpg
clear/frame_01722_155808_835.jpg,clear,train_data/session_20260605_154345/frame_01722_155808_835.jpg
clear/frame_01723_155809_335.jpg,clear,train_data/session_20260605_154345/frame_01723_155809_335.jpg
clear/frame_01724_155809_836.jpg,clear,train_data/session_20260605_154345/frame_01724_155809_836.jpg
clear/frame_01725_155810_336.jpg,clear,train_data/session_20260605_154345/frame_01725_155810_336.jpg
clear/frame_01726_155810_837.jpg,clear,train_data/session_20260605_154345/frame_01726_155810_837.jpg
clear/frame_01729_155812_371.jpg,clear,train_data/session_20260605_154345/frame_01729_155812_371.jpg
clear/frame_01730_155812_871.jpg,clear,train_data/session_20260605_154345/frame_01730_155812_871.jpg
clear/frame_01731_155813_371.jpg,clear,train_data/session_20260605_154345/frame_01731_155813_371.jpg
clear/frame_01732_155813_872.jpg,clear,train_data/session_20260605_154345/frame_01732_155813_872.jpg
clear/frame_01733_155814_372.jpg,clear,train_data/session_20260605_154345/frame_01733_155814_372.jpg
clear/frame_01734_155814_872.jpg,clear,train_data/session_20260605_154345/frame_01734_155814_872.jpg
clear/frame_01736_155815_873.jpg,clear,train_data/session_20260605_154345/frame_01736_155815_873.jpg
clear/frame_01737_155816_373.jpg,clear,train_data/session_20260605_154345/frame_01737_155816_373.jpg
clear/frame_01738_155816_873.jpg,clear,train_data/session_20260605_154345/frame_01738_155816_873.jpg
clear/frame_01739_155817_374.jpg,clear,train_data/session_20260605_154345/frame_01739_155817_374.jpg
clear/frame_01740_155817_875.jpg,clear,train_data/session_20260605_154345/frame_01740_155817_875.jpg
clear/frame_01741_155818_375.jpg,clear,train_data/session_20260605_154345/frame_01741_155818_375.jpg
clear/frame_01742_155818_875.jpg,clear,train_data/session_20260605_154345/frame_01742_155818_875.jpg
clear/frame_01743_155819_375.jpg,clear,train_data/session_20260605_154345/frame_01743_155819_375.jpg
clear/frame_01745_155820_376.jpg,clear,train_data/session_20260605_154345/frame_01745_155820_376.jpg
clear/frame_01749_155822_378.jpg,clear,train_data/session_20260605_154345/frame_01749_155822_378.jpg
clear/frame_01751_155823_378.jpg,clear,train_data/session_20260605_154345/frame_01751_155823_378.jpg
clear/frame_01753_155824_379.jpg,clear,train_data/session_20260605_154345/frame_01753_155824_379.jpg
clear/frame_01754_155824_879.jpg,clear,train_data/session_20260605_154345/frame_01754_155824_879.jpg
clear/frame_01755_155825_380.jpg,clear,train_data/session_20260605_154345/frame_01755_155825_380.jpg
clear/frame_01756_155825_880.jpg,clear,train_data/session_20260605_154345/frame_01756_155825_880.jpg
clear/frame_01758_155826_880.jpg,clear,train_data/session_20260605_154345/frame_01758_155826_880.jpg
clear/frame_01765_155830_383.jpg,clear,train_data/session_20260605_154345/frame_01765_155830_383.jpg
clear/frame_01766_155830_884.jpg,clear,train_data/session_20260605_154345/frame_01766_155830_884.jpg
clear/frame_01767_155831_384.jpg,clear,train_data/session_20260605_154345/frame_01767_155831_384.jpg
clear/frame_01768_155831_884.jpg,clear,train_data/session_20260605_154345/frame_01768_155831_884.jpg
clear/frame_01769_155832_385.jpg,clear,train_data/session_20260605_154345/frame_01769_155832_385.jpg
clear/frame_01770_155832_885.jpg,clear,train_data/session_20260605_154345/frame_01770_155832_885.jpg
clear/frame_01771_155833_385.jpg,clear,train_data/session_20260605_154345/frame_01771_155833_385.jpg
clear/frame_01772_155833_886.jpg,clear,train_data/session_20260605_154345/frame_01772_155833_886.jpg
clear/frame_01773_155834_386.jpg,clear,train_data/session_20260605_154345/frame_01773_155834_386.jpg
clear/frame_01774_155834_886.jpg,clear,train_data/session_20260605_154345/frame_01774_155834_886.jpg
clear/frame_01775_155835_386.jpg,clear,train_data/session_20260605_154345/frame_01775_155835_386.jpg
clear/frame_01776_155835_887.jpg,clear,train_data/session_20260605_154345/frame_01776_155835_887.jpg
clear/frame_01777_155836_387.jpg,clear,train_data/session_20260605_154345/frame_01777_155836_387.jpg
clear/frame_01778_155836_887.jpg,clear,train_data/session_20260605_154345/frame_01778_155836_887.jpg
clear/frame_01779_155837_388.jpg,clear,train_data/session_20260605_154345/frame_01779_155837_388.jpg
clear/frame_01781_155838_389.jpg,clear,train_data/session_20260605_154345/frame_01781_155838_389.jpg
clear/frame_01782_155838_889.jpg,clear,train_data/session_20260605_154345/frame_01782_155838_889.jpg
clear/frame_01783_155839_389.jpg,clear,train_data/session_20260605_154345/frame_01783_155839_389.jpg
clear/frame_01785_155840_390.jpg,clear,train_data/session_20260605_154345/frame_01785_155840_390.jpg
clear/frame_01786_155840_890.jpg,clear,train_data/session_20260605_154345/frame_01786_155840_890.jpg
clear/frame_01787_155841_390.jpg,clear,train_data/session_20260605_154345/frame_01787_155841_390.jpg
clear/frame_01788_155841_891.jpg,clear,train_data/session_20260605_154345/frame_01788_155841_891.jpg
clear/frame_01789_155842_392.jpg,clear,train_data/session_20260605_154345/frame_01789_155842_392.jpg
clear/frame_01790_155842_892.jpg,clear,train_data/session_20260605_154345/frame_01790_155842_892.jpg
clear/frame_01791_155843_392.jpg,clear,train_data/session_20260605_154345/frame_01791_155843_392.jpg
clear/frame_01792_155843_892.jpg,clear,train_data/session_20260605_154345/frame_01792_155843_892.jpg
clear/frame_01793_155844_393.jpg,clear,train_data/session_20260605_154345/frame_01793_155844_393.jpg
clear/frame_01794_155844_893.jpg,clear,train_data/session_20260605_154345/frame_01794_155844_893.jpg
clear/frame_01796_155845_927.jpg,clear,train_data/session_20260605_154345/frame_01796_155845_927.jpg
clear/frame_01799_155847_428.jpg,clear,train_data/session_20260605_154345/frame_01799_155847_428.jpg
clear/frame_01800_155847_929.jpg,clear,train_data/session_20260605_154345/frame_01800_155847_929.jpg
clear/frame_01801_155848_429.jpg,clear,train_data/session_20260605_154345/frame_01801_155848_429.jpg
clear/frame_01803_155849_429.jpg,clear,train_data/session_20260605_154345/frame_01803_155849_429.jpg
clear/frame_01804_155849_930.jpg,clear,train_data/session_20260605_154345/frame_01804_155849_930.jpg
clear/frame_01805_155850_430.jpg,clear,train_data/session_20260605_154345/frame_01805_155850_430.jpg
clear/frame_01808_155851_931.jpg,clear,train_data/session_20260605_154345/frame_01808_155851_931.jpg
clear/frame_01809_155852_432.jpg,clear,train_data/session_20260605_154345/frame_01809_155852_432.jpg
clear/frame_01810_155852_932.jpg,clear,train_data/session_20260605_154345/frame_01810_155852_932.jpg
clear/frame_01813_155854_433.jpg,clear,train_data/session_20260605_154345/frame_01813_155854_433.jpg
clear/frame_01814_155854_933.jpg,clear,train_data/session_20260605_154345/frame_01814_155854_933.jpg
clear/frame_01815_155855_434.jpg,clear,train_data/session_20260605_154345/frame_01815_155855_434.jpg
clear/frame_01816_155855_934.jpg,clear,train_data/session_20260605_154345/frame_01816_155855_934.jpg
clear/frame_01817_155856_435.jpg,clear,train_data/session_20260605_154345/frame_01817_155856_435.jpg
clear/frame_01818_155856_935.jpg,clear,train_data/session_20260605_154345/frame_01818_155856_935.jpg
clear/frame_01819_155857_435.jpg,clear,train_data/session_20260605_154345/frame_01819_155857_435.jpg
clear/frame_01820_155857_936.jpg,clear,train_data/session_20260605_154345/frame_01820_155857_936.jpg
clear/frame_01821_155858_436.jpg,clear,train_data/session_20260605_154345/frame_01821_155858_436.jpg
clear/frame_01822_155858_937.jpg,clear,train_data/session_20260605_154345/frame_01822_155858_937.jpg
clear/frame_01823_155859_437.jpg,clear,train_data/session_20260605_154345/frame_01823_155859_437.jpg
clear/frame_01825_155900_437.jpg,clear,train_data/session_20260605_154345/frame_01825_155900_437.jpg
clear/frame_01826_155900_938.jpg,clear,train_data/session_20260605_154345/frame_01826_155900_938.jpg
clear/frame_01828_155901_939.jpg,clear,train_data/session_20260605_154345/frame_01828_155901_939.jpg
clear/frame_01829_155902_438.jpg,clear,train_data/session_20260605_154345/frame_01829_155902_438.jpg
clear/frame_01831_155903_439.jpg,clear,train_data/session_20260605_154345/frame_01831_155903_439.jpg
clear/frame_01832_155903_940.jpg,clear,train_data/session_20260605_154345/frame_01832_155903_940.jpg
clear/frame_01833_155904_440.jpg,clear,train_data/session_20260605_154345/frame_01833_155904_440.jpg
clear/frame_01834_155904_941.jpg,clear,train_data/session_20260605_154345/frame_01834_155904_941.jpg
clear/frame_01835_155905_441.jpg,clear,train_data/session_20260605_154345/frame_01835_155905_441.jpg
clear/frame_01836_155905_941.jpg,clear,train_data/session_20260605_154345/frame_01836_155905_941.jpg
clear/frame_01837_155906_441.jpg,clear,train_data/session_20260605_154345/frame_01837_155906_441.jpg
clear/frame_01838_155906_942.jpg,clear,train_data/session_20260605_154345/frame_01838_155906_942.jpg
clear/frame_01840_155907_943.jpg,clear,train_data/session_20260605_154345/frame_01840_155907_943.jpg
clear/frame_01841_155908_443.jpg,clear,train_data/session_20260605_154345/frame_01841_155908_443.jpg
clear/frame_01843_155909_443.jpg,clear,train_data/session_20260605_154345/frame_01843_155909_443.jpg
clear/frame_01845_155910_477.jpg,clear,train_data/session_20260605_154345/frame_01845_155910_477.jpg
clear/frame_01847_155911_478.jpg,clear,train_data/session_20260605_154345/frame_01847_155911_478.jpg
clear/frame_01848_155911_979.jpg,clear,train_data/session_20260605_154345/frame_01848_155911_979.jpg
clear/frame_01849_155912_478.jpg,clear,train_data/session_20260605_154345/frame_01849_155912_478.jpg
clear/frame_01850_155912_979.jpg,clear,train_data/session_20260605_154345/frame_01850_155912_979.jpg
clear/frame_01851_155913_479.jpg,clear,train_data/session_20260605_154345/frame_01851_155913_479.jpg
clear/frame_01852_155913_980.jpg,clear,train_data/session_20260605_154345/frame_01852_155913_980.jpg
clear/frame_01853_155914_480.jpg,clear,train_data/session_20260605_154345/frame_01853_155914_480.jpg
clear/frame_01854_155914_981.jpg,clear,train_data/session_20260605_154345/frame_01854_155914_981.jpg
clear/frame_01855_155915_481.jpg,clear,train_data/session_20260605_154345/frame_01855_155915_481.jpg
clear/frame_01856_155915_982.jpg,clear,train_data/session_20260605_154345/frame_01856_155915_982.jpg
clear/frame_01862_155918_984.jpg,clear,train_data/session_20260605_154345/frame_01862_155918_984.jpg
clear/frame_01863_155919_484.jpg,clear,train_data/session_20260605_154345/frame_01863_155919_484.jpg
clear/frame_01864_155919_984.jpg,clear,train_data/session_20260605_154345/frame_01864_155919_984.jpg
clear/frame_01865_155920_485.jpg,clear,train_data/session_20260605_154345/frame_01865_155920_485.jpg
clear/frame_01866_155920_984.jpg,clear,train_data/session_20260605_154345/frame_01866_155920_984.jpg
clear/frame_01867_155921_485.jpg,clear,train_data/session_20260605_154345/frame_01867_155921_485.jpg
clear/frame_01869_155922_486.jpg,clear,train_data/session_20260605_154345/frame_01869_155922_486.jpg
clear/frame_01870_155922_986.jpg,clear,train_data/session_20260605_154345/frame_01870_155922_986.jpg
clear/frame_01871_155923_487.jpg,clear,train_data/session_20260605_154345/frame_01871_155923_487.jpg
clear/frame_01872_155923_987.jpg,clear,train_data/session_20260605_154345/frame_01872_155923_987.jpg
clear/frame_01873_155924_487.jpg,clear,train_data/session_20260605_154345/frame_01873_155924_487.jpg
clear/frame_01874_155924_987.jpg,clear,train_data/session_20260605_154345/frame_01874_155924_987.jpg
clear/frame_01875_155925_488.jpg,clear,train_data/session_20260605_154345/frame_01875_155925_488.jpg
clear/frame_01876_155925_989.jpg,clear,train_data/session_20260605_154345/frame_01876_155925_989.jpg
clear/frame_01878_155926_989.jpg,clear,train_data/session_20260605_154345/frame_01878_155926_989.jpg
clear/frame_01879_155927_490.jpg,clear,train_data/session_20260605_154345/frame_01879_155927_490.jpg
clear/frame_01880_155927_990.jpg,clear,train_data/session_20260605_154345/frame_01880_155927_990.jpg
clear/frame_01881_155928_490.jpg,clear,train_data/session_20260605_154345/frame_01881_155928_490.jpg
clear/frame_01882_155928_991.jpg,clear,train_data/session_20260605_154345/frame_01882_155928_991.jpg
clear/frame_01883_155929_490.jpg,clear,train_data/session_20260605_154345/frame_01883_155929_490.jpg
clear/frame_01884_155929_991.jpg,clear,train_data/session_20260605_154345/frame_01884_155929_991.jpg
clear/frame_01885_155930_491.jpg,clear,train_data/session_20260605_154345/frame_01885_155930_491.jpg
clear/frame_01886_155930_992.jpg,clear,train_data/session_20260605_154345/frame_01886_155930_992.jpg
clear/frame_01889_155932_492.jpg,clear,train_data/session_20260605_154345/frame_01889_155932_492.jpg
clear/frame_01890_155932_993.jpg,clear,train_data/session_20260605_154345/frame_01890_155932_993.jpg
clear/frame_01891_155933_494.jpg,clear,train_data/session_20260605_154345/frame_01891_155933_494.jpg
clear/frame_01892_155933_994.jpg,clear,train_data/session_20260605_154345/frame_01892_155933_994.jpg
clear/frame_01894_155934_995.jpg,clear,train_data/session_20260605_154345/frame_01894_155934_995.jpg
clear/frame_01896_155936_029.jpg,clear,train_data/session_20260605_154345/frame_01896_155936_029.jpg
clear/frame_01897_155936_529.jpg,clear,train_data/session_20260605_154345/frame_01897_155936_529.jpg
clear/frame_01900_155938_030.jpg,clear,train_data/session_20260605_154345/frame_01900_155938_030.jpg
clear/frame_01901_155938_530.jpg,clear,train_data/session_20260605_154345/frame_01901_155938_530.jpg
clear/frame_01902_155939_031.jpg,clear,train_data/session_20260605_154345/frame_01902_155939_031.jpg
clear/frame_01903_155939_531.jpg,clear,train_data/session_20260605_154345/frame_01903_155939_531.jpg
clear/frame_01904_155940_031.jpg,clear,train_data/session_20260605_154345/frame_01904_155940_031.jpg
clear/frame_01905_155940_531.jpg,clear,train_data/session_20260605_154345/frame_01905_155940_531.jpg
clear/frame_01906_155941_032.jpg,clear,train_data/session_20260605_154345/frame_01906_155941_032.jpg
clear/frame_01909_155942_533.jpg,clear,train_data/session_20260605_154345/frame_01909_155942_533.jpg
clear/frame_01910_155943_034.jpg,clear,train_data/session_20260605_154345/frame_01910_155943_034.jpg
clear/frame_01912_155944_034.jpg,clear,train_data/session_20260605_154345/frame_01912_155944_034.jpg
clear/frame_01913_155944_534.jpg,clear,train_data/session_20260605_154345/frame_01913_155944_534.jpg
clear/frame_01914_155945_035.jpg,clear,train_data/session_20260605_154345/frame_01914_155945_035.jpg
clear/frame_01915_155945_535.jpg,clear,train_data/session_20260605_154345/frame_01915_155945_535.jpg
clear/frame_01916_155946_036.jpg,clear,train_data/session_20260605_154345/frame_01916_155946_036.jpg
clear/frame_01917_155946_536.jpg,clear,train_data/session_20260605_154345/frame_01917_155946_536.jpg
clear/frame_01918_155947_036.jpg,clear,train_data/session_20260605_154345/frame_01918_155947_036.jpg
clear/frame_01919_155947_537.jpg,clear,train_data/session_20260605_154345/frame_01919_155947_537.jpg
clear/frame_01920_155948_037.jpg,clear,train_data/session_20260605_154345/frame_01920_155948_037.jpg
clear/frame_01921_155948_537.jpg,clear,train_data/session_20260605_154345/frame_01921_155948_537.jpg
clear/frame_01922_155949_037.jpg,clear,train_data/session_20260605_154345/frame_01922_155949_037.jpg
clear/frame_01923_155949_538.jpg,clear,train_data/session_20260605_154345/frame_01923_155949_538.jpg
clear/frame_01924_155950_038.jpg,clear,train_data/session_20260605_154345/frame_01924_155950_038.jpg
clear/frame_01926_155951_039.jpg,clear,train_data/session_20260605_154345/frame_01926_155951_039.jpg
clear/frame_01927_155951_539.jpg,clear,train_data/session_20260605_154345/frame_01927_155951_539.jpg
clear/frame_01928_155952_040.jpg,clear,train_data/session_20260605_154345/frame_01928_155952_040.jpg
clear/frame_01929_155952_540.jpg,clear,train_data/session_20260605_154345/frame_01929_155952_540.jpg
clear/frame_01932_155954_041.jpg,clear,train_data/session_20260605_154345/frame_01932_155954_041.jpg
clear/frame_01934_155955_042.jpg,clear,train_data/session_20260605_154345/frame_01934_155955_042.jpg
clear/frame_01935_155955_542.jpg,clear,train_data/session_20260605_154345/frame_01935_155955_542.jpg
clear/frame_01936_155956_042.jpg,clear,train_data/session_20260605_154345/frame_01936_155956_042.jpg
clear/frame_01937_155956_543.jpg,clear,train_data/session_20260605_154345/frame_01937_155956_543.jpg
clear/frame_01938_155957_043.jpg,clear,train_data/session_20260605_154345/frame_01938_155957_043.jpg
clear/frame_01939_155957_543.jpg,clear,train_data/session_20260605_154345/frame_01939_155957_543.jpg
clear/frame_01941_155958_544.jpg,clear,train_data/session_20260605_154345/frame_01941_155958_544.jpg
clear/frame_01942_155959_045.jpg,clear,train_data/session_20260605_154345/frame_01942_155959_045.jpg
clear/frame_01943_155959_545.jpg,clear,train_data/session_20260605_154345/frame_01943_155959_545.jpg
clear/frame_01944_160000_045.jpg,clear,train_data/session_20260605_154345/frame_01944_160000_045.jpg
clear/frame_01945_160000_545.jpg,clear,train_data/session_20260605_154345/frame_01945_160000_545.jpg
clear/frame_01946_160001_046.jpg,clear,train_data/session_20260605_154345/frame_01946_160001_046.jpg
clear/frame_01947_160001_546.jpg,clear,train_data/session_20260605_154345/frame_01947_160001_546.jpg
clear/frame_01950_160003_047.jpg,clear,train_data/session_20260605_154345/frame_01950_160003_047.jpg
clear/frame_01951_160003_548.jpg,clear,train_data/session_20260605_154345/frame_01951_160003_548.jpg
clear/frame_01952_160004_048.jpg,clear,train_data/session_20260605_154345/frame_01952_160004_048.jpg
clear/frame_01953_160004_548.jpg,clear,train_data/session_20260605_154345/frame_01953_160004_548.jpg
clear/frame_01954_160005_048.jpg,clear,train_data/session_20260605_154345/frame_01954_160005_048.jpg
clear/frame_01955_160005_549.jpg,clear,train_data/session_20260605_154345/frame_01955_160005_549.jpg
clear/frame_01959_160007_550.jpg,clear,train_data/session_20260605_154345/frame_01959_160007_550.jpg
clear/frame_01964_160010_052.jpg,clear,train_data/session_20260605_154345/frame_01964_160010_052.jpg
clear/frame_01966_160011_053.jpg,clear,train_data/session_20260605_154345/frame_01966_160011_053.jpg
clear/frame_01967_160011_553.jpg,clear,train_data/session_20260605_154345/frame_01967_160011_553.jpg
clear/frame_01968_160012_054.jpg,clear,train_data/session_20260605_154345/frame_01968_160012_054.jpg
clear/frame_01970_160013_054.jpg,clear,train_data/session_20260605_154345/frame_01970_160013_054.jpg
clear/frame_01973_160014_555.jpg,clear,train_data/session_20260605_154345/frame_01973_160014_555.jpg
clear/frame_01974_160015_056.jpg,clear,train_data/session_20260605_154345/frame_01974_160015_056.jpg
clear/frame_01975_160015_556.jpg,clear,train_data/session_20260605_154345/frame_01975_160015_556.jpg
clear/frame_01977_160016_556.jpg,clear,train_data/session_20260605_154345/frame_01977_160016_556.jpg
clear/frame_01978_160017_057.jpg,clear,train_data/session_20260605_154345/frame_01978_160017_057.jpg
clear/frame_01980_160018_057.jpg,clear,train_data/session_20260605_154345/frame_01980_160018_057.jpg
clear/frame_01981_160018_558.jpg,clear,train_data/session_20260605_154345/frame_01981_160018_558.jpg
clear/frame_01982_160019_059.jpg,clear,train_data/session_20260605_154345/frame_01982_160019_059.jpg
clear/frame_01983_160019_558.jpg,clear,train_data/session_20260605_154345/frame_01983_160019_558.jpg
clear/frame_01984_160020_059.jpg,clear,train_data/session_20260605_154345/frame_01984_160020_059.jpg
clear/frame_01986_160021_059.jpg,clear,train_data/session_20260605_154345/frame_01986_160021_059.jpg
clear/frame_01987_160021_560.jpg,clear,train_data/session_20260605_154345/frame_01987_160021_560.jpg
clear/frame_01988_160022_061.jpg,clear,train_data/session_20260605_154345/frame_01988_160022_061.jpg
clear/frame_01989_160022_561.jpg,clear,train_data/session_20260605_154345/frame_01989_160022_561.jpg
clear/frame_01990_160023_061.jpg,clear,train_data/session_20260605_154345/frame_01990_160023_061.jpg
clear/frame_01991_160023_562.jpg,clear,train_data/session_20260605_154345/frame_01991_160023_562.jpg
clear/frame_01992_160024_062.jpg,clear,train_data/session_20260605_154345/frame_01992_160024_062.jpg
clear/frame_01993_160024_562.jpg,clear,train_data/session_20260605_154345/frame_01993_160024_562.jpg
clear/frame_01994_160025_063.jpg,clear,train_data/session_20260605_154345/frame_01994_160025_063.jpg
clear/frame_01995_160025_563.jpg,clear,train_data/session_20260605_154345/frame_01995_160025_563.jpg
clear/frame_01997_160026_564.jpg,clear,train_data/session_20260605_154345/frame_01997_160026_564.jpg
clear/frame_01998_160027_064.jpg,clear,train_data/session_20260605_154345/frame_01998_160027_064.jpg
clear/frame_01999_160027_564.jpg,clear,train_data/session_20260605_154345/frame_01999_160027_564.jpg
clear/frame_02000_160028_064.jpg,clear,train_data/session_20260605_154345/frame_02000_160028_064.jpg
clear/frame_02001_160028_565.jpg,clear,train_data/session_20260605_154345/frame_02001_160028_565.jpg
clear/frame_02002_160029_065.jpg,clear,train_data/session_20260605_154345/frame_02002_160029_065.jpg
clear/frame_02003_160029_566.jpg,clear,train_data/session_20260605_154345/frame_02003_160029_566.jpg
clear/frame_02004_160030_066.jpg,clear,train_data/session_20260605_154345/frame_02004_160030_066.jpg
clear/frame_02005_160030_566.jpg,clear,train_data/session_20260605_154345/frame_02005_160030_566.jpg
clear/frame_02006_160031_067.jpg,clear,train_data/session_20260605_154345/frame_02006_160031_067.jpg
clear/frame_02007_160031_567.jpg,clear,train_data/session_20260605_154345/frame_02007_160031_567.jpg
clear/frame_02008_160032_067.jpg,clear,train_data/session_20260605_154345/frame_02008_160032_067.jpg
clear/frame_02010_160033_068.jpg,clear,train_data/session_20260605_154345/frame_02010_160033_068.jpg
clear/frame_02011_160033_568.jpg,clear,train_data/session_20260605_154345/frame_02011_160033_568.jpg
clear/frame_02012_160034_069.jpg,clear,train_data/session_20260605_154345/frame_02012_160034_069.jpg
clear/frame_02013_160034_568.jpg,clear,train_data/session_20260605_154345/frame_02013_160034_568.jpg
clear/frame_02014_160035_069.jpg,clear,train_data/session_20260605_154345/frame_02014_160035_069.jpg
clear/frame_02020_160038_071.jpg,clear,train_data/session_20260605_154345/frame_02020_160038_071.jpg
clear/frame_02022_160039_072.jpg,clear,train_data/session_20260605_154345/frame_02022_160039_072.jpg
clear/frame_02023_160039_573.jpg,clear,train_data/session_20260605_154345/frame_02023_160039_573.jpg
clear/frame_02024_160040_073.jpg,clear,train_data/session_20260605_154345/frame_02024_160040_073.jpg
clear/frame_02025_160040_573.jpg,clear,train_data/session_20260605_154345/frame_02025_160040_573.jpg
clear/frame_02026_160041_074.jpg,clear,train_data/session_20260605_154345/frame_02026_160041_074.jpg
clear/frame_02029_160042_575.jpg,clear,train_data/session_20260605_154345/frame_02029_160042_575.jpg
clear/frame_02032_160044_076.jpg,clear,train_data/session_20260605_154345/frame_02032_160044_076.jpg
clear/frame_02034_160045_076.jpg,clear,train_data/session_20260605_154345/frame_02034_160045_076.jpg
clear/frame_02035_160045_577.jpg,clear,train_data/session_20260605_154345/frame_02035_160045_577.jpg
clear/frame_02039_160047_578.jpg,clear,train_data/session_20260605_154345/frame_02039_160047_578.jpg
clear/frame_02041_160048_579.jpg,clear,train_data/session_20260605_154345/frame_02041_160048_579.jpg
clear/frame_02043_160049_580.jpg,clear,train_data/session_20260605_154345/frame_02043_160049_580.jpg
clear/frame_02044_160050_080.jpg,clear,train_data/session_20260605_154345/frame_02044_160050_080.jpg
clear/frame_02045_160050_580.jpg,clear,train_data/session_20260605_154345/frame_02045_160050_580.jpg
clear/frame_02047_160051_581.jpg,clear,train_data/session_20260605_154345/frame_02047_160051_581.jpg
clear/frame_02051_160053_582.jpg,clear,train_data/session_20260605_154345/frame_02051_160053_582.jpg
clear/frame_02052_160054_082.jpg,clear,train_data/session_20260605_154345/frame_02052_160054_082.jpg
clear/frame_02053_160054_583.jpg,clear,train_data/session_20260605_154345/frame_02053_160054_583.jpg
clear/frame_02054_160055_083.jpg,clear,train_data/session_20260605_154345/frame_02054_160055_083.jpg
clear/frame_02055_160055_583.jpg,clear,train_data/session_20260605_154345/frame_02055_160055_583.jpg
clear/frame_02056_160056_084.jpg,clear,train_data/session_20260605_154345/frame_02056_160056_084.jpg
clear/frame_02064_160100_087.jpg,clear,train_data/session_20260605_154345/frame_02064_160100_087.jpg
clear/frame_02066_160101_088.jpg,clear,train_data/session_20260605_154345/frame_02066_160101_088.jpg
clear/frame_02068_160102_089.jpg,clear,train_data/session_20260605_154345/frame_02068_160102_089.jpg
clear/frame_02069_160102_589.jpg,clear,train_data/session_20260605_154345/frame_02069_160102_589.jpg
clear/frame_02072_160104_089.jpg,clear,train_data/session_20260605_154345/frame_02072_160104_089.jpg
clear/frame_02073_160104_590.jpg,clear,train_data/session_20260605_154345/frame_02073_160104_590.jpg
clear/frame_02076_160106_091.jpg,clear,train_data/session_20260605_154345/frame_02076_160106_091.jpg
clear/frame_02078_160107_092.jpg,clear,train_data/session_20260605_154345/frame_02078_160107_092.jpg
clear/frame_02079_160107_593.jpg,clear,train_data/session_20260605_154345/frame_02079_160107_593.jpg
clear/frame_02080_160108_092.jpg,clear,train_data/session_20260605_154345/frame_02080_160108_092.jpg
clear/frame_02081_160108_593.jpg,clear,train_data/session_20260605_154345/frame_02081_160108_593.jpg
clear/frame_02082_160109_094.jpg,clear,train_data/session_20260605_154345/frame_02082_160109_094.jpg
clear/frame_02083_160109_593.jpg,clear,train_data/session_20260605_154345/frame_02083_160109_593.jpg
clear/frame_02084_160110_094.jpg,clear,train_data/session_20260605_154345/frame_02084_160110_094.jpg
clear/frame_02085_160110_595.jpg,clear,train_data/session_20260605_154345/frame_02085_160110_595.jpg
clear/frame_02086_160111_095.jpg,clear,train_data/session_20260605_154345/frame_02086_160111_095.jpg
clear/frame_02087_160111_595.jpg,clear,train_data/session_20260605_154345/frame_02087_160111_595.jpg
clear/frame_02088_160112_095.jpg,clear,train_data/session_20260605_154345/frame_02088_160112_095.jpg
clear/frame_02089_160112_595.jpg,clear,train_data/session_20260605_154345/frame_02089_160112_595.jpg
clear/frame_02090_160113_096.jpg,clear,train_data/session_20260605_154345/frame_02090_160113_096.jpg
clear/frame_02092_160114_096.jpg,clear,train_data/session_20260605_154345/frame_02092_160114_096.jpg
clear/frame_02094_160115_097.jpg,clear,train_data/session_20260605_154345/frame_02094_160115_097.jpg
clear/frame_02095_160115_598.jpg,clear,train_data/session_20260605_154345/frame_02095_160115_598.jpg
clear/frame_02096_160116_098.jpg,clear,train_data/session_20260605_154345/frame_02096_160116_098.jpg
clear/frame_02097_160116_598.jpg,clear,train_data/session_20260605_154345/frame_02097_160116_598.jpg
clear/frame_02100_160118_099.jpg,clear,train_data/session_20260605_154345/frame_02100_160118_099.jpg
clear/frame_02101_160118_600.jpg,clear,train_data/session_20260605_154345/frame_02101_160118_600.jpg
clear/frame_02103_160119_600.jpg,clear,train_data/session_20260605_154345/frame_02103_160119_600.jpg
clear/frame_02107_160121_633.jpg,clear,train_data/session_20260605_154345/frame_02107_160121_633.jpg
clear/frame_02109_160122_634.jpg,clear,train_data/session_20260605_154345/frame_02109_160122_634.jpg
clear/frame_02111_160123_668.jpg,clear,train_data/session_20260605_154345/frame_02111_160123_668.jpg
clear/frame_02112_160124_169.jpg,clear,train_data/session_20260605_154345/frame_02112_160124_169.jpg
clear/frame_02113_160124_702.jpg,clear,train_data/session_20260605_154345/frame_02113_160124_702.jpg
clear/frame_02114_160125_203.jpg,clear,train_data/session_20260605_154345/frame_02114_160125_203.jpg
clear/frame_02118_160127_271.jpg,clear,train_data/session_20260605_154345/frame_02118_160127_271.jpg
clear/frame_02120_160128_307.jpg,clear,train_data/session_20260605_154345/frame_02120_160128_307.jpg
clear/frame_02121_160128_840.jpg,clear,train_data/session_20260605_154345/frame_02121_160128_840.jpg
clear/frame_02122_160129_374.jpg,clear,train_data/session_20260605_154345/frame_02122_160129_374.jpg
clear/frame_02124_160130_407.jpg,clear,train_data/session_20260605_154345/frame_02124_160130_407.jpg
clear/frame_02126_160131_408.jpg,clear,train_data/session_20260605_154345/frame_02126_160131_408.jpg
clear/frame_02130_160133_409.jpg,clear,train_data/session_20260605_154345/frame_02130_160133_409.jpg
clear/frame_02135_160135_911.jpg,clear,train_data/session_20260605_154345/frame_02135_160135_911.jpg
clear/frame_02138_160137_412.jpg,clear,train_data/session_20260605_154345/frame_02138_160137_412.jpg
clear/frame_02139_160137_912.jpg,clear,train_data/session_20260605_154345/frame_02139_160137_912.jpg
clear/frame_02140_160138_413.jpg,clear,train_data/session_20260605_154345/frame_02140_160138_413.jpg
clear/frame_02143_160139_914.jpg,clear,train_data/session_20260605_154345/frame_02143_160139_914.jpg
clear/frame_02145_160140_915.jpg,clear,train_data/session_20260605_154345/frame_02145_160140_915.jpg
clear/frame_02146_160141_415.jpg,clear,train_data/session_20260605_154345/frame_02146_160141_415.jpg
clear/frame_02148_160142_416.jpg,clear,train_data/session_20260605_154345/frame_02148_160142_416.jpg
clear/frame_02149_160142_916.jpg,clear,train_data/session_20260605_154345/frame_02149_160142_916.jpg
clear/frame_02150_160143_416.jpg,clear,train_data/session_20260605_154345/frame_02150_160143_416.jpg
clear/frame_02151_160143_917.jpg,clear,train_data/session_20260605_154345/frame_02151_160143_917.jpg
clear/frame_02152_160144_417.jpg,clear,train_data/session_20260605_154345/frame_02152_160144_417.jpg
clear/frame_02154_160145_417.jpg,clear,train_data/session_20260605_154345/frame_02154_160145_417.jpg
clear/frame_02155_160145_918.jpg,clear,train_data/session_20260605_154345/frame_02155_160145_918.jpg
clear/frame_02156_160146_418.jpg,clear,train_data/session_20260605_154345/frame_02156_160146_418.jpg
clear/frame_02157_160146_918.jpg,clear,train_data/session_20260605_154345/frame_02157_160146_918.jpg
clear/frame_02158_160147_419.jpg,clear,train_data/session_20260605_154345/frame_02158_160147_419.jpg
clear/frame_02160_160148_420.jpg,clear,train_data/session_20260605_154345/frame_02160_160148_420.jpg
clear/frame_02161_160148_920.jpg,clear,train_data/session_20260605_154345/frame_02161_160148_920.jpg
clear/frame_02163_160149_921.jpg,clear,train_data/session_20260605_154345/frame_02163_160149_921.jpg
clear/frame_02164_160150_420.jpg,clear,train_data/session_20260605_154345/frame_02164_160150_420.jpg
clear/frame_02165_160150_921.jpg,clear,train_data/session_20260605_154345/frame_02165_160150_921.jpg
clear/frame_02166_160151_455.jpg,clear,train_data/session_20260605_154345/frame_02166_160151_455.jpg
clear/frame_02167_160151_956.jpg,clear,train_data/session_20260605_154345/frame_02167_160151_956.jpg
clear/frame_02169_160152_987.jpg,clear,train_data/session_20260605_154345/frame_02169_160152_987.jpg
clear/frame_02170_160153_490.jpg,clear,train_data/session_20260605_154345/frame_02170_160153_490.jpg
clear/frame_02171_160153_991.jpg,clear,train_data/session_20260605_154345/frame_02171_160153_991.jpg
clear/frame_02172_160154_491.jpg,clear,train_data/session_20260605_154345/frame_02172_160154_491.jpg
clear/frame_02173_160154_991.jpg,clear,train_data/session_20260605_154345/frame_02173_160154_991.jpg
clear/frame_02174_160155_491.jpg,clear,train_data/session_20260605_154345/frame_02174_160155_491.jpg
clear/frame_02175_160155_992.jpg,clear,train_data/session_20260605_154345/frame_02175_160155_992.jpg
clear/frame_02176_160156_492.jpg,clear,train_data/session_20260605_154345/frame_02176_160156_492.jpg
clear/frame_02177_160156_993.jpg,clear,train_data/session_20260605_154345/frame_02177_160156_993.jpg
clear/frame_02178_160157_493.jpg,clear,train_data/session_20260605_154345/frame_02178_160157_493.jpg
clear/frame_02180_160158_493.jpg,clear,train_data/session_20260605_154345/frame_02180_160158_493.jpg
clear/frame_02181_160158_994.jpg,clear,train_data/session_20260605_154345/frame_02181_160158_994.jpg
clear/frame_02182_160159_495.jpg,clear,train_data/session_20260605_154345/frame_02182_160159_495.jpg
clear/frame_02184_160200_495.jpg,clear,train_data/session_20260605_154345/frame_02184_160200_495.jpg
clear/frame_02185_160201_029.jpg,clear,train_data/session_20260605_154345/frame_02185_160201_029.jpg
clear/frame_02187_160202_030.jpg,clear,train_data/session_20260605_154345/frame_02187_160202_030.jpg
clear/frame_02188_160202_530.jpg,clear,train_data/session_20260605_154345/frame_02188_160202_530.jpg
clear/frame_02189_160203_031.jpg,clear,train_data/session_20260605_154345/frame_02189_160203_031.jpg
clear/frame_02191_160204_031.jpg,clear,train_data/session_20260605_154345/frame_02191_160204_031.jpg
clear/frame_02192_160204_531.jpg,clear,train_data/session_20260605_154345/frame_02192_160204_531.jpg
clear/frame_02193_160205_032.jpg,clear,train_data/session_20260605_154345/frame_02193_160205_032.jpg
clear/frame_02194_160205_532.jpg,clear,train_data/session_20260605_154345/frame_02194_160205_532.jpg
clear/frame_02195_160206_032.jpg,clear,train_data/session_20260605_154345/frame_02195_160206_032.jpg
clear/frame_02196_160206_533.jpg,clear,train_data/session_20260605_154345/frame_02196_160206_533.jpg
clear/frame_02197_160207_033.jpg,clear,train_data/session_20260605_154345/frame_02197_160207_033.jpg
clear/frame_02198_160207_534.jpg,clear,train_data/session_20260605_154345/frame_02198_160207_534.jpg
clear/frame_02199_160208_033.jpg,clear,train_data/session_20260605_154345/frame_02199_160208_033.jpg
clear/frame_02200_160208_534.jpg,clear,train_data/session_20260605_154345/frame_02200_160208_534.jpg
clear/frame_02202_160209_534.jpg,clear,train_data/session_20260605_154345/frame_02202_160209_534.jpg
clear/frame_02203_160210_035.jpg,clear,train_data/session_20260605_154345/frame_02203_160210_035.jpg
clear/frame_02204_160210_535.jpg,clear,train_data/session_20260605_154345/frame_02204_160210_535.jpg
clear/frame_02205_160211_035.jpg,clear,train_data/session_20260605_154345/frame_02205_160211_035.jpg
clear/frame_02207_160212_036.jpg,clear,train_data/session_20260605_154345/frame_02207_160212_036.jpg
clear/frame_02208_160212_537.jpg,clear,train_data/session_20260605_154345/frame_02208_160212_537.jpg
clear/frame_02209_160213_037.jpg,clear,train_data/session_20260605_154345/frame_02209_160213_037.jpg
clear/frame_02210_160213_537.jpg,clear,train_data/session_20260605_154345/frame_02210_160213_537.jpg
clear/frame_02211_160214_038.jpg,clear,train_data/session_20260605_154345/frame_02211_160214_038.jpg
clear/frame_02212_160214_538.jpg,clear,train_data/session_20260605_154345/frame_02212_160214_538.jpg
clear/frame_02214_160215_539.jpg,clear,train_data/session_20260605_154345/frame_02214_160215_539.jpg
clear/frame_02215_160216_039.jpg,clear,train_data/session_20260605_154345/frame_02215_160216_039.jpg
clear/frame_02216_160216_539.jpg,clear,train_data/session_20260605_154345/frame_02216_160216_539.jpg
clear/frame_02217_160217_040.jpg,clear,train_data/session_20260605_154345/frame_02217_160217_040.jpg
clear/frame_02218_160217_540.jpg,clear,train_data/session_20260605_154345/frame_02218_160217_540.jpg
clear/frame_02219_160218_041.jpg,clear,train_data/session_20260605_154345/frame_02219_160218_041.jpg
clear/frame_02221_160219_041.jpg,clear,train_data/session_20260605_154345/frame_02221_160219_041.jpg
clear/frame_02222_160219_541.jpg,clear,train_data/session_20260605_154345/frame_02222_160219_541.jpg
clear/frame_02224_160220_542.jpg,clear,train_data/session_20260605_154345/frame_02224_160220_542.jpg
clear/frame_02225_160221_043.jpg,clear,train_data/session_20260605_154345/frame_02225_160221_043.jpg
clear/frame_02226_160221_543.jpg,clear,train_data/session_20260605_154345/frame_02226_160221_543.jpg
clear/frame_02232_160224_545.jpg,clear,train_data/session_20260605_154345/frame_02232_160224_545.jpg
clear/frame_02233_160225_046.jpg,clear,train_data/session_20260605_154345/frame_02233_160225_046.jpg
clear/frame_02234_160225_546.jpg,clear,train_data/session_20260605_154345/frame_02234_160225_546.jpg
clear/frame_02236_160226_547.jpg,clear,train_data/session_20260605_154345/frame_02236_160226_547.jpg
clear/frame_02237_160227_047.jpg,clear,train_data/session_20260605_154345/frame_02237_160227_047.jpg
clear/frame_02238_160227_547.jpg,clear,train_data/session_20260605_154345/frame_02238_160227_547.jpg
clear/frame_02239_160228_047.jpg,clear,train_data/session_20260605_154345/frame_02239_160228_047.jpg
clear/frame_02240_160228_548.jpg,clear,train_data/session_20260605_154345/frame_02240_160228_548.jpg
clear/frame_02242_160229_549.jpg,clear,train_data/session_20260605_154345/frame_02242_160229_549.jpg
clear/frame_02243_160230_049.jpg,clear,train_data/session_20260605_154345/frame_02243_160230_049.jpg
clear/frame_02244_160230_550.jpg,clear,train_data/session_20260605_154345/frame_02244_160230_550.jpg
clear/frame_02245_160231_050.jpg,clear,train_data/session_20260605_154345/frame_02245_160231_050.jpg
clear/frame_02246_160231_550.jpg,clear,train_data/session_20260605_154345/frame_02246_160231_550.jpg
clear/frame_02247_160232_050.jpg,clear,train_data/session_20260605_154345/frame_02247_160232_050.jpg
clear/frame_02249_160233_051.jpg,clear,train_data/session_20260605_154345/frame_02249_160233_051.jpg
clear/frame_02250_160233_551.jpg,clear,train_data/session_20260605_154345/frame_02250_160233_551.jpg
clear/frame_02252_160234_552.jpg,clear,train_data/session_20260605_154345/frame_02252_160234_552.jpg
clear/frame_02256_160236_553.jpg,clear,train_data/session_20260605_154345/frame_02256_160236_553.jpg
clear/frame_02258_160237_554.jpg,clear,train_data/session_20260605_154345/frame_02258_160237_554.jpg
clear/frame_02259_160238_055.jpg,clear,train_data/session_20260605_154345/frame_02259_160238_055.jpg
clear/frame_02263_160240_056.jpg,clear,train_data/session_20260605_154345/frame_02263_160240_056.jpg
clear/frame_02267_160242_057.jpg,clear,train_data/session_20260605_154345/frame_02267_160242_057.jpg
clear/frame_02268_160242_558.jpg,clear,train_data/session_20260605_154345/frame_02268_160242_558.jpg
clear/frame_02269_160243_058.jpg,clear,train_data/session_20260605_154345/frame_02269_160243_058.jpg
clear/frame_02270_160243_559.jpg,clear,train_data/session_20260605_154345/frame_02270_160243_559.jpg
clear/frame_02272_160244_559.jpg,clear,train_data/session_20260605_154345/frame_02272_160244_559.jpg
clear/frame_02273_160245_059.jpg,clear,train_data/session_20260605_154345/frame_02273_160245_059.jpg
clear/frame_02274_160245_560.jpg,clear,train_data/session_20260605_154345/frame_02274_160245_560.jpg
clear/frame_02275_160246_060.jpg,clear,train_data/session_20260605_154345/frame_02275_160246_060.jpg
clear/frame_02277_160247_060.jpg,clear,train_data/session_20260605_154345/frame_02277_160247_060.jpg
clear/frame_02278_160247_561.jpg,clear,train_data/session_20260605_154345/frame_02278_160247_561.jpg
clear/frame_02279_160248_061.jpg,clear,train_data/session_20260605_154345/frame_02279_160248_061.jpg
clear/frame_02280_160248_562.jpg,clear,train_data/session_20260605_154345/frame_02280_160248_562.jpg
clear/frame_02281_160249_062.jpg,clear,train_data/session_20260605_154345/frame_02281_160249_062.jpg
clear/frame_02282_160249_563.jpg,clear,train_data/session_20260605_154345/frame_02282_160249_563.jpg
clear/frame_02283_160250_062.jpg,clear,train_data/session_20260605_154345/frame_02283_160250_062.jpg
clear/frame_02284_160250_563.jpg,clear,train_data/session_20260605_154345/frame_02284_160250_563.jpg
clear/frame_02285_160251_063.jpg,clear,train_data/session_20260605_154345/frame_02285_160251_063.jpg
clear/frame_02286_160251_564.jpg,clear,train_data/session_20260605_154345/frame_02286_160251_564.jpg
clear/frame_02287_160252_064.jpg,clear,train_data/session_20260605_154345/frame_02287_160252_064.jpg
clear/frame_02288_160252_565.jpg,clear,train_data/session_20260605_154345/frame_02288_160252_565.jpg
clear/frame_02289_160253_064.jpg,clear,train_data/session_20260605_154345/frame_02289_160253_064.jpg
clear/frame_02290_160253_565.jpg,clear,train_data/session_20260605_154345/frame_02290_160253_565.jpg
clear/frame_02291_160254_066.jpg,clear,train_data/session_20260605_154345/frame_02291_160254_066.jpg
clear/frame_02292_160254_566.jpg,clear,train_data/session_20260605_154345/frame_02292_160254_566.jpg
clear/frame_02293_160255_066.jpg,clear,train_data/session_20260605_154345/frame_02293_160255_066.jpg
clear/frame_02294_160255_566.jpg,clear,train_data/session_20260605_154345/frame_02294_160255_566.jpg
clear/frame_02295_160256_067.jpg,clear,train_data/session_20260605_154345/frame_02295_160256_067.jpg
clear/frame_02296_160256_567.jpg,clear,train_data/session_20260605_154345/frame_02296_160256_567.jpg
clear/frame_02297_160257_067.jpg,clear,train_data/session_20260605_154345/frame_02297_160257_067.jpg
clear/frame_02298_160257_568.jpg,clear,train_data/session_20260605_154345/frame_02298_160257_568.jpg
clear/frame_02299_160258_068.jpg,clear,train_data/session_20260605_154345/frame_02299_160258_068.jpg
clear/frame_02300_160258_568.jpg,clear,train_data/session_20260605_154345/frame_02300_160258_568.jpg
clear/frame_02301_160259_069.jpg,clear,train_data/session_20260605_154345/frame_02301_160259_069.jpg
clear/frame_02302_160259_570.jpg,clear,train_data/session_20260605_154345/frame_02302_160259_570.jpg
clear/frame_02303_160300_070.jpg,clear,train_data/session_20260605_154345/frame_02303_160300_070.jpg
clear/frame_02304_160300_570.jpg,clear,train_data/session_20260605_154345/frame_02304_160300_570.jpg
clear/frame_02305_160301_070.jpg,clear,train_data/session_20260605_154345/frame_02305_160301_070.jpg
clear/frame_02309_160303_072.jpg,clear,train_data/session_20260605_154345/frame_02309_160303_072.jpg
clear/frame_02310_160303_572.jpg,clear,train_data/session_20260605_154345/frame_02310_160303_572.jpg
clear/frame_02311_160304_072.jpg,clear,train_data/session_20260605_154345/frame_02311_160304_072.jpg
clear/frame_02312_160304_573.jpg,clear,train_data/session_20260605_154345/frame_02312_160304_573.jpg
clear/frame_02313_160305_073.jpg,clear,train_data/session_20260605_154345/frame_02313_160305_073.jpg
clear/frame_02314_160305_573.jpg,clear,train_data/session_20260605_154345/frame_02314_160305_573.jpg
clear/frame_02315_160306_074.jpg,clear,train_data/session_20260605_154345/frame_02315_160306_074.jpg
clear/frame_02316_160306_574.jpg,clear,train_data/session_20260605_154345/frame_02316_160306_574.jpg
clear/frame_02317_160307_075.jpg,clear,train_data/session_20260605_154345/frame_02317_160307_075.jpg
clear/frame_02318_160307_575.jpg,clear,train_data/session_20260605_154345/frame_02318_160307_575.jpg
clear/frame_02319_160308_075.jpg,clear,train_data/session_20260605_154345/frame_02319_160308_075.jpg
clear/frame_02320_160308_576.jpg,clear,train_data/session_20260605_154345/frame_02320_160308_576.jpg
clear/frame_02322_160309_576.jpg,clear,train_data/session_20260605_154345/frame_02322_160309_576.jpg
clear/frame_02323_160310_077.jpg,clear,train_data/session_20260605_154345/frame_02323_160310_077.jpg
clear/frame_02325_160311_078.jpg,clear,train_data/session_20260605_154345/frame_02325_160311_078.jpg
clear/frame_02326_160311_578.jpg,clear,train_data/session_20260605_154345/frame_02326_160311_578.jpg
clear/frame_02327_160312_078.jpg,clear,train_data/session_20260605_154345/frame_02327_160312_078.jpg
clear/frame_02328_160312_578.jpg,clear,train_data/session_20260605_154345/frame_02328_160312_578.jpg
clear/frame_02329_160313_079.jpg,clear,train_data/session_20260605_154345/frame_02329_160313_079.jpg
clear/frame_02330_160313_579.jpg,clear,train_data/session_20260605_154345/frame_02330_160313_579.jpg
clear/frame_02331_160314_079.jpg,clear,train_data/session_20260605_154345/frame_02331_160314_079.jpg
clear/frame_02332_160314_579.jpg,clear,train_data/session_20260605_154345/frame_02332_160314_579.jpg
clear/frame_02333_160315_080.jpg,clear,train_data/session_20260605_154345/frame_02333_160315_080.jpg
clear/frame_02334_160315_580.jpg,clear,train_data/session_20260605_154345/frame_02334_160315_580.jpg
clear/frame_02335_160316_081.jpg,clear,train_data/session_20260605_154345/frame_02335_160316_081.jpg
clear/frame_02336_160316_581.jpg,clear,train_data/session_20260605_154345/frame_02336_160316_581.jpg
clear/frame_02337_160317_082.jpg,clear,train_data/session_20260605_154345/frame_02337_160317_082.jpg
clear/frame_02338_160317_582.jpg,clear,train_data/session_20260605_154345/frame_02338_160317_582.jpg
clear/frame_02339_160318_115.jpg,clear,train_data/session_20260605_154345/frame_02339_160318_115.jpg
clear/frame_02340_160318_616.jpg,clear,train_data/session_20260605_154345/frame_02340_160318_616.jpg
clear/frame_02345_160321_118.jpg,clear,train_data/session_20260605_154345/frame_02345_160321_118.jpg
clear/frame_02348_160322_618.jpg,clear,train_data/session_20260605_154345/frame_02348_160322_618.jpg
clear/frame_02349_160323_119.jpg,clear,train_data/session_20260605_154345/frame_02349_160323_119.jpg
clear/frame_02350_160323_619.jpg,clear,train_data/session_20260605_154345/frame_02350_160323_619.jpg
clear/frame_02352_160324_620.jpg,clear,train_data/session_20260605_154345/frame_02352_160324_620.jpg
clear/frame_02354_160325_620.jpg,clear,train_data/session_20260605_154345/frame_02354_160325_620.jpg
clear/frame_02356_160326_622.jpg,clear,train_data/session_20260605_154345/frame_02356_160326_622.jpg
clear/frame_02357_160327_122.jpg,clear,train_data/session_20260605_154345/frame_02357_160327_122.jpg
clear/frame_02361_160329_123.jpg,clear,train_data/session_20260605_154345/frame_02361_160329_123.jpg
clear/frame_02362_160329_624.jpg,clear,train_data/session_20260605_154345/frame_02362_160329_624.jpg
clear/frame_02363_160330_124.jpg,clear,train_data/session_20260605_154345/frame_02363_160330_124.jpg
clear/frame_02364_160330_624.jpg,clear,train_data/session_20260605_154345/frame_02364_160330_624.jpg
clear/frame_02365_160331_124.jpg,clear,train_data/session_20260605_154345/frame_02365_160331_124.jpg
clear/frame_02366_160331_625.jpg,clear,train_data/session_20260605_154345/frame_02366_160331_625.jpg
clear/frame_02367_160332_125.jpg,clear,train_data/session_20260605_154345/frame_02367_160332_125.jpg
clear/frame_02368_160332_625.jpg,clear,train_data/session_20260605_154345/frame_02368_160332_625.jpg
clear/frame_02369_160333_126.jpg,clear,train_data/session_20260605_154345/frame_02369_160333_126.jpg
clear/frame_02371_160334_126.jpg,clear,train_data/session_20260605_154345/frame_02371_160334_126.jpg
clear/frame_02372_160334_627.jpg,clear,train_data/session_20260605_154345/frame_02372_160334_627.jpg
clear/frame_02373_160335_127.jpg,clear,train_data/session_20260605_154345/frame_02373_160335_127.jpg
clear/frame_02374_160335_628.jpg,clear,train_data/session_20260605_154345/frame_02374_160335_628.jpg
clear/frame_02375_160336_128.jpg,clear,train_data/session_20260605_154345/frame_02375_160336_128.jpg
clear/frame_02376_160336_628.jpg,clear,train_data/session_20260605_154345/frame_02376_160336_628.jpg
clear/frame_02380_160338_630.jpg,clear,train_data/session_20260605_154345/frame_02380_160338_630.jpg
clear/frame_02383_160340_131.jpg,clear,train_data/session_20260605_154345/frame_02383_160340_131.jpg
clear/frame_02387_160342_132.jpg,clear,train_data/session_20260605_154345/frame_02387_160342_132.jpg
clear/frame_02388_160342_632.jpg,clear,train_data/session_20260605_154345/frame_02388_160342_632.jpg
clear/frame_02389_160343_133.jpg,clear,train_data/session_20260605_154345/frame_02389_160343_133.jpg
clear/frame_02390_160343_633.jpg,clear,train_data/session_20260605_154345/frame_02390_160343_633.jpg
clear/frame_02391_160344_133.jpg,clear,train_data/session_20260605_154345/frame_02391_160344_133.jpg
clear/frame_02392_160344_634.jpg,clear,train_data/session_20260605_154345/frame_02392_160344_634.jpg
clear/frame_02393_160345_134.jpg,clear,train_data/session_20260605_154345/frame_02393_160345_134.jpg
clear/frame_02394_160345_635.jpg,clear,train_data/session_20260605_154345/frame_02394_160345_635.jpg
clear/frame_02395_160346_135.jpg,clear,train_data/session_20260605_154345/frame_02395_160346_135.jpg
clear/frame_02396_160346_636.jpg,clear,train_data/session_20260605_154345/frame_02396_160346_636.jpg
clear/frame_02397_160347_136.jpg,clear,train_data/session_20260605_154345/frame_02397_160347_136.jpg
clear/frame_02398_160347_636.jpg,clear,train_data/session_20260605_154345/frame_02398_160347_636.jpg
clear/frame_02399_160348_136.jpg,clear,train_data/session_20260605_154345/frame_02399_160348_136.jpg
clear/frame_02400_160348_637.jpg,clear,train_data/session_20260605_154345/frame_02400_160348_637.jpg
clear/frame_02401_160349_137.jpg,clear,train_data/session_20260605_154345/frame_02401_160349_137.jpg
clear/frame_02402_160349_637.jpg,clear,train_data/session_20260605_154345/frame_02402_160349_637.jpg
clear/frame_02404_160350_638.jpg,clear,train_data/session_20260605_154345/frame_02404_160350_638.jpg
clear/frame_02405_160351_138.jpg,clear,train_data/session_20260605_154345/frame_02405_160351_138.jpg
clear/frame_02407_160352_139.jpg,clear,train_data/session_20260605_154345/frame_02407_160352_139.jpg
clear/frame_02410_160353_640.jpg,clear,train_data/session_20260605_154345/frame_02410_160353_640.jpg
clear/frame_02411_160354_140.jpg,clear,train_data/session_20260605_154345/frame_02411_160354_140.jpg
clear/frame_02413_160355_141.jpg,clear,train_data/session_20260605_154345/frame_02413_160355_141.jpg
clear/frame_02415_160356_142.jpg,clear,train_data/session_20260605_154345/frame_02415_160356_142.jpg
clear/frame_02416_160356_642.jpg,clear,train_data/session_20260605_154345/frame_02416_160356_642.jpg
clear/frame_02417_160357_142.jpg,clear,train_data/session_20260605_154345/frame_02417_160357_142.jpg
clear/frame_02418_160357_643.jpg,clear,train_data/session_20260605_154345/frame_02418_160357_643.jpg
clear/frame_02419_160358_143.jpg,clear,train_data/session_20260605_154345/frame_02419_160358_143.jpg
clear/frame_02420_160358_644.jpg,clear,train_data/session_20260605_154345/frame_02420_160358_644.jpg
clear/frame_02421_160359_144.jpg,clear,train_data/session_20260605_154345/frame_02421_160359_144.jpg
clear/frame_02424_160400_645.jpg,clear,train_data/session_20260605_154345/frame_02424_160400_645.jpg
clear/frame_02425_160401_145.jpg,clear,train_data/session_20260605_154345/frame_02425_160401_145.jpg
clear/frame_02426_160401_645.jpg,clear,train_data/session_20260605_154345/frame_02426_160401_645.jpg
clear/frame_02428_160402_646.jpg,clear,train_data/session_20260605_154345/frame_02428_160402_646.jpg
clear/frame_02431_160404_147.jpg,clear,train_data/session_20260605_154345/frame_02431_160404_147.jpg
clear/frame_02434_160405_648.jpg,clear,train_data/session_20260605_154345/frame_02434_160405_648.jpg
clear/frame_02435_160406_149.jpg,clear,train_data/session_20260605_154345/frame_02435_160406_149.jpg
clear/frame_02436_160406_649.jpg,clear,train_data/session_20260605_154345/frame_02436_160406_649.jpg
clear/frame_02437_160407_150.jpg,clear,train_data/session_20260605_154345/frame_02437_160407_150.jpg
clear/frame_02438_160407_650.jpg,clear,train_data/session_20260605_154345/frame_02438_160407_650.jpg
clear/frame_02441_160409_150.jpg,clear,train_data/session_20260605_154345/frame_02441_160409_150.jpg
clear/frame_02442_160409_651.jpg,clear,train_data/session_20260605_154345/frame_02442_160409_651.jpg
clear/frame_02444_160410_652.jpg,clear,train_data/session_20260605_154345/frame_02444_160410_652.jpg
clear/frame_02445_160411_152.jpg,clear,train_data/session_20260605_154345/frame_02445_160411_152.jpg
clear/frame_02446_160411_653.jpg,clear,train_data/session_20260605_154345/frame_02446_160411_653.jpg
clear/frame_02448_160412_653.jpg,clear,train_data/session_20260605_154345/frame_02448_160412_653.jpg
clear/frame_02449_160413_153.jpg,clear,train_data/session_20260605_154345/frame_02449_160413_153.jpg
clear/frame_02450_160413_654.jpg,clear,train_data/session_20260605_154345/frame_02450_160413_654.jpg
clear/frame_02451_160414_154.jpg,clear,train_data/session_20260605_154345/frame_02451_160414_154.jpg
clear/frame_02452_160414_655.jpg,clear,train_data/session_20260605_154345/frame_02452_160414_655.jpg
clear/frame_02453_160415_155.jpg,clear,train_data/session_20260605_154345/frame_02453_160415_155.jpg
clear/frame_02454_160415_655.jpg,clear,train_data/session_20260605_154345/frame_02454_160415_655.jpg
clear/frame_02455_160416_155.jpg,clear,train_data/session_20260605_154345/frame_02455_160416_155.jpg
clear/frame_02456_160416_656.jpg,clear,train_data/session_20260605_154345/frame_02456_160416_656.jpg
clear/frame_02457_160417_156.jpg,clear,train_data/session_20260605_154345/frame_02457_160417_156.jpg
clear/frame_02458_160417_656.jpg,clear,train_data/session_20260605_154345/frame_02458_160417_656.jpg
clear/frame_02459_160418_157.jpg,clear,train_data/session_20260605_154345/frame_02459_160418_157.jpg
clear/frame_02460_160418_657.jpg,clear,train_data/session_20260605_154345/frame_02460_160418_657.jpg
clear/frame_02462_160419_658.jpg,clear,train_data/session_20260605_154345/frame_02462_160419_658.jpg
clear/frame_02463_160420_158.jpg,clear,train_data/session_20260605_154345/frame_02463_160420_158.jpg
clear/frame_02464_160420_658.jpg,clear,train_data/session_20260605_154345/frame_02464_160420_658.jpg
clear/frame_02465_160421_159.jpg,clear,train_data/session_20260605_154345/frame_02465_160421_159.jpg
clear/frame_02466_160421_659.jpg,clear,train_data/session_20260605_154345/frame_02466_160421_659.jpg
clear/frame_02467_160422_160.jpg,clear,train_data/session_20260605_154345/frame_02467_160422_160.jpg
clear/frame_02471_160424_161.jpg,clear,train_data/session_20260605_154345/frame_02471_160424_161.jpg
clear/frame_02472_160424_661.jpg,clear,train_data/session_20260605_154345/frame_02472_160424_661.jpg
clear/frame_02477_160427_163.jpg,clear,train_data/session_20260605_154345/frame_02477_160427_163.jpg
clear/frame_02479_160428_164.jpg,clear,train_data/session_20260605_154345/frame_02479_160428_164.jpg
clear/frame_02482_160429_665.jpg,clear,train_data/session_20260605_154345/frame_02482_160429_665.jpg
clear/frame_02483_160430_165.jpg,clear,train_data/session_20260605_154345/frame_02483_160430_165.jpg
clear/frame_02484_160430_666.jpg,clear,train_data/session_20260605_154345/frame_02484_160430_666.jpg
clear/frame_02485_160431_166.jpg,clear,train_data/session_20260605_154345/frame_02485_160431_166.jpg
clear/frame_02486_160431_667.jpg,clear,train_data/session_20260605_154345/frame_02486_160431_667.jpg
clear/frame_02488_160432_667.jpg,clear,train_data/session_20260605_154345/frame_02488_160432_667.jpg
clear/frame_02489_160433_168.jpg,clear,train_data/session_20260605_154345/frame_02489_160433_168.jpg
clear/frame_02491_160434_168.jpg,clear,train_data/session_20260605_154345/frame_02491_160434_168.jpg
clear/frame_02492_160434_668.jpg,clear,train_data/session_20260605_154345/frame_02492_160434_668.jpg
clear/frame_02493_160435_169.jpg,clear,train_data/session_20260605_154345/frame_02493_160435_169.jpg
clear/frame_02494_160435_669.jpg,clear,train_data/session_20260605_154345/frame_02494_160435_669.jpg
clear/frame_02495_160436_170.jpg,clear,train_data/session_20260605_154345/frame_02495_160436_170.jpg
clear/frame_02496_160436_670.jpg,clear,train_data/session_20260605_154345/frame_02496_160436_670.jpg
clear/frame_02497_160437_170.jpg,clear,train_data/session_20260605_154345/frame_02497_160437_170.jpg
clear/frame_02498_160437_670.jpg,clear,train_data/session_20260605_154345/frame_02498_160437_670.jpg
clear/frame_02501_160439_172.jpg,clear,train_data/session_20260605_154345/frame_02501_160439_172.jpg
clear/frame_02503_160440_172.jpg,clear,train_data/session_20260605_154345/frame_02503_160440_172.jpg
clear/frame_02505_160441_173.jpg,clear,train_data/session_20260605_154345/frame_02505_160441_173.jpg
clear/frame_02506_160441_673.jpg,clear,train_data/session_20260605_154345/frame_02506_160441_673.jpg
clear/frame_02507_160442_174.jpg,clear,train_data/session_20260605_154345/frame_02507_160442_174.jpg
clear/frame_02508_160442_674.jpg,clear,train_data/session_20260605_154345/frame_02508_160442_674.jpg
clear/frame_02509_160443_175.jpg,clear,train_data/session_20260605_154345/frame_02509_160443_175.jpg
clear/frame_02511_160444_175.jpg,clear,train_data/session_20260605_154345/frame_02511_160444_175.jpg
clear/frame_02512_160444_675.jpg,clear,train_data/session_20260605_154345/frame_02512_160444_675.jpg
clear/frame_02513_160445_176.jpg,clear,train_data/session_20260605_154345/frame_02513_160445_176.jpg
clear/frame_02514_160445_676.jpg,clear,train_data/session_20260605_154345/frame_02514_160445_676.jpg
clear/frame_02515_160446_176.jpg,clear,train_data/session_20260605_154345/frame_02515_160446_176.jpg
clear/frame_02516_160446_677.jpg,clear,train_data/session_20260605_154345/frame_02516_160446_677.jpg
clear/frame_02517_160447_177.jpg,clear,train_data/session_20260605_154345/frame_02517_160447_177.jpg
clear/frame_02518_160447_678.jpg,clear,train_data/session_20260605_154345/frame_02518_160447_678.jpg
clear/frame_02519_160448_177.jpg,clear,train_data/session_20260605_154345/frame_02519_160448_177.jpg
clear/frame_02520_160448_678.jpg,clear,train_data/session_20260605_154345/frame_02520_160448_678.jpg
clear/frame_02521_160449_179.jpg,clear,train_data/session_20260605_154345/frame_02521_160449_179.jpg
clear/frame_02522_160449_679.jpg,clear,train_data/session_20260605_154345/frame_02522_160449_679.jpg
clear/frame_02523_160450_179.jpg,clear,train_data/session_20260605_154345/frame_02523_160450_179.jpg
clear/frame_02524_160450_680.jpg,clear,train_data/session_20260605_154345/frame_02524_160450_680.jpg
clear/frame_02525_160451_180.jpg,clear,train_data/session_20260605_154345/frame_02525_160451_180.jpg
clear/frame_02526_160451_680.jpg,clear,train_data/session_20260605_154345/frame_02526_160451_680.jpg
clear/frame_02527_160452_180.jpg,clear,train_data/session_20260605_154345/frame_02527_160452_180.jpg
clear/frame_02528_160452_681.jpg,clear,train_data/session_20260605_154345/frame_02528_160452_681.jpg
clear/frame_02529_160453_181.jpg,clear,train_data/session_20260605_154345/frame_02529_160453_181.jpg
clear/frame_02531_160454_182.jpg,clear,train_data/session_20260605_154345/frame_02531_160454_182.jpg
clear/frame_02532_160454_682.jpg,clear,train_data/session_20260605_154345/frame_02532_160454_682.jpg
clear/frame_02540_160458_685.jpg,clear,train_data/session_20260605_154345/frame_02540_160458_685.jpg
clear/frame_02542_160459_685.jpg,clear,train_data/session_20260605_154345/frame_02542_160459_685.jpg
clear/frame_02544_160500_686.jpg,clear,train_data/session_20260605_154345/frame_02544_160500_686.jpg
clear/frame_02549_160503_188.jpg,clear,train_data/session_20260605_154345/frame_02549_160503_188.jpg
clear/frame_02550_160503_689.jpg,clear,train_data/session_20260605_154345/frame_02550_160503_689.jpg
clear/frame_02552_160504_689.jpg,clear,train_data/session_20260605_154345/frame_02552_160504_689.jpg
clear/frame_02553_160505_189.jpg,clear,train_data/session_20260605_154345/frame_02553_160505_189.jpg
clear/frame_02554_160505_690.jpg,clear,train_data/session_20260605_154345/frame_02554_160505_690.jpg
clear/frame_02555_160506_190.jpg,clear,train_data/session_20260605_154345/frame_02555_160506_190.jpg
clear/frame_02556_160506_691.jpg,clear,train_data/session_20260605_154345/frame_02556_160506_691.jpg
clear/frame_02557_160507_191.jpg,clear,train_data/session_20260605_154345/frame_02557_160507_191.jpg
clear/frame_02558_160507_691.jpg,clear,train_data/session_20260605_154345/frame_02558_160507_691.jpg
clear/frame_02559_160508_191.jpg,clear,train_data/session_20260605_154345/frame_02559_160508_191.jpg
clear/frame_02560_160508_692.jpg,clear,train_data/session_20260605_154345/frame_02560_160508_692.jpg
clear/frame_02561_160509_192.jpg,clear,train_data/session_20260605_154345/frame_02561_160509_192.jpg
clear/frame_02562_160509_693.jpg,clear,train_data/session_20260605_154345/frame_02562_160509_693.jpg
clear/frame_02563_160510_193.jpg,clear,train_data/session_20260605_154345/frame_02563_160510_193.jpg
clear/frame_02564_160510_693.jpg,clear,train_data/session_20260605_154345/frame_02564_160510_693.jpg
clear/frame_02565_160511_194.jpg,clear,train_data/session_20260605_154345/frame_02565_160511_194.jpg
clear/frame_02566_160511_694.jpg,clear,train_data/session_20260605_154345/frame_02566_160511_694.jpg
clear/frame_02567_160512_194.jpg,clear,train_data/session_20260605_154345/frame_02567_160512_194.jpg
clear/frame_02568_160512_695.jpg,clear,train_data/session_20260605_154345/frame_02568_160512_695.jpg
clear/frame_02569_160513_195.jpg,clear,train_data/session_20260605_154345/frame_02569_160513_195.jpg
clear/frame_02570_160513_695.jpg,clear,train_data/session_20260605_154345/frame_02570_160513_695.jpg
clear/frame_02571_160514_196.jpg,clear,train_data/session_20260605_154345/frame_02571_160514_196.jpg
clear/frame_02572_160514_695.jpg,clear,train_data/session_20260605_154345/frame_02572_160514_695.jpg
clear/frame_02574_160515_696.jpg,clear,train_data/session_20260605_154345/frame_02574_160515_696.jpg
clear/frame_02576_160516_697.jpg,clear,train_data/session_20260605_154345/frame_02576_160516_697.jpg
clear/frame_02578_160517_698.jpg,clear,train_data/session_20260605_154345/frame_02578_160517_698.jpg
clear/frame_02579_160518_198.jpg,clear,train_data/session_20260605_154345/frame_02579_160518_198.jpg
clear/frame_02580_160518_699.jpg,clear,train_data/session_20260605_154345/frame_02580_160518_699.jpg
clear/frame_02582_160519_699.jpg,clear,train_data/session_20260605_154345/frame_02582_160519_699.jpg
clear/frame_02583_160520_200.jpg,clear,train_data/session_20260605_154345/frame_02583_160520_200.jpg
clear/frame_02585_160521_201.jpg,clear,train_data/session_20260605_154345/frame_02585_160521_201.jpg
clear/frame_02587_160522_201.jpg,clear,train_data/session_20260605_154345/frame_02587_160522_201.jpg
clear/frame_02589_160523_202.jpg,clear,train_data/session_20260605_154345/frame_02589_160523_202.jpg
clear/frame_02590_160523_702.jpg,clear,train_data/session_20260605_154345/frame_02590_160523_702.jpg
clear/frame_02591_160524_202.jpg,clear,train_data/session_20260605_154345/frame_02591_160524_202.jpg
clear/frame_02592_160524_703.jpg,clear,train_data/session_20260605_154345/frame_02592_160524_703.jpg
clear/frame_02595_160526_204.jpg,clear,train_data/session_20260605_154345/frame_02595_160526_204.jpg
clear/frame_02596_160526_705.jpg,clear,train_data/session_20260605_154345/frame_02596_160526_705.jpg
clear/frame_02597_160527_205.jpg,clear,train_data/session_20260605_154345/frame_02597_160527_205.jpg
clear/frame_02598_160527_706.jpg,clear,train_data/session_20260605_154345/frame_02598_160527_706.jpg
clear/frame_02599_160528_205.jpg,clear,train_data/session_20260605_154345/frame_02599_160528_205.jpg
clear/frame_02600_160528_706.jpg,clear,train_data/session_20260605_154345/frame_02600_160528_706.jpg
clear/frame_02601_160529_206.jpg,clear,train_data/session_20260605_154345/frame_02601_160529_206.jpg
clear/frame_02602_160529_706.jpg,clear,train_data/session_20260605_154345/frame_02602_160529_706.jpg
clear/frame_02604_160530_707.jpg,clear,train_data/session_20260605_154345/frame_02604_160530_707.jpg
clear/frame_02605_160531_208.jpg,clear,train_data/session_20260605_154345/frame_02605_160531_208.jpg
clear/frame_02607_160532_208.jpg,clear,train_data/session_20260605_154345/frame_02607_160532_208.jpg
clear/frame_02608_160532_708.jpg,clear,train_data/session_20260605_154345/frame_02608_160532_708.jpg
clear/frame_02609_160533_209.jpg,clear,train_data/session_20260605_154345/frame_02609_160533_209.jpg
clear/frame_02610_160533_709.jpg,clear,train_data/session_20260605_154345/frame_02610_160533_709.jpg
clear/frame_02611_160534_210.jpg,clear,train_data/session_20260605_154345/frame_02611_160534_210.jpg
clear/frame_02612_160534_710.jpg,clear,train_data/session_20260605_154345/frame_02612_160534_710.jpg
clear/frame_02613_160535_210.jpg,clear,train_data/session_20260605_154345/frame_02613_160535_210.jpg
clear/frame_02614_160535_710.jpg,clear,train_data/session_20260605_154345/frame_02614_160535_710.jpg
clear/frame_02615_160536_211.jpg,clear,train_data/session_20260605_154345/frame_02615_160536_211.jpg
clear/frame_02616_160536_711.jpg,clear,train_data/session_20260605_154345/frame_02616_160536_711.jpg
clear/frame_02617_160537_212.jpg,clear,train_data/session_20260605_154345/frame_02617_160537_212.jpg
clear/frame_02618_160537_712.jpg,clear,train_data/session_20260605_154345/frame_02618_160537_712.jpg
clear/frame_02619_160538_212.jpg,clear,train_data/session_20260605_154345/frame_02619_160538_212.jpg
clear/frame_02620_160538_713.jpg,clear,train_data/session_20260605_154345/frame_02620_160538_713.jpg
clear/frame_02621_160539_213.jpg,clear,train_data/session_20260605_154345/frame_02621_160539_213.jpg
clear/frame_02622_160539_713.jpg,clear,train_data/session_20260605_154345/frame_02622_160539_713.jpg
clear/frame_02623_160540_214.jpg,clear,train_data/session_20260605_154345/frame_02623_160540_214.jpg
clear/frame_02624_160540_714.jpg,clear,train_data/session_20260605_154345/frame_02624_160540_714.jpg
clear/frame_02625_160541_214.jpg,clear,train_data/session_20260605_154345/frame_02625_160541_214.jpg
clear/frame_02626_160541_715.jpg,clear,train_data/session_20260605_154345/frame_02626_160541_715.jpg
clear/frame_02627_160542_215.jpg,clear,train_data/session_20260605_154345/frame_02627_160542_215.jpg
clear/frame_02628_160542_716.jpg,clear,train_data/session_20260605_154345/frame_02628_160542_716.jpg
clear/frame_02631_160544_216.jpg,clear,train_data/session_20260605_154345/frame_02631_160544_216.jpg
clear/frame_02632_160544_717.jpg,clear,train_data/session_20260605_154345/frame_02632_160544_717.jpg
clear/frame_02633_160545_217.jpg,clear,train_data/session_20260605_154345/frame_02633_160545_217.jpg
clear/frame_02634_160545_718.jpg,clear,train_data/session_20260605_154345/frame_02634_160545_718.jpg
clear/frame_02636_160546_718.jpg,clear,train_data/session_20260605_154345/frame_02636_160546_718.jpg
clear/frame_02637_160547_219.jpg,clear,train_data/session_20260605_154345/frame_02637_160547_219.jpg
clear/frame_02638_160547_719.jpg,clear,train_data/session_20260605_154345/frame_02638_160547_719.jpg
clear/frame_02639_160548_219.jpg,clear,train_data/session_20260605_154345/frame_02639_160548_219.jpg
clear/frame_02640_160548_719.jpg,clear,train_data/session_20260605_154345/frame_02640_160548_719.jpg
clear/frame_02641_160549_220.jpg,clear,train_data/session_20260605_154345/frame_02641_160549_220.jpg
clear/frame_02642_160549_720.jpg,clear,train_data/session_20260605_154345/frame_02642_160549_720.jpg
clear/frame_02643_160550_221.jpg,clear,train_data/session_20260605_154345/frame_02643_160550_221.jpg
clear/frame_02644_160550_721.jpg,clear,train_data/session_20260605_154345/frame_02644_160550_721.jpg
clear/frame_02645_160551_221.jpg,clear,train_data/session_20260605_154345/frame_02645_160551_221.jpg
clear/frame_02646_160551_721.jpg,clear,train_data/session_20260605_154345/frame_02646_160551_721.jpg
clear/frame_02648_160552_722.jpg,clear,train_data/session_20260605_154345/frame_02648_160552_722.jpg
clear/frame_02649_160553_223.jpg,clear,train_data/session_20260605_154345/frame_02649_160553_223.jpg
clear/frame_02651_160554_224.jpg,clear,train_data/session_20260605_154345/frame_02651_160554_224.jpg
clear/frame_02652_160554_723.jpg,clear,train_data/session_20260605_154345/frame_02652_160554_723.jpg
clear/frame_02654_160555_724.jpg,clear,train_data/session_20260605_154345/frame_02654_160555_724.jpg
clear/frame_02655_160556_225.jpg,clear,train_data/session_20260605_154345/frame_02655_160556_225.jpg
clear/frame_02656_160556_725.jpg,clear,train_data/session_20260605_154345/frame_02656_160556_725.jpg
clear/frame_02657_160557_226.jpg,clear,train_data/session_20260605_154345/frame_02657_160557_226.jpg
clear/frame_02659_160558_226.jpg,clear,train_data/session_20260605_154345/frame_02659_160558_226.jpg
clear/frame_02662_160559_728.jpg,clear,train_data/session_20260605_154345/frame_02662_160559_728.jpg
clear/frame_02663_160600_227.jpg,clear,train_data/session_20260605_154345/frame_02663_160600_227.jpg
clear/frame_02665_160601_228.jpg,clear,train_data/session_20260605_154345/frame_02665_160601_228.jpg
clear/frame_02666_160601_729.jpg,clear,train_data/session_20260605_154345/frame_02666_160601_729.jpg
clear/frame_02667_160602_229.jpg,clear,train_data/session_20260605_154345/frame_02667_160602_229.jpg
clear/frame_02668_160602_730.jpg,clear,train_data/session_20260605_154345/frame_02668_160602_730.jpg
clear/frame_02669_160603_229.jpg,clear,train_data/session_20260605_154345/frame_02669_160603_229.jpg
clear/frame_02673_160605_231.jpg,clear,train_data/session_20260605_154345/frame_02673_160605_231.jpg
clear/frame_02676_160606_732.jpg,clear,train_data/session_20260605_154345/frame_02676_160606_732.jpg
clear/frame_02677_160607_232.jpg,clear,train_data/session_20260605_154345/frame_02677_160607_232.jpg
clear/frame_02678_160607_733.jpg,clear,train_data/session_20260605_154345/frame_02678_160607_733.jpg
clear/frame_02679_160608_233.jpg,clear,train_data/session_20260605_154345/frame_02679_160608_233.jpg
clear/frame_02681_160609_234.jpg,clear,train_data/session_20260605_154345/frame_02681_160609_234.jpg
clear/frame_02683_160610_235.jpg,clear,train_data/session_20260605_154345/frame_02683_160610_235.jpg
clear/frame_02684_160610_735.jpg,clear,train_data/session_20260605_154345/frame_02684_160610_735.jpg
clear/frame_02687_160612_236.jpg,clear,train_data/session_20260605_154345/frame_02687_160612_236.jpg
clear/frame_02688_160612_736.jpg,clear,train_data/session_20260605_154345/frame_02688_160612_736.jpg
clear/frame_02690_160613_737.jpg,clear,train_data/session_20260605_154345/frame_02690_160613_737.jpg
clear/frame_02691_160614_237.jpg,clear,train_data/session_20260605_154345/frame_02691_160614_237.jpg
clear/frame_02693_160615_238.jpg,clear,train_data/session_20260605_154345/frame_02693_160615_238.jpg
clear/frame_02694_160615_738.jpg,clear,train_data/session_20260605_154345/frame_02694_160615_738.jpg
clear/frame_02695_160616_239.jpg,clear,train_data/session_20260605_154345/frame_02695_160616_239.jpg
clear/frame_02696_160616_739.jpg,clear,train_data/session_20260605_154345/frame_02696_160616_739.jpg
clear/frame_02697_160617_239.jpg,clear,train_data/session_20260605_154345/frame_02697_160617_239.jpg
clear/frame_02698_160617_740.jpg,clear,train_data/session_20260605_154345/frame_02698_160617_740.jpg
clear/frame_02700_160618_740.jpg,clear,train_data/session_20260605_154345/frame_02700_160618_740.jpg
clear/frame_02701_160619_240.jpg,clear,train_data/session_20260605_154345/frame_02701_160619_240.jpg
clear/frame_02702_160619_741.jpg,clear,train_data/session_20260605_154345/frame_02702_160619_741.jpg
clear/frame_02704_160620_742.jpg,clear,train_data/session_20260605_154345/frame_02704_160620_742.jpg
clear/frame_02706_160621_743.jpg,clear,train_data/session_20260605_154345/frame_02706_160621_743.jpg
clear/frame_02707_160622_242.jpg,clear,train_data/session_20260605_154345/frame_02707_160622_242.jpg
clear/frame_02710_160623_744.jpg,clear,train_data/session_20260605_154345/frame_02710_160623_744.jpg
clear/frame_02712_160624_744.jpg,clear,train_data/session_20260605_154345/frame_02712_160624_744.jpg
clear/frame_02713_160625_245.jpg,clear,train_data/session_20260605_154345/frame_02713_160625_245.jpg
clear/frame_02714_160625_745.jpg,clear,train_data/session_20260605_154345/frame_02714_160625_745.jpg
clear/frame_02715_160626_246.jpg,clear,train_data/session_20260605_154345/frame_02715_160626_246.jpg
clear/frame_02719_160628_247.jpg,clear,train_data/session_20260605_154345/frame_02719_160628_247.jpg
clear/frame_02720_160628_747.jpg,clear,train_data/session_20260605_154345/frame_02720_160628_747.jpg
clear/frame_02723_160630_248.jpg,clear,train_data/session_20260605_154345/frame_02723_160630_248.jpg
clear/frame_02726_160631_749.jpg,clear,train_data/session_20260605_154345/frame_02726_160631_749.jpg
clear/frame_02727_160632_250.jpg,clear,train_data/session_20260605_154345/frame_02727_160632_250.jpg
clear/frame_02730_160633_751.jpg,clear,train_data/session_20260605_154345/frame_02730_160633_751.jpg
clear/frame_02735_160636_253.jpg,clear,train_data/session_20260605_154345/frame_02735_160636_253.jpg
clear/frame_02736_160636_753.jpg,clear,train_data/session_20260605_154345/frame_02736_160636_753.jpg
clear/frame_02737_160637_286.jpg,clear,train_data/session_20260605_154345/frame_02737_160637_286.jpg
clear/frame_02738_160637_787.jpg,clear,train_data/session_20260605_154345/frame_02738_160637_787.jpg
clear/frame_02739_160638_287.jpg,clear,train_data/session_20260605_154345/frame_02739_160638_287.jpg
clear/frame_02740_160638_787.jpg,clear,train_data/session_20260605_154345/frame_02740_160638_787.jpg
clear/frame_02741_160639_288.jpg,clear,train_data/session_20260605_154345/frame_02741_160639_288.jpg
clear/frame_02742_160639_789.jpg,clear,train_data/session_20260605_154345/frame_02742_160639_789.jpg
clear/frame_02743_160640_289.jpg,clear,train_data/session_20260605_154345/frame_02743_160640_289.jpg
clear/frame_02744_160640_789.jpg,clear,train_data/session_20260605_154345/frame_02744_160640_789.jpg
clear/frame_02745_160641_289.jpg,clear,train_data/session_20260605_154345/frame_02745_160641_289.jpg
clear/frame_02746_160641_789.jpg,clear,train_data/session_20260605_154345/frame_02746_160641_789.jpg
clear/frame_02749_160643_291.jpg,clear,train_data/session_20260605_154345/frame_02749_160643_291.jpg
clear/frame_02751_160644_291.jpg,clear,train_data/session_20260605_154345/frame_02751_160644_291.jpg
clear/frame_02752_160644_792.jpg,clear,train_data/session_20260605_154345/frame_02752_160644_792.jpg
clear/frame_02753_160645_292.jpg,clear,train_data/session_20260605_154345/frame_02753_160645_292.jpg
clear/frame_02754_160645_792.jpg,clear,train_data/session_20260605_154345/frame_02754_160645_792.jpg
clear/frame_02755_160646_293.jpg,clear,train_data/session_20260605_154345/frame_02755_160646_293.jpg
clear/frame_02756_160646_793.jpg,clear,train_data/session_20260605_154345/frame_02756_160646_793.jpg
clear/frame_02757_160647_293.jpg,clear,train_data/session_20260605_154345/frame_02757_160647_293.jpg
clear/frame_02758_160647_794.jpg,clear,train_data/session_20260605_154345/frame_02758_160647_794.jpg
clear/frame_02760_160648_795.jpg,clear,train_data/session_20260605_154345/frame_02760_160648_795.jpg
clear/frame_02761_160649_295.jpg,clear,train_data/session_20260605_154345/frame_02761_160649_295.jpg
clear/frame_02762_160649_794.jpg,clear,train_data/session_20260605_154345/frame_02762_160649_794.jpg
clear/frame_02763_160650_295.jpg,clear,train_data/session_20260605_154345/frame_02763_160650_295.jpg
clear/frame_02764_160650_796.jpg,clear,train_data/session_20260605_154345/frame_02764_160650_796.jpg
clear/frame_02765_160651_296.jpg,clear,train_data/session_20260605_154345/frame_02765_160651_296.jpg
clear/frame_02766_160651_797.jpg,clear,train_data/session_20260605_154345/frame_02766_160651_797.jpg
clear/frame_02767_160652_297.jpg,clear,train_data/session_20260605_154345/frame_02767_160652_297.jpg
clear/frame_02769_160653_363.jpg,clear,train_data/session_20260605_154345/frame_02769_160653_363.jpg
clear/frame_02773_160655_364.jpg,clear,train_data/session_20260605_154345/frame_02773_160655_364.jpg
clear/frame_02775_160656_365.jpg,clear,train_data/session_20260605_154345/frame_02775_160656_365.jpg
clear/frame_02777_160657_368.jpg,clear,train_data/session_20260605_154345/frame_02777_160657_368.jpg
clear/frame_02778_160657_867.jpg,clear,train_data/session_20260605_154345/frame_02778_160657_867.jpg
clear/frame_02779_160658_368.jpg,clear,train_data/session_20260605_154345/frame_02779_160658_368.jpg
clear/frame_02781_160659_369.jpg,clear,train_data/session_20260605_154345/frame_02781_160659_369.jpg
clear/frame_02783_160700_369.jpg,clear,train_data/session_20260605_154345/frame_02783_160700_369.jpg
clear/frame_02784_160700_870.jpg,clear,train_data/session_20260605_154345/frame_02784_160700_870.jpg
clear/frame_02785_160701_371.jpg,clear,train_data/session_20260605_154345/frame_02785_160701_371.jpg
clear/frame_02786_160701_870.jpg,clear,train_data/session_20260605_154345/frame_02786_160701_870.jpg
clear/frame_02787_160702_371.jpg,clear,train_data/session_20260605_154345/frame_02787_160702_371.jpg
clear/frame_02788_160702_871.jpg,clear,train_data/session_20260605_154345/frame_02788_160702_871.jpg
clear/frame_02789_160703_371.jpg,clear,train_data/session_20260605_154345/frame_02789_160703_371.jpg
clear/frame_02790_160703_872.jpg,clear,train_data/session_20260605_154345/frame_02790_160703_872.jpg
clear/frame_02791_160704_372.jpg,clear,train_data/session_20260605_154345/frame_02791_160704_372.jpg
clear/frame_02792_160704_872.jpg,clear,train_data/session_20260605_154345/frame_02792_160704_872.jpg
clear/frame_02793_160705_372.jpg,clear,train_data/session_20260605_154345/frame_02793_160705_372.jpg
clear/frame_02796_160706_874.jpg,clear,train_data/session_20260605_154345/frame_02796_160706_874.jpg
clear/frame_02797_160707_374.jpg,clear,train_data/session_20260605_154345/frame_02797_160707_374.jpg
clear/frame_02798_160707_875.jpg,clear,train_data/session_20260605_154345/frame_02798_160707_875.jpg
clear/frame_02799_160708_375.jpg,clear,train_data/session_20260605_154345/frame_02799_160708_375.jpg
clear/frame_02800_160708_875.jpg,clear,train_data/session_20260605_154345/frame_02800_160708_875.jpg
clear/frame_02801_160709_375.jpg,clear,train_data/session_20260605_154345/frame_02801_160709_375.jpg
clear/frame_02802_160709_876.jpg,clear,train_data/session_20260605_154345/frame_02802_160709_876.jpg
clear/frame_02806_160711_877.jpg,clear,train_data/session_20260605_154345/frame_02806_160711_877.jpg
clear/frame_02807_160712_377.jpg,clear,train_data/session_20260605_154345/frame_02807_160712_377.jpg
clear/frame_02808_160712_879.jpg,clear,train_data/session_20260605_154345/frame_02808_160712_879.jpg
clear/frame_02809_160713_378.jpg,clear,train_data/session_20260605_154345/frame_02809_160713_378.jpg
clear/frame_02810_160713_879.jpg,clear,train_data/session_20260605_154345/frame_02810_160713_879.jpg
clear/frame_02812_160714_879.jpg,clear,train_data/session_20260605_154345/frame_02812_160714_879.jpg
clear/frame_02813_160715_379.jpg,clear,train_data/session_20260605_154345/frame_02813_160715_379.jpg
clear/frame_02815_160716_380.jpg,clear,train_data/session_20260605_154345/frame_02815_160716_380.jpg
clear/frame_02816_160716_880.jpg,clear,train_data/session_20260605_154345/frame_02816_160716_880.jpg
clear/frame_02818_160717_881.jpg,clear,train_data/session_20260605_154345/frame_02818_160717_881.jpg
clear/frame_02820_160718_882.jpg,clear,train_data/session_20260605_154345/frame_02820_160718_882.jpg
clear/frame_02822_160719_882.jpg,clear,train_data/session_20260605_154345/frame_02822_160719_882.jpg
clear/frame_02823_160720_383.jpg,clear,train_data/session_20260605_154345/frame_02823_160720_383.jpg
clear/frame_02825_160721_383.jpg,clear,train_data/session_20260605_154345/frame_02825_160721_383.jpg
clear/frame_02826_160721_884.jpg,clear,train_data/session_20260605_154345/frame_02826_160721_884.jpg
clear/frame_02827_160722_384.jpg,clear,train_data/session_20260605_154345/frame_02827_160722_384.jpg
clear/frame_02828_160722_884.jpg,clear,train_data/session_20260605_154345/frame_02828_160722_884.jpg
clear/frame_02829_160723_385.jpg,clear,train_data/session_20260605_154345/frame_02829_160723_385.jpg
clear/frame_02830_160723_886.jpg,clear,train_data/session_20260605_154345/frame_02830_160723_886.jpg
clear/frame_02832_160724_886.jpg,clear,train_data/session_20260605_154345/frame_02832_160724_886.jpg
clear/frame_02833_160725_386.jpg,clear,train_data/session_20260605_154345/frame_02833_160725_386.jpg
clear/frame_02834_160725_887.jpg,clear,train_data/session_20260605_154345/frame_02834_160725_887.jpg
clear/frame_02835_160726_387.jpg,clear,train_data/session_20260605_154345/frame_02835_160726_387.jpg
clear/frame_02836_160726_888.jpg,clear,train_data/session_20260605_154345/frame_02836_160726_888.jpg
clear/frame_02837_160727_388.jpg,clear,train_data/session_20260605_154345/frame_02837_160727_388.jpg
clear/frame_02838_160727_888.jpg,clear,train_data/session_20260605_154345/frame_02838_160727_888.jpg
clear/frame_02839_160728_388.jpg,clear,train_data/session_20260605_154345/frame_02839_160728_388.jpg
clear/frame_02840_160728_889.jpg,clear,train_data/session_20260605_154345/frame_02840_160728_889.jpg
clear/frame_02841_160729_389.jpg,clear,train_data/session_20260605_154345/frame_02841_160729_389.jpg
clear/frame_02842_160729_890.jpg,clear,train_data/session_20260605_154345/frame_02842_160729_890.jpg
clear/frame_02843_160730_390.jpg,clear,train_data/session_20260605_154345/frame_02843_160730_390.jpg
clear/frame_02844_160730_890.jpg,clear,train_data/session_20260605_154345/frame_02844_160730_890.jpg
clear/frame_02845_160731_390.jpg,clear,train_data/session_20260605_154345/frame_02845_160731_390.jpg
clear/frame_02846_160731_891.jpg,clear,train_data/session_20260605_154345/frame_02846_160731_891.jpg
clear/frame_02847_160732_391.jpg,clear,train_data/session_20260605_154345/frame_02847_160732_391.jpg
clear/frame_02848_160732_891.jpg,clear,train_data/session_20260605_154345/frame_02848_160732_891.jpg
clear/frame_02850_160733_892.jpg,clear,train_data/session_20260605_154345/frame_02850_160733_892.jpg
clear/frame_02851_160734_392.jpg,clear,train_data/session_20260605_154345/frame_02851_160734_392.jpg
clear/frame_02852_160734_893.jpg,clear,train_data/session_20260605_154345/frame_02852_160734_893.jpg
clear/frame_02853_160735_393.jpg,clear,train_data/session_20260605_154345/frame_02853_160735_393.jpg
clear/frame_02854_160735_893.jpg,clear,train_data/session_20260605_154345/frame_02854_160735_893.jpg
clear/frame_02855_160736_394.jpg,clear,train_data/session_20260605_154345/frame_02855_160736_394.jpg
clear/frame_02859_160738_396.jpg,clear,train_data/session_20260605_154345/frame_02859_160738_396.jpg
clear/frame_02860_160738_896.jpg,clear,train_data/session_20260605_154345/frame_02860_160738_896.jpg
clear/frame_02861_160739_396.jpg,clear,train_data/session_20260605_154345/frame_02861_160739_396.jpg
clear/frame_02862_160739_897.jpg,clear,train_data/session_20260605_154345/frame_02862_160739_897.jpg
clear/frame_02863_160740_397.jpg,clear,train_data/session_20260605_154345/frame_02863_160740_397.jpg
clear/frame_02864_160740_897.jpg,clear,train_data/session_20260605_154345/frame_02864_160740_897.jpg
clear/frame_02866_160741_899.jpg,clear,train_data/session_20260605_154345/frame_02866_160741_899.jpg
clear/frame_02868_160742_899.jpg,clear,train_data/session_20260605_154345/frame_02868_160742_899.jpg
clear/frame_02873_160745_400.jpg,clear,train_data/session_20260605_154345/frame_02873_160745_400.jpg
clear/frame_02874_160745_901.jpg,clear,train_data/session_20260605_154345/frame_02874_160745_901.jpg
clear/frame_02876_160746_901.jpg,clear,train_data/session_20260605_154345/frame_02876_160746_901.jpg
clear/frame_02877_160747_402.jpg,clear,train_data/session_20260605_154345/frame_02877_160747_402.jpg
clear/frame_02878_160747_902.jpg,clear,train_data/session_20260605_154345/frame_02878_160747_902.jpg
clear/frame_02880_160748_903.jpg,clear,train_data/session_20260605_154345/frame_02880_160748_903.jpg
clear/frame_02881_160749_403.jpg,clear,train_data/session_20260605_154345/frame_02881_160749_403.jpg
clear/frame_02882_160749_904.jpg,clear,train_data/session_20260605_154345/frame_02882_160749_904.jpg
clear/frame_02883_160750_404.jpg,clear,train_data/session_20260605_154345/frame_02883_160750_404.jpg
clear/frame_02884_160750_904.jpg,clear,train_data/session_20260605_154345/frame_02884_160750_904.jpg
clear/frame_02886_160751_905.jpg,clear,train_data/session_20260605_154345/frame_02886_160751_905.jpg
clear/frame_02887_160752_405.jpg,clear,train_data/session_20260605_154345/frame_02887_160752_405.jpg
clear/frame_02892_160754_907.jpg,clear,train_data/session_20260605_154345/frame_02892_160754_907.jpg
clear/frame_02893_160755_407.jpg,clear,train_data/session_20260605_154345/frame_02893_160755_407.jpg
clear/frame_02898_160757_909.jpg,clear,train_data/session_20260605_154345/frame_02898_160757_909.jpg
clear/frame_02900_160758_909.jpg,clear,train_data/session_20260605_154345/frame_02900_160758_909.jpg
clear/frame_02902_160759_911.jpg,clear,train_data/session_20260605_154345/frame_02902_160759_911.jpg
clear/frame_02903_160800_410.jpg,clear,train_data/session_20260605_154345/frame_02903_160800_410.jpg
clear/frame_02904_160800_911.jpg,clear,train_data/session_20260605_154345/frame_02904_160800_911.jpg
clear/frame_02905_160801_411.jpg,clear,train_data/session_20260605_154345/frame_02905_160801_411.jpg
clear/frame_02907_160802_412.jpg,clear,train_data/session_20260605_154345/frame_02907_160802_412.jpg
clear/frame_02908_160802_913.jpg,clear,train_data/session_20260605_154345/frame_02908_160802_913.jpg
clear/frame_02909_160803_412.jpg,clear,train_data/session_20260605_154345/frame_02909_160803_412.jpg
clear/frame_02911_160804_413.jpg,clear,train_data/session_20260605_154345/frame_02911_160804_413.jpg
clear/frame_02914_160805_915.jpg,clear,train_data/session_20260605_154345/frame_02914_160805_915.jpg
clear/frame_02915_160806_415.jpg,clear,train_data/session_20260605_154345/frame_02915_160806_415.jpg
clear/frame_02916_160806_915.jpg,clear,train_data/session_20260605_154345/frame_02916_160806_915.jpg
clear/frame_02918_160807_916.jpg,clear,train_data/session_20260605_154345/frame_02918_160807_916.jpg
clear/frame_02920_160808_917.jpg,clear,train_data/session_20260605_154345/frame_02920_160808_917.jpg
clear/frame_02921_160809_417.jpg,clear,train_data/session_20260605_154345/frame_02921_160809_417.jpg
clear/frame_02923_160810_417.jpg,clear,train_data/session_20260605_154345/frame_02923_160810_417.jpg
clear/frame_02928_160812_919.jpg,clear,train_data/session_20260605_154345/frame_02928_160812_919.jpg
clear/frame_02930_160813_920.jpg,clear,train_data/session_20260605_154345/frame_02930_160813_920.jpg
clear/frame_02932_160814_920.jpg,clear,train_data/session_20260605_154345/frame_02932_160814_920.jpg
clear/frame_02934_160815_922.jpg,clear,train_data/session_20260605_154345/frame_02934_160815_922.jpg
clear/frame_02937_160817_423.jpg,clear,train_data/session_20260605_154345/frame_02937_160817_423.jpg
clear/frame_02939_160818_423.jpg,clear,train_data/session_20260605_154345/frame_02939_160818_423.jpg
clear/frame_02941_160819_424.jpg,clear,train_data/session_20260605_154345/frame_02941_160819_424.jpg
clear/frame_02943_160820_424.jpg,clear,train_data/session_20260605_154345/frame_02943_160820_424.jpg
clear/frame_02944_160820_925.jpg,clear,train_data/session_20260605_154345/frame_02944_160820_925.jpg
clear/frame_02945_160821_425.jpg,clear,train_data/session_20260605_154345/frame_02945_160821_425.jpg
clear/frame_02946_160821_926.jpg,clear,train_data/session_20260605_154345/frame_02946_160821_926.jpg
clear/frame_02947_160822_426.jpg,clear,train_data/session_20260605_154345/frame_02947_160822_426.jpg
clear/frame_02949_160823_427.jpg,clear,train_data/session_20260605_154345/frame_02949_160823_427.jpg
clear/frame_02950_160823_928.jpg,clear,train_data/session_20260605_154345/frame_02950_160823_928.jpg
clear/frame_02951_160824_427.jpg,clear,train_data/session_20260605_154345/frame_02951_160824_427.jpg
clear/frame_02952_160824_928.jpg,clear,train_data/session_20260605_154345/frame_02952_160824_928.jpg
clear/frame_02953_160825_428.jpg,clear,train_data/session_20260605_154345/frame_02953_160825_428.jpg
clear/frame_02954_160825_929.jpg,clear,train_data/session_20260605_154345/frame_02954_160825_929.jpg
clear/frame_02955_160826_428.jpg,clear,train_data/session_20260605_154345/frame_02955_160826_428.jpg
clear/frame_02956_160826_929.jpg,clear,train_data/session_20260605_154345/frame_02956_160826_929.jpg
clear/frame_02957_160827_429.jpg,clear,train_data/session_20260605_154345/frame_02957_160827_429.jpg
clear/frame_02958_160827_930.jpg,clear,train_data/session_20260605_154345/frame_02958_160827_930.jpg
clear/frame_02959_160828_430.jpg,clear,train_data/session_20260605_154345/frame_02959_160828_430.jpg
clear/frame_02960_160828_930.jpg,clear,train_data/session_20260605_154345/frame_02960_160828_930.jpg
clear/frame_02961_160829_431.jpg,clear,train_data/session_20260605_154345/frame_02961_160829_431.jpg
clear/frame_02962_160829_931.jpg,clear,train_data/session_20260605_154345/frame_02962_160829_931.jpg
clear/frame_02963_160830_432.jpg,clear,train_data/session_20260605_154345/frame_02963_160830_432.jpg
clear/frame_02964_160830_931.jpg,clear,train_data/session_20260605_154345/frame_02964_160830_931.jpg
clear/frame_02965_160831_432.jpg,clear,train_data/session_20260605_154345/frame_02965_160831_432.jpg
clear/frame_02966_160831_932.jpg,clear,train_data/session_20260605_154345/frame_02966_160831_932.jpg
clear/frame_02967_160832_433.jpg,clear,train_data/session_20260605_154345/frame_02967_160832_433.jpg
clear/frame_02969_160833_433.jpg,clear,train_data/session_20260605_154345/frame_02969_160833_433.jpg
clear/frame_02970_160833_934.jpg,clear,train_data/session_20260605_154345/frame_02970_160833_934.jpg
clear/frame_02973_160835_435.jpg,clear,train_data/session_20260605_154345/frame_02973_160835_435.jpg
clear/frame_02974_160835_936.jpg,clear,train_data/session_20260605_154345/frame_02974_160835_936.jpg
clear/frame_02977_160837_436.jpg,clear,train_data/session_20260605_154345/frame_02977_160837_436.jpg
clear/frame_02979_160838_437.jpg,clear,train_data/session_20260605_154345/frame_02979_160838_437.jpg
clear/frame_02980_160838_938.jpg,clear,train_data/session_20260605_154345/frame_02980_160838_938.jpg
clear/frame_02981_160839_437.jpg,clear,train_data/session_20260605_154345/frame_02981_160839_437.jpg
clear/frame_02983_160840_438.jpg,clear,train_data/session_20260605_154345/frame_02983_160840_438.jpg
clear/frame_02984_160840_939.jpg,clear,train_data/session_20260605_154345/frame_02984_160840_939.jpg
clear/frame_02985_160841_439.jpg,clear,train_data/session_20260605_154345/frame_02985_160841_439.jpg
clear/frame_02986_160841_940.jpg,clear,train_data/session_20260605_154345/frame_02986_160841_940.jpg
clear/frame_02987_160842_440.jpg,clear,train_data/session_20260605_154345/frame_02987_160842_440.jpg
clear/frame_02988_160842_940.jpg,clear,train_data/session_20260605_154345/frame_02988_160842_940.jpg
clear/frame_02991_160844_441.jpg,clear,train_data/session_20260605_154345/frame_02991_160844_441.jpg
clear/frame_02992_160844_942.jpg,clear,train_data/session_20260605_154345/frame_02992_160844_942.jpg
clear/frame_02994_160845_976.jpg,clear,train_data/session_20260605_154345/frame_02994_160845_976.jpg
clear/frame_02995_160846_476.jpg,clear,train_data/session_20260605_154345/frame_02995_160846_476.jpg
clear/frame_02996_160846_976.jpg,clear,train_data/session_20260605_154345/frame_02996_160846_976.jpg
clear/frame_02997_160847_477.jpg,clear,train_data/session_20260605_154345/frame_02997_160847_477.jpg
clear/frame_02998_160847_977.jpg,clear,train_data/session_20260605_154345/frame_02998_160847_977.jpg
clear/frame_03000_160848_978.jpg,clear,train_data/session_20260605_154345/frame_03000_160848_978.jpg
clear/frame_03001_160849_478.jpg,clear,train_data/session_20260605_154345/frame_03001_160849_478.jpg
clear/frame_03002_160849_979.jpg,clear,train_data/session_20260605_154345/frame_03002_160849_979.jpg
clear/frame_03003_160850_478.jpg,clear,train_data/session_20260605_154345/frame_03003_160850_478.jpg
clear/frame_03005_160851_479.jpg,clear,train_data/session_20260605_154345/frame_03005_160851_479.jpg
clear/frame_03006_160851_980.jpg,clear,train_data/session_20260605_154345/frame_03006_160851_980.jpg
clear/frame_03007_160852_480.jpg,clear,train_data/session_20260605_154345/frame_03007_160852_480.jpg
clear/frame_03008_160852_981.jpg,clear,train_data/session_20260605_154345/frame_03008_160852_981.jpg
clear/frame_03009_160853_481.jpg,clear,train_data/session_20260605_154345/frame_03009_160853_481.jpg
clear/frame_03010_160853_981.jpg,clear,train_data/session_20260605_154345/frame_03010_160853_981.jpg
clear/frame_03011_160854_481.jpg,clear,train_data/session_20260605_154345/frame_03011_160854_481.jpg
clear/frame_03012_160854_982.jpg,clear,train_data/session_20260605_154345/frame_03012_160854_982.jpg
clear/frame_03013_160855_482.jpg,clear,train_data/session_20260605_154345/frame_03013_160855_482.jpg
clear/frame_03014_160855_982.jpg,clear,train_data/session_20260605_154345/frame_03014_160855_982.jpg
clear/frame_03015_160856_483.jpg,clear,train_data/session_20260605_154345/frame_03015_160856_483.jpg
clear/frame_03016_160856_983.jpg,clear,train_data/session_20260605_154345/frame_03016_160856_983.jpg
clear/frame_03017_160857_483.jpg,clear,train_data/session_20260605_154345/frame_03017_160857_483.jpg
clear/frame_03018_160857_984.jpg,clear,train_data/session_20260605_154345/frame_03018_160857_984.jpg
clear/frame_03020_160858_984.jpg,clear,train_data/session_20260605_154345/frame_03020_160858_984.jpg
clear/frame_03022_160859_985.jpg,clear,train_data/session_20260605_154345/frame_03022_160859_985.jpg
clear/frame_03023_160900_486.jpg,clear,train_data/session_20260605_154345/frame_03023_160900_486.jpg
clear/frame_03024_160900_986.jpg,clear,train_data/session_20260605_154345/frame_03024_160900_986.jpg
clear/frame_03025_160901_486.jpg,clear,train_data/session_20260605_154345/frame_03025_160901_486.jpg
clear/frame_03028_160902_987.jpg,clear,train_data/session_20260605_154345/frame_03028_160902_987.jpg
clear/frame_03030_160903_988.jpg,clear,train_data/session_20260605_154345/frame_03030_160903_988.jpg
clear/frame_03031_160904_488.jpg,clear,train_data/session_20260605_154345/frame_03031_160904_488.jpg
clear/frame_03032_160904_988.jpg,clear,train_data/session_20260605_154345/frame_03032_160904_988.jpg
clear/frame_03034_160905_990.jpg,clear,train_data/session_20260605_154345/frame_03034_160905_990.jpg
clear/frame_03035_160906_489.jpg,clear,train_data/session_20260605_154345/frame_03035_160906_489.jpg
clear/frame_03036_160906_991.jpg,clear,train_data/session_20260605_154345/frame_03036_160906_991.jpg
clear/frame_03037_160907_490.jpg,clear,train_data/session_20260605_154345/frame_03037_160907_490.jpg
clear/frame_03038_160907_991.jpg,clear,train_data/session_20260605_154345/frame_03038_160907_991.jpg
clear/frame_03039_160908_491.jpg,clear,train_data/session_20260605_154345/frame_03039_160908_491.jpg
clear/frame_03040_160908_992.jpg,clear,train_data/session_20260605_154345/frame_03040_160908_992.jpg
clear/frame_03042_160909_992.jpg,clear,train_data/session_20260605_154345/frame_03042_160909_992.jpg
clear/frame_03043_160910_492.jpg,clear,train_data/session_20260605_154345/frame_03043_160910_492.jpg
clear/frame_03044_160910_993.jpg,clear,train_data/session_20260605_154345/frame_03044_160910_993.jpg
clear/frame_03045_160911_493.jpg,clear,train_data/session_20260605_154345/frame_03045_160911_493.jpg
clear/frame_03046_160911_994.jpg,clear,train_data/session_20260605_154345/frame_03046_160911_994.jpg
clear/frame_03047_160912_494.jpg,clear,train_data/session_20260605_154345/frame_03047_160912_494.jpg
clear/frame_03048_160912_995.jpg,clear,train_data/session_20260605_154345/frame_03048_160912_995.jpg
clear/frame_03049_160913_494.jpg,clear,train_data/session_20260605_154345/frame_03049_160913_494.jpg
clear/frame_03050_160913_995.jpg,clear,train_data/session_20260605_154345/frame_03050_160913_995.jpg
clear/frame_03051_160914_495.jpg,clear,train_data/session_20260605_154345/frame_03051_160914_495.jpg
clear/frame_03052_160914_996.jpg,clear,train_data/session_20260605_154345/frame_03052_160914_996.jpg
clear/frame_03053_160915_496.jpg,clear,train_data/session_20260605_154345/frame_03053_160915_496.jpg
clear/frame_03054_160915_996.jpg,clear,train_data/session_20260605_154345/frame_03054_160915_996.jpg
clear/frame_03055_160916_497.jpg,clear,train_data/session_20260605_154345/frame_03055_160916_497.jpg
clear/frame_03056_160916_997.jpg,clear,train_data/session_20260605_154345/frame_03056_160916_997.jpg
clear/frame_03057_160917_497.jpg,clear,train_data/session_20260605_154345/frame_03057_160917_497.jpg
clear/frame_03058_160917_997.jpg,clear,train_data/session_20260605_154345/frame_03058_160917_997.jpg
clear/frame_03059_160918_498.jpg,clear,train_data/session_20260605_154345/frame_03059_160918_498.jpg
clear/frame_03060_160918_998.jpg,clear,train_data/session_20260605_154345/frame_03060_160918_998.jpg
clear/frame_03061_160919_498.jpg,clear,train_data/session_20260605_154345/frame_03061_160919_498.jpg
clear/frame_03062_160919_999.jpg,clear,train_data/session_20260605_154345/frame_03062_160919_999.jpg
clear/frame_03063_160920_500.jpg,clear,train_data/session_20260605_154345/frame_03063_160920_500.jpg
clear/frame_03064_160921_000.jpg,clear,train_data/session_20260605_154345/frame_03064_160921_000.jpg
clear/frame_03065_160921_500.jpg,clear,train_data/session_20260605_154345/frame_03065_160921_500.jpg
clear/frame_03067_160922_501.jpg,clear,train_data/session_20260605_154345/frame_03067_160922_501.jpg
clear/frame_03068_160923_001.jpg,clear,train_data/session_20260605_154345/frame_03068_160923_001.jpg
clear/frame_03069_160923_502.jpg,clear,train_data/session_20260605_154345/frame_03069_160923_502.jpg
clear/frame_03070_160924_002.jpg,clear,train_data/session_20260605_154345/frame_03070_160924_002.jpg
clear/frame_03071_160924_502.jpg,clear,train_data/session_20260605_154345/frame_03071_160924_502.jpg
clear/frame_03072_160925_003.jpg,clear,train_data/session_20260605_154345/frame_03072_160925_003.jpg
clear/frame_03073_160925_503.jpg,clear,train_data/session_20260605_154345/frame_03073_160925_503.jpg
clear/frame_03074_160926_003.jpg,clear,train_data/session_20260605_154345/frame_03074_160926_003.jpg
clear/frame_03075_160926_503.jpg,clear,train_data/session_20260605_154345/frame_03075_160926_503.jpg
clear/frame_03076_160927_004.jpg,clear,train_data/session_20260605_154345/frame_03076_160927_004.jpg
clear/frame_03078_160928_005.jpg,clear,train_data/session_20260605_154345/frame_03078_160928_005.jpg
clear/frame_03079_160928_505.jpg,clear,train_data/session_20260605_154345/frame_03079_160928_505.jpg
clear/frame_03080_160929_006.jpg,clear,train_data/session_20260605_154345/frame_03080_160929_006.jpg
clear/frame_03081_160929_505.jpg,clear,train_data/session_20260605_154345/frame_03081_160929_505.jpg
clear/frame_03082_160930_006.jpg,clear,train_data/session_20260605_154345/frame_03082_160930_006.jpg
clear/frame_03083_160930_507.jpg,clear,train_data/session_20260605_154345/frame_03083_160930_507.jpg
clear/frame_03084_160931_007.jpg,clear,train_data/session_20260605_154345/frame_03084_160931_007.jpg
clear/frame_03085_160931_507.jpg,clear,train_data/session_20260605_154345/frame_03085_160931_507.jpg
clear/frame_03087_160932_508.jpg,clear,train_data/session_20260605_154345/frame_03087_160932_508.jpg
clear/frame_03088_160933_009.jpg,clear,train_data/session_20260605_154345/frame_03088_160933_009.jpg
clear/frame_03089_160933_508.jpg,clear,train_data/session_20260605_154345/frame_03089_160933_508.jpg
clear/frame_03091_160934_509.jpg,clear,train_data/session_20260605_154345/frame_03091_160934_509.jpg
clear/frame_03092_160935_009.jpg,clear,train_data/session_20260605_154345/frame_03092_160935_009.jpg
clear/frame_03094_160936_010.jpg,clear,train_data/session_20260605_154345/frame_03094_160936_010.jpg
clear/frame_03095_160936_511.jpg,clear,train_data/session_20260605_154345/frame_03095_160936_511.jpg
clear/frame_03097_160937_511.jpg,clear,train_data/session_20260605_154345/frame_03097_160937_511.jpg
clear/frame_03098_160938_011.jpg,clear,train_data/session_20260605_154345/frame_03098_160938_011.jpg
clear/frame_03099_160938_512.jpg,clear,train_data/session_20260605_154345/frame_03099_160938_512.jpg
clear/frame_03100_160939_012.jpg,clear,train_data/session_20260605_154345/frame_03100_160939_012.jpg
clear/frame_03101_160939_513.jpg,clear,train_data/session_20260605_154345/frame_03101_160939_513.jpg
clear/frame_03102_160940_013.jpg,clear,train_data/session_20260605_154345/frame_03102_160940_013.jpg
clear/frame_03103_160940_513.jpg,clear,train_data/session_20260605_154345/frame_03103_160940_513.jpg
clear/frame_03104_160941_014.jpg,clear,train_data/session_20260605_154345/frame_03104_160941_014.jpg
clear/frame_03105_160941_514.jpg,clear,train_data/session_20260605_154345/frame_03105_160941_514.jpg
clear/frame_03107_160942_515.jpg,clear,train_data/session_20260605_154345/frame_03107_160942_515.jpg
clear/frame_03108_160943_015.jpg,clear,train_data/session_20260605_154345/frame_03108_160943_015.jpg
clear/frame_03109_160943_549.jpg,clear,train_data/session_20260605_154345/frame_03109_160943_549.jpg
clear/frame_03110_160944_049.jpg,clear,train_data/session_20260605_154345/frame_03110_160944_049.jpg
clear/frame_03111_160944_549.jpg,clear,train_data/session_20260605_154345/frame_03111_160944_549.jpg
clear/frame_03112_160945_049.jpg,clear,train_data/session_20260605_154345/frame_03112_160945_049.jpg
clear/frame_03113_160945_550.jpg,clear,train_data/session_20260605_154345/frame_03113_160945_550.jpg
clear/frame_03114_160946_050.jpg,clear,train_data/session_20260605_154345/frame_03114_160946_050.jpg
clear/frame_03115_160946_551.jpg,clear,train_data/session_20260605_154345/frame_03115_160946_551.jpg
clear/frame_03116_160947_051.jpg,clear,train_data/session_20260605_154345/frame_03116_160947_051.jpg
clear/frame_03117_160947_551.jpg,clear,train_data/session_20260605_154345/frame_03117_160947_551.jpg
clear/frame_03118_160948_052.jpg,clear,train_data/session_20260605_154345/frame_03118_160948_052.jpg
clear/frame_03119_160948_552.jpg,clear,train_data/session_20260605_154345/frame_03119_160948_552.jpg
clear/frame_03120_160949_053.jpg,clear,train_data/session_20260605_154345/frame_03120_160949_053.jpg
clear/frame_03121_160949_553.jpg,clear,train_data/session_20260605_154345/frame_03121_160949_553.jpg
clear/frame_03122_160950_053.jpg,clear,train_data/session_20260605_154345/frame_03122_160950_053.jpg
clear/frame_03123_160950_554.jpg,clear,train_data/session_20260605_154345/frame_03123_160950_554.jpg
clear/frame_03124_160951_054.jpg,clear,train_data/session_20260605_154345/frame_03124_160951_054.jpg
clear/frame_03125_160951_554.jpg,clear,train_data/session_20260605_154345/frame_03125_160951_554.jpg
clear/frame_03127_160952_555.jpg,clear,train_data/session_20260605_154345/frame_03127_160952_555.jpg
clear/frame_03131_160954_556.jpg,clear,train_data/session_20260605_154345/frame_03131_160954_556.jpg
clear/frame_03132_160955_056.jpg,clear,train_data/session_20260605_154345/frame_03132_160955_056.jpg
clear/frame_03133_160955_557.jpg,clear,train_data/session_20260605_154345/frame_03133_160955_557.jpg
clear/frame_03135_160956_557.jpg,clear,train_data/session_20260605_154345/frame_03135_160956_557.jpg
clear/frame_03136_160957_058.jpg,clear,train_data/session_20260605_154345/frame_03136_160957_058.jpg
clear/frame_03138_160958_059.jpg,clear,train_data/session_20260605_154345/frame_03138_160958_059.jpg
clear/frame_03139_160958_559.jpg,clear,train_data/session_20260605_154345/frame_03139_160958_559.jpg
clear/frame_03140_160959_059.jpg,clear,train_data/session_20260605_154345/frame_03140_160959_059.jpg
clear/frame_03141_160959_560.jpg,clear,train_data/session_20260605_154345/frame_03141_160959_560.jpg
clear/frame_03143_161000_561.jpg,clear,train_data/session_20260605_154345/frame_03143_161000_561.jpg
clear/frame_03144_161001_061.jpg,clear,train_data/session_20260605_154345/frame_03144_161001_061.jpg
clear/frame_03145_161001_561.jpg,clear,train_data/session_20260605_154345/frame_03145_161001_561.jpg
clear/frame_03146_161002_061.jpg,clear,train_data/session_20260605_154345/frame_03146_161002_061.jpg
clear/frame_03147_161002_562.jpg,clear,train_data/session_20260605_154345/frame_03147_161002_562.jpg
clear/frame_03148_161003_062.jpg,clear,train_data/session_20260605_154345/frame_03148_161003_062.jpg
clear/frame_03149_161003_563.jpg,clear,train_data/session_20260605_154345/frame_03149_161003_563.jpg
clear/frame_03150_161004_063.jpg,clear,train_data/session_20260605_154345/frame_03150_161004_063.jpg
clear/frame_03151_161004_563.jpg,clear,train_data/session_20260605_154345/frame_03151_161004_563.jpg
clear/frame_03152_161005_063.jpg,clear,train_data/session_20260605_154345/frame_03152_161005_063.jpg
clear/frame_03153_161005_564.jpg,clear,train_data/session_20260605_154345/frame_03153_161005_564.jpg
clear/frame_03154_161006_064.jpg,clear,train_data/session_20260605_154345/frame_03154_161006_064.jpg
clear/frame_03155_161006_565.jpg,clear,train_data/session_20260605_154345/frame_03155_161006_565.jpg
clear/frame_03156_161007_065.jpg,clear,train_data/session_20260605_154345/frame_03156_161007_065.jpg
clear/frame_03157_161007_565.jpg,clear,train_data/session_20260605_154345/frame_03157_161007_565.jpg
clear/frame_03158_161008_066.jpg,clear,train_data/session_20260605_154345/frame_03158_161008_066.jpg
clear/frame_03159_161008_566.jpg,clear,train_data/session_20260605_154345/frame_03159_161008_566.jpg
clear/frame_03160_161009_067.jpg,clear,train_data/session_20260605_154345/frame_03160_161009_067.jpg
clear/frame_03162_161010_067.jpg,clear,train_data/session_20260605_154345/frame_03162_161010_067.jpg
clear/frame_03163_161010_568.jpg,clear,train_data/session_20260605_154345/frame_03163_161010_568.jpg
clear/frame_03164_161011_068.jpg,clear,train_data/session_20260605_154345/frame_03164_161011_068.jpg
clear/frame_03165_161011_568.jpg,clear,train_data/session_20260605_154345/frame_03165_161011_568.jpg
clear/frame_03166_161012_069.jpg,clear,train_data/session_20260605_154345/frame_03166_161012_069.jpg
clear/frame_03167_161012_569.jpg,clear,train_data/session_20260605_154345/frame_03167_161012_569.jpg
clear/frame_03168_161013_069.jpg,clear,train_data/session_20260605_154345/frame_03168_161013_069.jpg
clear/frame_03169_161013_569.jpg,clear,train_data/session_20260605_154345/frame_03169_161013_569.jpg
clear/frame_03171_161014_570.jpg,clear,train_data/session_20260605_154345/frame_03171_161014_570.jpg
clear/frame_03173_161015_571.jpg,clear,train_data/session_20260605_154345/frame_03173_161015_571.jpg
clear/frame_03174_161016_071.jpg,clear,train_data/session_20260605_154345/frame_03174_161016_071.jpg
clear/frame_03175_161016_571.jpg,clear,train_data/session_20260605_154345/frame_03175_161016_571.jpg
clear/frame_03176_161017_072.jpg,clear,train_data/session_20260605_154345/frame_03176_161017_072.jpg
clear/frame_03178_161018_073.jpg,clear,train_data/session_20260605_154345/frame_03178_161018_073.jpg
clear/frame_03179_161018_573.jpg,clear,train_data/session_20260605_154345/frame_03179_161018_573.jpg
clear/frame_03180_161019_073.jpg,clear,train_data/session_20260605_154345/frame_03180_161019_073.jpg
clear/frame_03181_161019_574.jpg,clear,train_data/session_20260605_154345/frame_03181_161019_574.jpg
clear/frame_03182_161020_074.jpg,clear,train_data/session_20260605_154345/frame_03182_161020_074.jpg
clear/frame_03183_161020_574.jpg,clear,train_data/session_20260605_154345/frame_03183_161020_574.jpg
clear/frame_03184_161021_074.jpg,clear,train_data/session_20260605_154345/frame_03184_161021_074.jpg
clear/frame_03185_161021_575.jpg,clear,train_data/session_20260605_154345/frame_03185_161021_575.jpg
clear/frame_03187_161022_576.jpg,clear,train_data/session_20260605_154345/frame_03187_161022_576.jpg
clear/frame_03188_161023_076.jpg,clear,train_data/session_20260605_154345/frame_03188_161023_076.jpg
clear/frame_03189_161023_577.jpg,clear,train_data/session_20260605_154345/frame_03189_161023_577.jpg
clear/frame_03190_161024_077.jpg,clear,train_data/session_20260605_154345/frame_03190_161024_077.jpg
clear/frame_03191_161024_577.jpg,clear,train_data/session_20260605_154345/frame_03191_161024_577.jpg
clear/frame_03192_161025_078.jpg,clear,train_data/session_20260605_154345/frame_03192_161025_078.jpg
clear/frame_03193_161025_578.jpg,clear,train_data/session_20260605_154345/frame_03193_161025_578.jpg
clear/frame_03194_161026_078.jpg,clear,train_data/session_20260605_154345/frame_03194_161026_078.jpg
clear/frame_03195_161026_578.jpg,clear,train_data/session_20260605_154345/frame_03195_161026_578.jpg
clear/frame_03196_161027_079.jpg,clear,train_data/session_20260605_154345/frame_03196_161027_079.jpg
clear/frame_03199_161028_580.jpg,clear,train_data/session_20260605_154345/frame_03199_161028_580.jpg
clear/frame_03200_161029_080.jpg,clear,train_data/session_20260605_154345/frame_03200_161029_080.jpg
clear/frame_03201_161029_580.jpg,clear,train_data/session_20260605_154345/frame_03201_161029_580.jpg
clear/frame_03202_161030_081.jpg,clear,train_data/session_20260605_154345/frame_03202_161030_081.jpg
clear/frame_03203_161030_581.jpg,clear,train_data/session_20260605_154345/frame_03203_161030_581.jpg
clear/frame_03207_161032_582.jpg,clear,train_data/session_20260605_154345/frame_03207_161032_582.jpg
clear/frame_03209_161033_583.jpg,clear,train_data/session_20260605_154345/frame_03209_161033_583.jpg
clear/frame_03210_161034_084.jpg,clear,train_data/session_20260605_154345/frame_03210_161034_084.jpg
clear/frame_03211_161034_584.jpg,clear,train_data/session_20260605_154345/frame_03211_161034_584.jpg
clear/frame_03212_161035_084.jpg,clear,train_data/session_20260605_154345/frame_03212_161035_084.jpg
clear/frame_03213_161035_584.jpg,clear,train_data/session_20260605_154345/frame_03213_161035_584.jpg
clear/frame_03215_161036_585.jpg,clear,train_data/session_20260605_154345/frame_03215_161036_585.jpg
clear/frame_03216_161037_086.jpg,clear,train_data/session_20260605_154345/frame_03216_161037_086.jpg
clear/frame_03217_161037_586.jpg,clear,train_data/session_20260605_154345/frame_03217_161037_586.jpg
clear/frame_03219_161038_587.jpg,clear,train_data/session_20260605_154345/frame_03219_161038_587.jpg
clear/frame_03221_161039_587.jpg,clear,train_data/session_20260605_154345/frame_03221_161039_587.jpg
clear/frame_03222_161040_087.jpg,clear,train_data/session_20260605_154345/frame_03222_161040_087.jpg
clear/frame_03223_161040_588.jpg,clear,train_data/session_20260605_154345/frame_03223_161040_588.jpg
clear/frame_03224_161041_088.jpg,clear,train_data/session_20260605_154345/frame_03224_161041_088.jpg
clear/frame_03227_161042_590.jpg,clear,train_data/session_20260605_154345/frame_03227_161042_590.jpg
clear/frame_03230_161044_091.jpg,clear,train_data/session_20260605_154345/frame_03230_161044_091.jpg
clear/frame_03231_161044_591.jpg,clear,train_data/session_20260605_154345/frame_03231_161044_591.jpg
clear/frame_03237_161047_593.jpg,clear,train_data/session_20260605_154345/frame_03237_161047_593.jpg
clear/frame_03240_161049_094.jpg,clear,train_data/session_20260605_154345/frame_03240_161049_094.jpg
clear/frame_03241_161049_594.jpg,clear,train_data/session_20260605_154345/frame_03241_161049_594.jpg
clear/frame_03243_161050_595.jpg,clear,train_data/session_20260605_154345/frame_03243_161050_595.jpg
clear/frame_03247_161052_596.jpg,clear,train_data/session_20260605_154345/frame_03247_161052_596.jpg
clear/frame_03249_161053_597.jpg,clear,train_data/session_20260605_154345/frame_03249_161053_597.jpg
clear/frame_03250_161054_098.jpg,clear,train_data/session_20260605_154345/frame_03250_161054_098.jpg
clear/frame_03251_161054_598.jpg,clear,train_data/session_20260605_154345/frame_03251_161054_598.jpg
clear/frame_03253_161055_599.jpg,clear,train_data/session_20260605_154345/frame_03253_161055_599.jpg
clear/frame_03255_161056_599.jpg,clear,train_data/session_20260605_154345/frame_03255_161056_599.jpg
clear/frame_03256_161057_099.jpg,clear,train_data/session_20260605_154345/frame_03256_161057_099.jpg
clear/frame_03257_161057_600.jpg,clear,train_data/session_20260605_154345/frame_03257_161057_600.jpg
clear/frame_03260_161059_101.jpg,clear,train_data/session_20260605_154345/frame_03260_161059_101.jpg
clear/frame_03261_161059_602.jpg,clear,train_data/session_20260605_154345/frame_03261_161059_602.jpg
clear/frame_03262_161100_101.jpg,clear,train_data/session_20260605_154345/frame_03262_161100_101.jpg
clear/frame_03263_161100_602.jpg,clear,train_data/session_20260605_154345/frame_03263_161100_602.jpg
clear/frame_03264_161101_102.jpg,clear,train_data/session_20260605_154345/frame_03264_161101_102.jpg
clear/frame_03265_161101_603.jpg,clear,train_data/session_20260605_154345/frame_03265_161101_603.jpg
clear/frame_03266_161102_103.jpg,clear,train_data/session_20260605_154345/frame_03266_161102_103.jpg
clear/frame_03267_161102_604.jpg,clear,train_data/session_20260605_154345/frame_03267_161102_604.jpg
clear/frame_03268_161103_103.jpg,clear,train_data/session_20260605_154345/frame_03268_161103_103.jpg
clear/frame_03269_161103_605.jpg,clear,train_data/session_20260605_154345/frame_03269_161103_605.jpg
clear/frame_03270_161104_104.jpg,clear,train_data/session_20260605_154345/frame_03270_161104_104.jpg
clear/frame_03273_161105_605.jpg,clear,train_data/session_20260605_154345/frame_03273_161105_605.jpg
clear/frame_03275_161106_606.jpg,clear,train_data/session_20260605_154345/frame_03275_161106_606.jpg
clear/frame_03277_161107_607.jpg,clear,train_data/session_20260605_154345/frame_03277_161107_607.jpg
clear/frame_03279_161108_607.jpg,clear,train_data/session_20260605_154345/frame_03279_161108_607.jpg
clear/frame_03280_161109_108.jpg,clear,train_data/session_20260605_154345/frame_03280_161109_108.jpg
clear/frame_03281_161109_608.jpg,clear,train_data/session_20260605_154345/frame_03281_161109_608.jpg
clear/frame_03282_161110_109.jpg,clear,train_data/session_20260605_154345/frame_03282_161110_109.jpg
clear/frame_03283_161110_609.jpg,clear,train_data/session_20260605_154345/frame_03283_161110_609.jpg
clear/frame_03284_161111_109.jpg,clear,train_data/session_20260605_154345/frame_03284_161111_109.jpg
clear/frame_03285_161111_610.jpg,clear,train_data/session_20260605_154345/frame_03285_161111_610.jpg
clear/frame_03286_161112_110.jpg,clear,train_data/session_20260605_154345/frame_03286_161112_110.jpg
clear/frame_03287_161112_610.jpg,clear,train_data/session_20260605_154345/frame_03287_161112_610.jpg
clear/frame_03290_161114_111.jpg,clear,train_data/session_20260605_154345/frame_03290_161114_111.jpg
clear/frame_03291_161114_611.jpg,clear,train_data/session_20260605_154345/frame_03291_161114_611.jpg
clear/frame_03292_161115_112.jpg,clear,train_data/session_20260605_154345/frame_03292_161115_112.jpg
clear/frame_03293_161115_612.jpg,clear,train_data/session_20260605_154345/frame_03293_161115_612.jpg
clear/frame_03294_161116_113.jpg,clear,train_data/session_20260605_154345/frame_03294_161116_113.jpg
clear/frame_03296_161117_113.jpg,clear,train_data/session_20260605_154345/frame_03296_161117_113.jpg
clear/frame_03297_161117_613.jpg,clear,train_data/session_20260605_154345/frame_03297_161117_613.jpg
clear/frame_03300_161119_115.jpg,clear,train_data/session_20260605_154345/frame_03300_161119_115.jpg
clear/frame_03301_161119_615.jpg,clear,train_data/session_20260605_154345/frame_03301_161119_615.jpg
clear/frame_03303_161120_650.jpg,clear,train_data/session_20260605_154345/frame_03303_161120_650.jpg
clear/frame_03309_161123_652.jpg,clear,train_data/session_20260605_154345/frame_03309_161123_652.jpg
clear/frame_03310_161124_152.jpg,clear,train_data/session_20260605_154345/frame_03310_161124_152.jpg
clear/frame_03311_161124_653.jpg,clear,train_data/session_20260605_154345/frame_03311_161124_653.jpg
clear/frame_03312_161125_152.jpg,clear,train_data/session_20260605_154345/frame_03312_161125_152.jpg
clear/frame_03318_161128_188.jpg,clear,train_data/session_20260605_154345/frame_03318_161128_188.jpg
clear/frame_03319_161128_688.jpg,clear,train_data/session_20260605_154345/frame_03319_161128_688.jpg
clear/frame_03321_161129_689.jpg,clear,train_data/session_20260605_154345/frame_03321_161129_689.jpg
clear/frame_03322_161130_189.jpg,clear,train_data/session_20260605_154345/frame_03322_161130_189.jpg
clear/frame_03324_161131_190.jpg,clear,train_data/session_20260605_154345/frame_03324_161131_190.jpg
clear/frame_03325_161131_690.jpg,clear,train_data/session_20260605_154345/frame_03325_161131_690.jpg
clear/frame_03326_161132_191.jpg,clear,train_data/session_20260605_154345/frame_03326_161132_191.jpg
clear/frame_03327_161132_691.jpg,clear,train_data/session_20260605_154345/frame_03327_161132_691.jpg
clear/frame_03330_161134_192.jpg,clear,train_data/session_20260605_154345/frame_03330_161134_192.jpg
clear/frame_03331_161134_692.jpg,clear,train_data/session_20260605_154345/frame_03331_161134_692.jpg
clear/frame_03341_161139_696.jpg,clear,train_data/session_20260605_154345/frame_03341_161139_696.jpg
clear/frame_03342_161140_196.jpg,clear,train_data/session_20260605_154345/frame_03342_161140_196.jpg
clear/frame_03345_161141_697.jpg,clear,train_data/session_20260605_154345/frame_03345_161141_697.jpg
clear/frame_03347_161142_698.jpg,clear,train_data/session_20260605_154345/frame_03347_161142_698.jpg
clear/frame_03348_161143_198.jpg,clear,train_data/session_20260605_154345/frame_03348_161143_198.jpg
clear/frame_03349_161143_698.jpg,clear,train_data/session_20260605_154345/frame_03349_161143_698.jpg
clear/frame_03350_161144_199.jpg,clear,train_data/session_20260605_154345/frame_03350_161144_199.jpg
clear/frame_03351_161144_699.jpg,clear,train_data/session_20260605_154345/frame_03351_161144_699.jpg
clear/frame_03352_161145_199.jpg,clear,train_data/session_20260605_154345/frame_03352_161145_199.jpg
clear/frame_03353_161145_699.jpg,clear,train_data/session_20260605_154345/frame_03353_161145_699.jpg
clear/frame_03354_161146_200.jpg,clear,train_data/session_20260605_154345/frame_03354_161146_200.jpg
clear/frame_03355_161146_700.jpg,clear,train_data/session_20260605_154345/frame_03355_161146_700.jpg
clear/frame_03356_161147_201.jpg,clear,train_data/session_20260605_154345/frame_03356_161147_201.jpg
clear/frame_03358_161148_202.jpg,clear,train_data/session_20260605_154345/frame_03358_161148_202.jpg
clear/frame_03359_161148_702.jpg,clear,train_data/session_20260605_154345/frame_03359_161148_702.jpg
clear/frame_03360_161149_202.jpg,clear,train_data/session_20260605_154345/frame_03360_161149_202.jpg
clear/frame_03361_161149_702.jpg,clear,train_data/session_20260605_154345/frame_03361_161149_702.jpg
clear/frame_03364_161151_204.jpg,clear,train_data/session_20260605_154345/frame_03364_161151_204.jpg
clear/frame_03365_161151_704.jpg,clear,train_data/session_20260605_154345/frame_03365_161151_704.jpg
clear/frame_03366_161152_205.jpg,clear,train_data/session_20260605_154345/frame_03366_161152_205.jpg
clear/frame_03367_161152_705.jpg,clear,train_data/session_20260605_154345/frame_03367_161152_705.jpg
clear/frame_03368_161153_205.jpg,clear,train_data/session_20260605_154345/frame_03368_161153_205.jpg
clear/frame_03369_161153_706.jpg,clear,train_data/session_20260605_154345/frame_03369_161153_706.jpg
clear/frame_03370_161154_205.jpg,clear,train_data/session_20260605_154345/frame_03370_161154_205.jpg
clear/frame_03371_161154_706.jpg,clear,train_data/session_20260605_154345/frame_03371_161154_706.jpg
clear/frame_03374_161156_207.jpg,clear,train_data/session_20260605_154345/frame_03374_161156_207.jpg
clear/frame_03375_161156_707.jpg,clear,train_data/session_20260605_154345/frame_03375_161156_707.jpg
clear/frame_03376_161157_208.jpg,clear,train_data/session_20260605_154345/frame_03376_161157_208.jpg
clear/frame_03377_161157_709.jpg,clear,train_data/session_20260605_154345/frame_03377_161157_709.jpg
clear/frame_03378_161158_209.jpg,clear,train_data/session_20260605_154345/frame_03378_161158_209.jpg
clear/frame_03382_161200_276.jpg,clear,train_data/session_20260605_154345/frame_03382_161200_276.jpg
clear/frame_03383_161200_776.jpg,clear,train_data/session_20260605_154345/frame_03383_161200_776.jpg
clear/frame_03384_161201_309.jpg,clear,train_data/session_20260605_154345/frame_03384_161201_309.jpg
clear/frame_03385_161201_809.jpg,clear,train_data/session_20260605_154345/frame_03385_161201_809.jpg
clear/frame_03386_161202_310.jpg,clear,train_data/session_20260605_154345/frame_03386_161202_310.jpg
clear/frame_03387_161202_811.jpg,clear,train_data/session_20260605_154345/frame_03387_161202_811.jpg
clear/frame_03388_161203_311.jpg,clear,train_data/session_20260605_154345/frame_03388_161203_311.jpg
clear/frame_03389_161203_813.jpg,clear,train_data/session_20260605_154345/frame_03389_161203_813.jpg
clear/frame_03390_161204_347.jpg,clear,train_data/session_20260605_154345/frame_03390_161204_347.jpg
clear/frame_03391_161204_880.jpg,clear,train_data/session_20260605_154345/frame_03391_161204_880.jpg
clear/frame_03392_161205_413.jpg,clear,train_data/session_20260605_154345/frame_03392_161205_413.jpg
clear/frame_03393_161205_914.jpg,clear,train_data/session_20260605_154345/frame_03393_161205_914.jpg
clear/frame_03394_161206_414.jpg,clear,train_data/session_20260605_154345/frame_03394_161206_414.jpg
clear/frame_03399_161208_980.jpg,clear,train_data/session_20260605_154345/frame_03399_161208_980.jpg
clear/frame_03401_161209_983.jpg,clear,train_data/session_20260605_154345/frame_03401_161209_983.jpg
clear/frame_03402_161210_483.jpg,clear,train_data/session_20260605_154345/frame_03402_161210_483.jpg
clear/frame_03404_161211_484.jpg,clear,train_data/session_20260605_154345/frame_03404_161211_484.jpg
clear/frame_03405_161212_016.jpg,clear,train_data/session_20260605_154345/frame_03405_161212_016.jpg
clear/frame_03407_161213_018.jpg,clear,train_data/session_20260605_154345/frame_03407_161213_018.jpg
clear/frame_03408_161213_519.jpg,clear,train_data/session_20260605_154345/frame_03408_161213_519.jpg
clear/frame_03409_161214_019.jpg,clear,train_data/session_20260605_154345/frame_03409_161214_019.jpg
clear/frame_03410_161214_519.jpg,clear,train_data/session_20260605_154345/frame_03410_161214_519.jpg
clear/frame_03411_161215_020.jpg,clear,train_data/session_20260605_154345/frame_03411_161215_020.jpg
clear/frame_03412_161215_520.jpg,clear,train_data/session_20260605_154345/frame_03412_161215_520.jpg
clear/frame_03414_161216_521.jpg,clear,train_data/session_20260605_154345/frame_03414_161216_521.jpg
clear/frame_03416_161217_521.jpg,clear,train_data/session_20260605_154345/frame_03416_161217_521.jpg
clear/frame_03418_161218_522.jpg,clear,train_data/session_20260605_154345/frame_03418_161218_522.jpg
clear/frame_03419_161219_023.jpg,clear,train_data/session_20260605_154345/frame_03419_161219_023.jpg
clear/frame_03421_161220_057.jpg,clear,train_data/session_20260605_154345/frame_03421_161220_057.jpg
clear/frame_03422_161220_557.jpg,clear,train_data/session_20260605_154345/frame_03422_161220_557.jpg
clear/frame_03423_161221_057.jpg,clear,train_data/session_20260605_154345/frame_03423_161221_057.jpg
clear/frame_03425_161222_058.jpg,clear,train_data/session_20260605_154345/frame_03425_161222_058.jpg
clear/frame_03427_161223_058.jpg,clear,train_data/session_20260605_154345/frame_03427_161223_058.jpg
clear/frame_03429_161224_091.jpg,clear,train_data/session_20260605_154345/frame_03429_161224_091.jpg
clear/frame_03430_161224_590.jpg,clear,train_data/session_20260605_154345/frame_03430_161224_590.jpg
clear/frame_03432_161225_594.jpg,clear,train_data/session_20260605_154345/frame_03432_161225_594.jpg
clear/frame_03433_161226_095.jpg,clear,train_data/session_20260605_154345/frame_03433_161226_095.jpg
clear/frame_03434_161226_594.jpg,clear,train_data/session_20260605_154345/frame_03434_161226_594.jpg
clear/frame_03435_161227_095.jpg,clear,train_data/session_20260605_154345/frame_03435_161227_095.jpg
clear/frame_03436_161227_596.jpg,clear,train_data/session_20260605_154345/frame_03436_161227_596.jpg
clear/frame_03443_161231_131.jpg,clear,train_data/session_20260605_154345/frame_03443_161231_131.jpg
clear/frame_03444_161231_665.jpg,clear,train_data/session_20260605_154345/frame_03444_161231_665.jpg
clear/frame_03446_161232_732.jpg,clear,train_data/session_20260605_154345/frame_03446_161232_732.jpg
minor_issues/frame_00004_144746_258.jpg,minor_issues,train_data/session_20260618_144733/frame_00004_144746_258.jpg
minor_issues/frame_00005_145352_916.jpg,minor_issues,train_data/session_20260618_145337/frame_00005_145352_916.jpg
minor_issues/frame_00008_145401_922.jpg,minor_issues,train_data/session_20260618_145337/frame_00008_145401_922.jpg
minor_issues/frame_00009_145404_924.jpg,minor_issues,train_data/session_20260618_145337/frame_00009_145404_924.jpg
minor_issues/frame_00009_154350_541.jpg,minor_issues,train_data/session_20260605_154345/frame_00009_154350_541.jpg
minor_issues/frame_00010_145407_926.jpg,minor_issues,train_data/session_20260618_145337/frame_00010_145407_926.jpg
minor_issues/frame_00010_154351_042.jpg,minor_issues,train_data/session_20260605_154345/frame_00010_154351_042.jpg
minor_issues/frame_00011_145410_928.jpg,minor_issues,train_data/session_20260618_145337/frame_00011_145410_928.jpg
minor_issues/frame_00011_154351_542.jpg,minor_issues,train_data/session_20260605_154345/frame_00011_154351_542.jpg
minor_issues/frame_00012_144810_275.jpg,minor_issues,train_data/session_20260618_144733/frame_00012_144810_275.jpg
minor_issues/frame_00013_144813_277.jpg,minor_issues,train_data/session_20260618_144733/frame_00013_144813_277.jpg
minor_issues/frame_00014_145419_935.jpg,minor_issues,train_data/session_20260618_145337/frame_00014_145419_935.jpg
minor_issues/frame_00017_144825_285.jpg,minor_issues,train_data/session_20260618_144733/frame_00017_144825_285.jpg
minor_issues/frame_00017_154354_544.jpg,minor_issues,train_data/session_20260605_154345/frame_00017_154354_544.jpg
minor_issues/frame_00018_150757_699.jpg,minor_issues,train_data/session_20260618_150720/frame_00018_150757_699.jpg
minor_issues/frame_00019_144831_290.jpg,minor_issues,train_data/session_20260618_144733/frame_00019_144831_290.jpg
minor_issues/frame_00019_154355_545.jpg,minor_issues,train_data/session_20260605_154345/frame_00019_154355_545.jpg
minor_issues/frame_00020_144834_290.jpg,minor_issues,train_data/session_20260618_144733/frame_00020_144834_290.jpg
minor_issues/frame_00020_145437_947.jpg,minor_issues,train_data/session_20260618_145337/frame_00020_145437_947.jpg
minor_issues/frame_00024_150809_706.jpg,minor_issues,train_data/session_20260618_150720/frame_00024_150809_706.jpg
minor_issues/frame_00025_145452_957.jpg,minor_issues,train_data/session_20260618_145337/frame_00025_145452_957.jpg
minor_issues/frame_00026_145455_960.jpg,minor_issues,train_data/session_20260618_145337/frame_00026_145455_960.jpg
minor_issues/frame_00028_145501_964.jpg,minor_issues,train_data/session_20260618_145337/frame_00028_145501_964.jpg
minor_issues/frame_00029_150819_714.jpg,minor_issues,train_data/session_20260618_150720/frame_00029_150819_714.jpg
minor_issues/frame_00030_144904_312.jpg,minor_issues,train_data/session_20260618_144733/frame_00030_144904_312.jpg
minor_issues/frame_00031_145510_970.jpg,minor_issues,train_data/session_20260618_145337/frame_00031_145510_970.jpg
minor_issues/frame_00031_150823_717.jpg,minor_issues,train_data/session_20260618_150720/frame_00031_150823_717.jpg
minor_issues/frame_00032_145513_972.jpg,minor_issues,train_data/session_20260618_145337/frame_00032_145513_972.jpg
minor_issues/frame_00033_145516_974.jpg,minor_issues,train_data/session_20260618_145337/frame_00033_145516_974.jpg
minor_issues/frame_00033_154402_550.jpg,minor_issues,train_data/session_20260605_154345/frame_00033_154402_550.jpg
minor_issues/frame_00034_145519_976.jpg,minor_issues,train_data/session_20260618_145337/frame_00034_145519_976.jpg
minor_issues/frame_00037_145528_982.jpg,minor_issues,train_data/session_20260618_145337/frame_00037_145528_982.jpg
minor_issues/frame_00037_150835_726.jpg,minor_issues,train_data/session_20260618_150720/frame_00037_150835_726.jpg
minor_issues/frame_00039_150839_729.jpg,minor_issues,train_data/session_20260618_150720/frame_00039_150839_729.jpg
minor_issues/frame_00040_145537_989.jpg,minor_issues,train_data/session_20260618_145337/frame_00040_145537_989.jpg
minor_issues/frame_00042_145543_993.jpg,minor_issues,train_data/session_20260618_145337/frame_00042_145543_993.jpg
minor_issues/frame_00042_154407_053.jpg,minor_issues,train_data/session_20260605_154345/frame_00042_154407_053.jpg
minor_issues/frame_00043_145546_994.jpg,minor_issues,train_data/session_20260618_145337/frame_00043_145546_994.jpg
minor_issues/frame_00043_154407_553.jpg,minor_issues,train_data/session_20260605_154345/frame_00043_154407_553.jpg
minor_issues/frame_00044_145549_997.jpg,minor_issues,train_data/session_20260618_145337/frame_00044_145549_997.jpg
minor_issues/frame_00044_154408_053.jpg,minor_issues,train_data/session_20260605_154345/frame_00044_154408_053.jpg
minor_issues/frame_00046_150853_738.jpg,minor_issues,train_data/session_20260618_150720/frame_00046_150853_738.jpg
minor_issues/frame_00047_154409_554.jpg,minor_issues,train_data/session_20260605_154345/frame_00047_154409_554.jpg
minor_issues/frame_00049_145605_007.jpg,minor_issues,train_data/session_20260618_145337/frame_00049_145605_007.jpg
minor_issues/frame_00050_145608_009.jpg,minor_issues,train_data/session_20260618_145337/frame_00050_145608_009.jpg
minor_issues/frame_00050_150901_743.jpg,minor_issues,train_data/session_20260618_150720/frame_00050_150901_743.jpg
minor_issues/frame_00052_145614_013.jpg,minor_issues,train_data/session_20260618_145337/frame_00052_145614_013.jpg
minor_issues/frame_00053_145617_015.jpg,minor_issues,train_data/session_20260618_145337/frame_00053_145617_015.jpg
minor_issues/frame_00054_145620_017.jpg,minor_issues,train_data/session_20260618_145337/frame_00054_145620_017.jpg
minor_issues/frame_00055_145623_020.jpg,minor_issues,train_data/session_20260618_145337/frame_00055_145623_020.jpg
minor_issues/frame_00056_145626_022.jpg,minor_issues,train_data/session_20260618_145337/frame_00056_145626_022.jpg
minor_issues/frame_00056_150913_752.jpg,minor_issues,train_data/session_20260618_150720/frame_00056_150913_752.jpg
minor_issues/frame_00057_150915_753.jpg,minor_issues,train_data/session_20260618_150720/frame_00057_150915_753.jpg
minor_issues/frame_00059_145635_026.jpg,minor_issues,train_data/session_20260618_145337/frame_00059_145635_026.jpg
minor_issues/frame_00060_145638_030.jpg,minor_issues,train_data/session_20260618_145337/frame_00060_145638_030.jpg
minor_issues/frame_00061_154416_559.jpg,minor_issues,train_data/session_20260605_154345/frame_00061_154416_559.jpg
minor_issues/frame_00066_145656_042.jpg,minor_issues,train_data/session_20260618_145337/frame_00066_145656_042.jpg
minor_issues/frame_00066_150933_766.jpg,minor_issues,train_data/session_20260618_150720/frame_00066_150933_766.jpg
minor_issues/frame_00067_150935_767.jpg,minor_issues,train_data/session_20260618_150720/frame_00067_150935_767.jpg
minor_issues/frame_00068_154420_062.jpg,minor_issues,train_data/session_20260605_154345/frame_00068_154420_062.jpg
minor_issues/frame_00069_154420_563.jpg,minor_issues,train_data/session_20260605_154345/frame_00069_154420_563.jpg
minor_issues/frame_00070_145708_051.jpg,minor_issues,train_data/session_20260618_145337/frame_00070_145708_051.jpg
minor_issues/frame_00070_150941_771.jpg,minor_issues,train_data/session_20260618_150720/frame_00070_150941_771.jpg
minor_issues/frame_00070_154421_063.jpg,minor_issues,train_data/session_20260605_154345/frame_00070_154421_063.jpg
minor_issues/frame_00071_150943_773.jpg,minor_issues,train_data/session_20260618_150720/frame_00071_150943_773.jpg
minor_issues/frame_00072_150945_774.jpg,minor_issues,train_data/session_20260618_150720/frame_00072_150945_774.jpg
minor_issues/frame_00075_145723_061.jpg,minor_issues,train_data/session_20260618_145337/frame_00075_145723_061.jpg
minor_issues/frame_00077_145729_065.jpg,minor_issues,train_data/session_20260618_145337/frame_00077_145729_065.jpg
minor_issues/frame_00077_154424_565.jpg,minor_issues,train_data/session_20260605_154345/frame_00077_154424_565.jpg
minor_issues/frame_00078_145732_067.jpg,minor_issues,train_data/session_20260618_145337/frame_00078_145732_067.jpg
minor_issues/frame_00079_145735_069.jpg,minor_issues,train_data/session_20260618_145337/frame_00079_145735_069.jpg
minor_issues/frame_00080_145738_071.jpg,minor_issues,train_data/session_20260618_145337/frame_00080_145738_071.jpg
minor_issues/frame_00080_151001_785.jpg,minor_issues,train_data/session_20260618_150720/frame_00080_151001_785.jpg
minor_issues/frame_00082_145744_076.jpg,minor_issues,train_data/session_20260618_145337/frame_00082_145744_076.jpg
minor_issues/frame_00083_145747_078.jpg,minor_issues,train_data/session_20260618_145337/frame_00083_145747_078.jpg
minor_issues/frame_00084_145750_080.jpg,minor_issues,train_data/session_20260618_145337/frame_00084_145750_080.jpg
minor_issues/frame_00085_145753_082.jpg,minor_issues,train_data/session_20260618_145337/frame_00085_145753_082.jpg
minor_issues/frame_00088_151017_796.jpg,minor_issues,train_data/session_20260618_150720/frame_00088_151017_796.jpg
minor_issues/frame_00089_154430_569.jpg,minor_issues,train_data/session_20260605_154345/frame_00089_154430_569.jpg
minor_issues/frame_00090_145808_092.jpg,minor_issues,train_data/session_20260618_145337/frame_00090_145808_092.jpg
minor_issues/frame_00091_145811_095.jpg,minor_issues,train_data/session_20260618_145337/frame_00091_145811_095.jpg
minor_issues/frame_00092_145814_096.jpg,minor_issues,train_data/session_20260618_145337/frame_00092_145814_096.jpg
minor_issues/frame_00093_151027_803.jpg,minor_issues,train_data/session_20260618_150720/frame_00093_151027_803.jpg
minor_issues/frame_00094_145820_100.jpg,minor_issues,train_data/session_20260618_145337/frame_00094_145820_100.jpg
minor_issues/frame_00094_151029_805.jpg,minor_issues,train_data/session_20260618_150720/frame_00094_151029_805.jpg
minor_issues/frame_00096_151033_807.jpg,minor_issues,train_data/session_20260618_150720/frame_00096_151033_807.jpg
minor_issues/frame_00097_145829_107.jpg,minor_issues,train_data/session_20260618_145337/frame_00097_145829_107.jpg
minor_issues/frame_00097_154434_572.jpg,minor_issues,train_data/session_20260605_154345/frame_00097_154434_572.jpg
minor_issues/frame_00098_151037_810.jpg,minor_issues,train_data/session_20260618_150720/frame_00098_151037_810.jpg
minor_issues/frame_00099_151039_811.jpg,minor_issues,train_data/session_20260618_150720/frame_00099_151039_811.jpg
minor_issues/frame_00101_145841_113.jpg,minor_issues,train_data/session_20260618_145337/frame_00101_145841_113.jpg
minor_issues/frame_00101_154436_573.jpg,minor_issues,train_data/session_20260605_154345/frame_00101_154436_573.jpg
minor_issues/frame_00104_151049_819.jpg,minor_issues,train_data/session_20260618_150720/frame_00104_151049_819.jpg
minor_issues/frame_00105_154438_575.jpg,minor_issues,train_data/session_20260605_154345/frame_00105_154438_575.jpg
minor_issues/frame_00106_151053_821.jpg,minor_issues,train_data/session_20260618_150720/frame_00106_151053_821.jpg
minor_issues/frame_00107_151055_822.jpg,minor_issues,train_data/session_20260618_150720/frame_00107_151055_822.jpg
minor_issues/frame_00107_154439_575.jpg,minor_issues,train_data/session_20260605_154345/frame_00107_154439_575.jpg
minor_issues/frame_00108_151057_824.jpg,minor_issues,train_data/session_20260618_150720/frame_00108_151057_824.jpg
minor_issues/frame_00108_154440_075.jpg,minor_issues,train_data/session_20260605_154345/frame_00108_154440_075.jpg
minor_issues/frame_00109_151059_825.jpg,minor_issues,train_data/session_20260618_150720/frame_00109_151059_825.jpg
minor_issues/frame_00111_151103_828.jpg,minor_issues,train_data/session_20260618_150720/frame_00111_151103_828.jpg
minor_issues/frame_00111_154441_577.jpg,minor_issues,train_data/session_20260605_154345/frame_00111_154441_577.jpg
minor_issues/frame_00112_145914_138.jpg,minor_issues,train_data/session_20260618_145337/frame_00112_145914_138.jpg
minor_issues/frame_00117_145929_148.jpg,minor_issues,train_data/session_20260618_145337/frame_00117_145929_148.jpg
minor_issues/frame_00118_145932_150.jpg,minor_issues,train_data/session_20260618_145337/frame_00118_145932_150.jpg
minor_issues/frame_00119_154445_579.jpg,minor_issues,train_data/session_20260605_154345/frame_00119_154445_579.jpg
minor_issues/frame_00120_145938_154.jpg,minor_issues,train_data/session_20260618_145337/frame_00120_145938_154.jpg
minor_issues/frame_00123_145947_160.jpg,minor_issues,train_data/session_20260618_145337/frame_00123_145947_160.jpg
minor_issues/frame_00125_151131_847.jpg,minor_issues,train_data/session_20260618_150720/frame_00125_151131_847.jpg
minor_issues/frame_00126_145956_167.jpg,minor_issues,train_data/session_20260618_145337/frame_00126_145956_167.jpg
minor_issues/frame_00128_151137_852.jpg,minor_issues,train_data/session_20260618_150720/frame_00128_151137_852.jpg
minor_issues/frame_00129_150005_173.jpg,minor_issues,train_data/session_20260618_145337/frame_00129_150005_173.jpg
minor_issues/frame_00129_151139_853.jpg,minor_issues,train_data/session_20260618_150720/frame_00129_151139_853.jpg
minor_issues/frame_00130_151141_854.jpg,minor_issues,train_data/session_20260618_150720/frame_00130_151141_854.jpg
minor_issues/frame_00132_151145_857.jpg,minor_issues,train_data/session_20260618_150720/frame_00132_151145_857.jpg
minor_issues/frame_00136_150026_188.jpg,minor_issues,train_data/session_20260618_145337/frame_00136_150026_188.jpg
minor_issues/frame_00136_151153_862.jpg,minor_issues,train_data/session_20260618_150720/frame_00136_151153_862.jpg
minor_issues/frame_00139_151159_867.jpg,minor_issues,train_data/session_20260618_150720/frame_00139_151159_867.jpg
minor_issues/frame_00145_150053_206.jpg,minor_issues,train_data/session_20260618_145337/frame_00145_150053_206.jpg
minor_issues/frame_00145_151211_875.jpg,minor_issues,train_data/session_20260618_150720/frame_00145_151211_875.jpg
minor_issues/frame_00145_154458_622.jpg,minor_issues,train_data/session_20260605_154345/frame_00145_154458_622.jpg
minor_issues/frame_00146_150056_208.jpg,minor_issues,train_data/session_20260618_145337/frame_00146_150056_208.jpg
minor_issues/frame_00148_150102_212.jpg,minor_issues,train_data/session_20260618_145337/frame_00148_150102_212.jpg
minor_issues/frame_00149_151219_881.jpg,minor_issues,train_data/session_20260618_150720/frame_00149_151219_881.jpg
minor_issues/frame_00151_151223_883.jpg,minor_issues,train_data/session_20260618_150720/frame_00151_151223_883.jpg
minor_issues/frame_00153_150117_223.jpg,minor_issues,train_data/session_20260618_145337/frame_00153_150117_223.jpg
minor_issues/frame_00154_150120_225.jpg,minor_issues,train_data/session_20260618_145337/frame_00154_150120_225.jpg
minor_issues/frame_00155_150123_227.jpg,minor_issues,train_data/session_20260618_145337/frame_00155_150123_227.jpg
minor_issues/frame_00156_150126_229.jpg,minor_issues,train_data/session_20260618_145337/frame_00156_150126_229.jpg
minor_issues/frame_00156_151233_890.jpg,minor_issues,train_data/session_20260618_150720/frame_00156_151233_890.jpg
minor_issues/frame_00158_150132_233.jpg,minor_issues,train_data/session_20260618_145337/frame_00158_150132_233.jpg
minor_issues/frame_00159_150135_236.jpg,minor_issues,train_data/session_20260618_145337/frame_00159_150135_236.jpg
minor_issues/frame_00161_150141_240.jpg,minor_issues,train_data/session_20260618_145337/frame_00161_150141_240.jpg
minor_issues/frame_00162_150144_242.jpg,minor_issues,train_data/session_20260618_145337/frame_00162_150144_242.jpg
minor_issues/frame_00165_154508_629.jpg,minor_issues,train_data/session_20260605_154345/frame_00165_154508_629.jpg
minor_issues/frame_00166_150156_250.jpg,minor_issues,train_data/session_20260618_145337/frame_00166_150156_250.jpg
minor_issues/frame_00168_151257_907.jpg,minor_issues,train_data/session_20260618_150720/frame_00168_151257_907.jpg
minor_issues/frame_00169_150205_256.jpg,minor_issues,train_data/session_20260618_145337/frame_00169_150205_256.jpg
minor_issues/frame_00170_150208_258.jpg,minor_issues,train_data/session_20260618_145337/frame_00170_150208_258.jpg
minor_issues/frame_00173_150217_264.jpg,minor_issues,train_data/session_20260618_145337/frame_00173_150217_264.jpg
minor_issues/frame_00174_151309_948.jpg,minor_issues,train_data/session_20260618_150720/frame_00174_151309_948.jpg
minor_issues/frame_00175_151311_950.jpg,minor_issues,train_data/session_20260618_150720/frame_00175_151311_950.jpg
minor_issues/frame_00176_151313_951.jpg,minor_issues,train_data/session_20260618_150720/frame_00176_151313_951.jpg
minor_issues/frame_00177_151315_952.jpg,minor_issues,train_data/session_20260618_150720/frame_00177_151315_952.jpg
minor_issues/frame_00178_150232_275.jpg,minor_issues,train_data/session_20260618_145337/frame_00178_150232_275.jpg
minor_issues/frame_00178_151317_954.jpg,minor_issues,train_data/session_20260618_150720/frame_00178_151317_954.jpg
minor_issues/frame_00179_150235_277.jpg,minor_issues,train_data/session_20260618_145337/frame_00179_150235_277.jpg
minor_issues/frame_00182_151325_959.jpg,minor_issues,train_data/session_20260618_150720/frame_00182_151325_959.jpg
minor_issues/frame_00186_151333_965.jpg,minor_issues,train_data/session_20260618_150720/frame_00186_151333_965.jpg
minor_issues/frame_00187_151335_967.jpg,minor_issues,train_data/session_20260618_150720/frame_00187_151335_967.jpg
minor_issues/frame_00192_151345_973.jpg,minor_issues,train_data/session_20260618_150720/frame_00192_151345_973.jpg
minor_issues/frame_00195_150323_310.jpg,minor_issues,train_data/session_20260618_145337/frame_00195_150323_310.jpg
minor_issues/frame_00199_151359_983.jpg,minor_issues,train_data/session_20260618_150720/frame_00199_151359_983.jpg
minor_issues/frame_00199_154525_641.jpg,minor_issues,train_data/session_20260605_154345/frame_00199_154525_641.jpg
minor_issues/frame_00200_150338_321.jpg,minor_issues,train_data/session_20260618_145337/frame_00200_150338_321.jpg
minor_issues/frame_00200_151401_985.jpg,minor_issues,train_data/session_20260618_150720/frame_00200_151401_985.jpg
minor_issues/frame_00202_151405_987.jpg,minor_issues,train_data/session_20260618_150720/frame_00202_151405_987.jpg
minor_issues/frame_00203_150347_327.jpg,minor_issues,train_data/session_20260618_145337/frame_00203_150347_327.jpg
minor_issues/frame_00203_151407_989.jpg,minor_issues,train_data/session_20260618_150720/frame_00203_151407_989.jpg
minor_issues/frame_00204_150350_328.jpg,minor_issues,train_data/session_20260618_145337/frame_00204_150350_328.jpg
minor_issues/frame_00206_150356_331.jpg,minor_issues,train_data/session_20260618_145337/frame_00206_150356_331.jpg
minor_issues/frame_00206_151413_993.jpg,minor_issues,train_data/session_20260618_150720/frame_00206_151413_993.jpg
minor_issues/frame_00207_150359_335.jpg,minor_issues,train_data/session_20260618_145337/frame_00207_150359_335.jpg
minor_issues/frame_00208_150402_337.jpg,minor_issues,train_data/session_20260618_145337/frame_00208_150402_337.jpg
minor_issues/frame_00212_151426_001.jpg,minor_issues,train_data/session_20260618_150720/frame_00212_151426_001.jpg
minor_issues/frame_00213_151428_002.jpg,minor_issues,train_data/session_20260618_150720/frame_00213_151428_002.jpg
minor_issues/frame_00215_154533_646.jpg,minor_issues,train_data/session_20260605_154345/frame_00215_154533_646.jpg
minor_issues/frame_00216_151434_007.jpg,minor_issues,train_data/session_20260618_150720/frame_00216_151434_007.jpg
minor_issues/frame_00217_150429_355.jpg,minor_issues,train_data/session_20260618_145337/frame_00217_150429_355.jpg
minor_issues/frame_00218_151438_009.jpg,minor_issues,train_data/session_20260618_150720/frame_00218_151438_009.jpg
minor_issues/frame_00220_151442_012.jpg,minor_issues,train_data/session_20260618_150720/frame_00220_151442_012.jpg
minor_issues/frame_00221_154536_648.jpg,minor_issues,train_data/session_20260605_154345/frame_00221_154536_648.jpg
minor_issues/frame_00222_151446_015.jpg,minor_issues,train_data/session_20260618_150720/frame_00222_151446_015.jpg
minor_issues/frame_00224_151450_018.jpg,minor_issues,train_data/session_20260618_150720/frame_00224_151450_018.jpg
minor_issues/frame_00224_154538_149.jpg,minor_issues,train_data/session_20260605_154345/frame_00224_154538_149.jpg
minor_issues/frame_00225_151452_019.jpg,minor_issues,train_data/session_20260618_150720/frame_00225_151452_019.jpg
minor_issues/frame_00227_150459_377.jpg,minor_issues,train_data/session_20260618_145337/frame_00227_150459_377.jpg
minor_issues/frame_00229_151500_024.jpg,minor_issues,train_data/session_20260618_150720/frame_00229_151500_024.jpg
minor_issues/frame_00231_151504_027.jpg,minor_issues,train_data/session_20260618_150720/frame_00231_151504_027.jpg
minor_issues/frame_00231_154541_652.jpg,minor_issues,train_data/session_20260605_154345/frame_00231_154541_652.jpg
minor_issues/frame_00233_154542_652.jpg,minor_issues,train_data/session_20260605_154345/frame_00233_154542_652.jpg
minor_issues/frame_00234_154543_152.jpg,minor_issues,train_data/session_20260605_154345/frame_00234_154543_152.jpg
minor_issues/frame_00236_154544_153.jpg,minor_issues,train_data/session_20260605_154345/frame_00236_154544_153.jpg
minor_issues/frame_00237_151516_036.jpg,minor_issues,train_data/session_20260618_150720/frame_00237_151516_036.jpg
minor_issues/frame_00240_151522_039.jpg,minor_issues,train_data/session_20260618_150720/frame_00240_151522_039.jpg
minor_issues/frame_00246_150556_416.jpg,minor_issues,train_data/session_20260618_145337/frame_00246_150556_416.jpg
minor_issues/frame_00248_151538_051.jpg,minor_issues,train_data/session_20260618_150720/frame_00248_151538_051.jpg
minor_issues/frame_00248_154550_158.jpg,minor_issues,train_data/session_20260605_154345/frame_00248_154550_158.jpg
minor_issues/frame_00249_154550_658.jpg,minor_issues,train_data/session_20260605_154345/frame_00249_154550_658.jpg
minor_issues/frame_00251_150611_427.jpg,minor_issues,train_data/session_20260618_145337/frame_00251_150611_427.jpg
minor_issues/frame_00254_151550_059.jpg,minor_issues,train_data/session_20260618_150720/frame_00254_151550_059.jpg
minor_issues/frame_00254_154553_191.jpg,minor_issues,train_data/session_20260605_154345/frame_00254_154553_191.jpg
minor_issues/frame_00255_154553_693.jpg,minor_issues,train_data/session_20260605_154345/frame_00255_154553_693.jpg
minor_issues/frame_00256_151554_062.jpg,minor_issues,train_data/session_20260618_150720/frame_00256_151554_062.jpg
minor_issues/frame_00258_154555_194.jpg,minor_issues,train_data/session_20260605_154345/frame_00258_154555_194.jpg
minor_issues/frame_00263_151608_071.jpg,minor_issues,train_data/session_20260618_150720/frame_00263_151608_071.jpg
minor_issues/frame_00264_151610_073.jpg,minor_issues,train_data/session_20260618_150720/frame_00264_151610_073.jpg
minor_issues/frame_00266_154559_197.jpg,minor_issues,train_data/session_20260605_154345/frame_00266_154559_197.jpg
minor_issues/frame_00267_154559_698.jpg,minor_issues,train_data/session_20260605_154345/frame_00267_154559_698.jpg
minor_issues/frame_00268_151618_078.jpg,minor_issues,train_data/session_20260618_150720/frame_00268_151618_078.jpg
minor_issues/frame_00269_154600_698.jpg,minor_issues,train_data/session_20260605_154345/frame_00269_154600_698.jpg
minor_issues/frame_00271_151624_082.jpg,minor_issues,train_data/session_20260618_150720/frame_00271_151624_082.jpg
minor_issues/frame_00271_154601_699.jpg,minor_issues,train_data/session_20260605_154345/frame_00271_154601_699.jpg
minor_issues/frame_00272_154602_200.jpg,minor_issues,train_data/session_20260605_154345/frame_00272_154602_200.jpg
minor_issues/frame_00273_154602_699.jpg,minor_issues,train_data/session_20260605_154345/frame_00273_154602_699.jpg
minor_issues/frame_00279_154605_701.jpg,minor_issues,train_data/session_20260605_154345/frame_00279_154605_701.jpg
minor_issues/frame_00280_154606_202.jpg,minor_issues,train_data/session_20260605_154345/frame_00280_154606_202.jpg
minor_issues/frame_00281_151644_096.jpg,minor_issues,train_data/session_20260618_150720/frame_00281_151644_096.jpg
minor_issues/frame_00281_154606_702.jpg,minor_issues,train_data/session_20260605_154345/frame_00281_154606_702.jpg
minor_issues/frame_00282_154607_203.jpg,minor_issues,train_data/session_20260605_154345/frame_00282_154607_203.jpg
minor_issues/frame_00283_151648_100.jpg,minor_issues,train_data/session_20260618_150720/frame_00283_151648_100.jpg
minor_issues/frame_00284_151650_100.jpg,minor_issues,train_data/session_20260618_150720/frame_00284_151650_100.jpg
minor_issues/frame_00285_151652_102.jpg,minor_issues,train_data/session_20260618_150720/frame_00285_151652_102.jpg
minor_issues/frame_00285_154608_704.jpg,minor_issues,train_data/session_20260605_154345/frame_00285_154608_704.jpg
minor_issues/frame_00287_154609_704.jpg,minor_issues,train_data/session_20260605_154345/frame_00287_154609_704.jpg
minor_issues/frame_00288_151658_106.jpg,minor_issues,train_data/session_20260618_150720/frame_00288_151658_106.jpg
minor_issues/frame_00288_154610_204.jpg,minor_issues,train_data/session_20260605_154345/frame_00288_154610_204.jpg
minor_issues/frame_00289_154610_705.jpg,minor_issues,train_data/session_20260605_154345/frame_00289_154610_705.jpg
minor_issues/frame_00290_151702_109.jpg,minor_issues,train_data/session_20260618_150720/frame_00290_151702_109.jpg
minor_issues/frame_00290_154611_205.jpg,minor_issues,train_data/session_20260605_154345/frame_00290_154611_205.jpg
minor_issues/frame_00291_151704_110.jpg,minor_issues,train_data/session_20260618_150720/frame_00291_151704_110.jpg
minor_issues/frame_00293_151708_113.jpg,minor_issues,train_data/session_20260618_150720/frame_00293_151708_113.jpg
minor_issues/frame_00293_154612_707.jpg,minor_issues,train_data/session_20260605_154345/frame_00293_154612_707.jpg
minor_issues/frame_00294_154613_206.jpg,minor_issues,train_data/session_20260605_154345/frame_00294_154613_206.jpg
minor_issues/frame_00295_151712_116.jpg,minor_issues,train_data/session_20260618_150720/frame_00295_151712_116.jpg
minor_issues/frame_00295_154613_707.jpg,minor_issues,train_data/session_20260605_154345/frame_00295_154613_707.jpg
minor_issues/frame_00297_151716_119.jpg,minor_issues,train_data/session_20260618_150720/frame_00297_151716_119.jpg
minor_issues/frame_00298_154615_273.jpg,minor_issues,train_data/session_20260605_154345/frame_00298_154615_273.jpg
minor_issues/frame_00299_151720_121.jpg,minor_issues,train_data/session_20260618_150720/frame_00299_151720_121.jpg
minor_issues/frame_00301_154616_776.jpg,minor_issues,train_data/session_20260605_154345/frame_00301_154616_776.jpg
minor_issues/frame_00303_151728_127.jpg,minor_issues,train_data/session_20260618_150720/frame_00303_151728_127.jpg
minor_issues/frame_00304_154618_277.jpg,minor_issues,train_data/session_20260605_154345/frame_00304_154618_277.jpg
minor_issues/frame_00306_151734_129.jpg,minor_issues,train_data/session_20260618_150720/frame_00306_151734_129.jpg
minor_issues/frame_00309_154620_779.jpg,minor_issues,train_data/session_20260605_154345/frame_00309_154620_779.jpg
minor_issues/frame_00312_154622_280.jpg,minor_issues,train_data/session_20260605_154345/frame_00312_154622_280.jpg
minor_issues/frame_00314_154623_280.jpg,minor_issues,train_data/session_20260605_154345/frame_00314_154623_280.jpg
minor_issues/frame_00316_151754_145.jpg,minor_issues,train_data/session_20260618_150720/frame_00316_151754_145.jpg
minor_issues/frame_00316_154624_281.jpg,minor_issues,train_data/session_20260605_154345/frame_00316_154624_281.jpg
minor_issues/frame_00319_154625_782.jpg,minor_issues,train_data/session_20260605_154345/frame_00319_154625_782.jpg
minor_issues/frame_00320_154626_282.jpg,minor_issues,train_data/session_20260605_154345/frame_00320_154626_282.jpg
minor_issues/frame_00321_154626_783.jpg,minor_issues,train_data/session_20260605_154345/frame_00321_154626_783.jpg
minor_issues/frame_00323_154627_784.jpg,minor_issues,train_data/session_20260605_154345/frame_00323_154627_784.jpg
minor_issues/frame_00325_154628_784.jpg,minor_issues,train_data/session_20260605_154345/frame_00325_154628_784.jpg
minor_issues/frame_00327_154629_785.jpg,minor_issues,train_data/session_20260605_154345/frame_00327_154629_785.jpg
minor_issues/frame_00329_154630_786.jpg,minor_issues,train_data/session_20260605_154345/frame_00329_154630_786.jpg
minor_issues/frame_00330_154631_286.jpg,minor_issues,train_data/session_20260605_154345/frame_00330_154631_286.jpg
minor_issues/frame_00331_154631_786.jpg,minor_issues,train_data/session_20260605_154345/frame_00331_154631_786.jpg
minor_issues/frame_00332_151826_167.jpg,minor_issues,train_data/session_20260618_150720/frame_00332_151826_167.jpg
minor_issues/frame_00332_154632_286.jpg,minor_issues,train_data/session_20260605_154345/frame_00332_154632_286.jpg
minor_issues/frame_00333_154632_787.jpg,minor_issues,train_data/session_20260605_154345/frame_00333_154632_787.jpg
minor_issues/frame_00334_154633_287.jpg,minor_issues,train_data/session_20260605_154345/frame_00334_154633_287.jpg
minor_issues/frame_00336_154634_288.jpg,minor_issues,train_data/session_20260605_154345/frame_00336_154634_288.jpg
minor_issues/frame_00337_154634_789.jpg,minor_issues,train_data/session_20260605_154345/frame_00337_154634_789.jpg
minor_issues/frame_00341_154636_789.jpg,minor_issues,train_data/session_20260605_154345/frame_00341_154636_789.jpg
minor_issues/frame_00345_154638_791.jpg,minor_issues,train_data/session_20260605_154345/frame_00345_154638_791.jpg
minor_issues/frame_00346_154639_291.jpg,minor_issues,train_data/session_20260605_154345/frame_00346_154639_291.jpg
minor_issues/frame_00347_151856_188.jpg,minor_issues,train_data/session_20260618_150720/frame_00347_151856_188.jpg
minor_issues/frame_00347_154639_792.jpg,minor_issues,train_data/session_20260605_154345/frame_00347_154639_792.jpg
minor_issues/frame_00348_151858_189.jpg,minor_issues,train_data/session_20260618_150720/frame_00348_151858_189.jpg
minor_issues/frame_00349_154640_792.jpg,minor_issues,train_data/session_20260605_154345/frame_00349_154640_792.jpg
minor_issues/frame_00350_151902_192.jpg,minor_issues,train_data/session_20260618_150720/frame_00350_151902_192.jpg
minor_issues/frame_00352_154642_294.jpg,minor_issues,train_data/session_20260605_154345/frame_00352_154642_294.jpg
minor_issues/frame_00355_154643_795.jpg,minor_issues,train_data/session_20260605_154345/frame_00355_154643_795.jpg
minor_issues/frame_00356_154644_295.jpg,minor_issues,train_data/session_20260605_154345/frame_00356_154644_295.jpg
minor_issues/frame_00357_154644_795.jpg,minor_issues,train_data/session_20260605_154345/frame_00357_154644_795.jpg
minor_issues/frame_00358_154645_296.jpg,minor_issues,train_data/session_20260605_154345/frame_00358_154645_296.jpg
minor_issues/frame_00359_154645_796.jpg,minor_issues,train_data/session_20260605_154345/frame_00359_154645_796.jpg
minor_issues/frame_00360_151922_206.jpg,minor_issues,train_data/session_20260618_150720/frame_00360_151922_206.jpg
minor_issues/frame_00360_154646_296.jpg,minor_issues,train_data/session_20260605_154345/frame_00360_154646_296.jpg
minor_issues/frame_00361_154646_797.jpg,minor_issues,train_data/session_20260605_154345/frame_00361_154646_797.jpg
minor_issues/frame_00363_151928_210.jpg,minor_issues,train_data/session_20260618_150720/frame_00363_151928_210.jpg
minor_issues/frame_00363_154647_797.jpg,minor_issues,train_data/session_20260605_154345/frame_00363_154647_797.jpg
minor_issues/frame_00364_154648_297.jpg,minor_issues,train_data/session_20260605_154345/frame_00364_154648_297.jpg
minor_issues/frame_00365_154648_798.jpg,minor_issues,train_data/session_20260605_154345/frame_00365_154648_798.jpg
minor_issues/frame_00366_151934_214.jpg,minor_issues,train_data/session_20260618_150720/frame_00366_151934_214.jpg
minor_issues/frame_00368_151938_217.jpg,minor_issues,train_data/session_20260618_150720/frame_00368_151938_217.jpg
minor_issues/frame_00371_151944_221.jpg,minor_issues,train_data/session_20260618_150720/frame_00371_151944_221.jpg
minor_issues/frame_00371_154651_800.jpg,minor_issues,train_data/session_20260605_154345/frame_00371_154651_800.jpg
minor_issues/frame_00374_154653_301.jpg,minor_issues,train_data/session_20260605_154345/frame_00374_154653_301.jpg
minor_issues/frame_00378_151958_230.jpg,minor_issues,train_data/session_20260618_150720/frame_00378_151958_230.jpg
minor_issues/frame_00378_154655_302.jpg,minor_issues,train_data/session_20260605_154345/frame_00378_154655_302.jpg
minor_issues/frame_00379_154655_803.jpg,minor_issues,train_data/session_20260605_154345/frame_00379_154655_803.jpg
minor_issues/frame_00382_152006_236.jpg,minor_issues,train_data/session_20260618_150720/frame_00382_152006_236.jpg
minor_issues/frame_00385_154658_805.jpg,minor_issues,train_data/session_20260605_154345/frame_00385_154658_805.jpg
minor_issues/frame_00386_152014_242.jpg,minor_issues,train_data/session_20260618_150720/frame_00386_152014_242.jpg
minor_issues/frame_00387_154659_806.jpg,minor_issues,train_data/session_20260605_154345/frame_00387_154659_806.jpg
minor_issues/frame_00390_154701_306.jpg,minor_issues,train_data/session_20260605_154345/frame_00390_154701_306.jpg
minor_issues/frame_00391_154701_807.jpg,minor_issues,train_data/session_20260605_154345/frame_00391_154701_807.jpg
minor_issues/frame_00392_154702_307.jpg,minor_issues,train_data/session_20260605_154345/frame_00392_154702_307.jpg
minor_issues/frame_00393_154702_808.jpg,minor_issues,train_data/session_20260605_154345/frame_00393_154702_808.jpg
minor_issues/frame_00395_154703_808.jpg,minor_issues,train_data/session_20260605_154345/frame_00395_154703_808.jpg
minor_issues/frame_00397_154704_809.jpg,minor_issues,train_data/session_20260605_154345/frame_00397_154704_809.jpg
minor_issues/frame_00400_154706_310.jpg,minor_issues,train_data/session_20260605_154345/frame_00400_154706_310.jpg
minor_issues/frame_00401_152044_262.jpg,minor_issues,train_data/session_20260618_150720/frame_00401_152044_262.jpg
minor_issues/frame_00404_154708_311.jpg,minor_issues,train_data/session_20260605_154345/frame_00404_154708_311.jpg
minor_issues/frame_00405_152052_268.jpg,minor_issues,train_data/session_20260618_150720/frame_00405_152052_268.jpg
minor_issues/frame_00405_154708_812.jpg,minor_issues,train_data/session_20260605_154345/frame_00405_154708_812.jpg
minor_issues/frame_00407_154709_813.jpg,minor_issues,train_data/session_20260605_154345/frame_00407_154709_813.jpg
minor_issues/frame_00408_154710_312.jpg,minor_issues,train_data/session_20260605_154345/frame_00408_154710_312.jpg
minor_issues/frame_00409_154710_813.jpg,minor_issues,train_data/session_20260605_154345/frame_00409_154710_813.jpg
minor_issues/frame_00411_152104_276.jpg,minor_issues,train_data/session_20260618_150720/frame_00411_152104_276.jpg
minor_issues/frame_00411_154711_814.jpg,minor_issues,train_data/session_20260605_154345/frame_00411_154711_814.jpg
minor_issues/frame_00413_154712_815.jpg,minor_issues,train_data/session_20260605_154345/frame_00413_154712_815.jpg
minor_issues/frame_00416_154714_316.jpg,minor_issues,train_data/session_20260605_154345/frame_00416_154714_316.jpg
minor_issues/frame_00417_152116_284.jpg,minor_issues,train_data/session_20260618_150720/frame_00417_152116_284.jpg
minor_issues/frame_00417_154714_816.jpg,minor_issues,train_data/session_20260605_154345/frame_00417_154714_816.jpg
minor_issues/frame_00418_152118_286.jpg,minor_issues,train_data/session_20260618_150720/frame_00418_152118_286.jpg
minor_issues/frame_00419_152120_287.jpg,minor_issues,train_data/session_20260618_150720/frame_00419_152120_287.jpg
minor_issues/frame_00420_152122_289.jpg,minor_issues,train_data/session_20260618_150720/frame_00420_152122_289.jpg
minor_issues/frame_00420_154716_317.jpg,minor_issues,train_data/session_20260605_154345/frame_00420_154716_317.jpg
minor_issues/frame_00421_152124_290.jpg,minor_issues,train_data/session_20260618_150720/frame_00421_152124_290.jpg
minor_issues/frame_00421_154716_817.jpg,minor_issues,train_data/session_20260605_154345/frame_00421_154716_817.jpg
minor_issues/frame_00422_154717_318.jpg,minor_issues,train_data/session_20260605_154345/frame_00422_154717_318.jpg
minor_issues/frame_00423_152128_293.jpg,minor_issues,train_data/session_20260618_150720/frame_00423_152128_293.jpg
minor_issues/frame_00424_154718_318.jpg,minor_issues,train_data/session_20260605_154345/frame_00424_154718_318.jpg
minor_issues/frame_00425_154718_818.jpg,minor_issues,train_data/session_20260605_154345/frame_00425_154718_818.jpg
minor_issues/frame_00426_152134_297.jpg,minor_issues,train_data/session_20260618_150720/frame_00426_152134_297.jpg
minor_issues/frame_00427_154719_819.jpg,minor_issues,train_data/session_20260605_154345/frame_00427_154719_819.jpg
minor_issues/frame_00430_152142_302.jpg,minor_issues,train_data/session_20260618_150720/frame_00430_152142_302.jpg
minor_issues/frame_00432_154722_321.jpg,minor_issues,train_data/session_20260605_154345/frame_00432_154722_321.jpg
minor_issues/frame_00435_154723_822.jpg,minor_issues,train_data/session_20260605_154345/frame_00435_154723_822.jpg
minor_issues/frame_00440_154726_324.jpg,minor_issues,train_data/session_20260605_154345/frame_00440_154726_324.jpg
minor_issues/frame_00441_154726_824.jpg,minor_issues,train_data/session_20260605_154345/frame_00441_154726_824.jpg
minor_issues/frame_00442_154727_324.jpg,minor_issues,train_data/session_20260605_154345/frame_00442_154727_324.jpg
minor_issues/frame_00444_154728_325.jpg,minor_issues,train_data/session_20260605_154345/frame_00444_154728_325.jpg
minor_issues/frame_00445_152212_323.jpg,minor_issues,train_data/session_20260618_150720/frame_00445_152212_323.jpg
minor_issues/frame_00446_152214_325.jpg,minor_issues,train_data/session_20260618_150720/frame_00446_152214_325.jpg
minor_issues/frame_00446_154729_326.jpg,minor_issues,train_data/session_20260605_154345/frame_00446_154729_326.jpg
minor_issues/frame_00449_152220_329.jpg,minor_issues,train_data/session_20260618_150720/frame_00449_152220_329.jpg
minor_issues/frame_00460_154736_331.jpg,minor_issues,train_data/session_20260605_154345/frame_00460_154736_331.jpg
minor_issues/frame_00461_154736_831.jpg,minor_issues,train_data/session_20260605_154345/frame_00461_154736_831.jpg
minor_issues/frame_00462_154737_332.jpg,minor_issues,train_data/session_20260605_154345/frame_00462_154737_332.jpg
minor_issues/frame_00463_154737_832.jpg,minor_issues,train_data/session_20260605_154345/frame_00463_154737_832.jpg
minor_issues/frame_00466_154739_333.jpg,minor_issues,train_data/session_20260605_154345/frame_00466_154739_333.jpg
minor_issues/frame_00469_154740_834.jpg,minor_issues,train_data/session_20260605_154345/frame_00469_154740_834.jpg
minor_issues/frame_00470_154741_334.jpg,minor_issues,train_data/session_20260605_154345/frame_00470_154741_334.jpg
minor_issues/frame_00472_154742_334.jpg,minor_issues,train_data/session_20260605_154345/frame_00472_154742_334.jpg
minor_issues/frame_00473_154742_835.jpg,minor_issues,train_data/session_20260605_154345/frame_00473_154742_835.jpg
minor_issues/frame_00474_154743_335.jpg,minor_issues,train_data/session_20260605_154345/frame_00474_154743_335.jpg
minor_issues/frame_00475_154743_836.jpg,minor_issues,train_data/session_20260605_154345/frame_00475_154743_836.jpg
minor_issues/frame_00477_154744_837.jpg,minor_issues,train_data/session_20260605_154345/frame_00477_154744_837.jpg
minor_issues/frame_00478_154745_336.jpg,minor_issues,train_data/session_20260605_154345/frame_00478_154745_336.jpg
minor_issues/frame_00479_154745_837.jpg,minor_issues,train_data/session_20260605_154345/frame_00479_154745_837.jpg
minor_issues/frame_00480_154746_337.jpg,minor_issues,train_data/session_20260605_154345/frame_00480_154746_337.jpg
minor_issues/frame_00481_154746_838.jpg,minor_issues,train_data/session_20260605_154345/frame_00481_154746_838.jpg
minor_issues/frame_00484_154748_339.jpg,minor_issues,train_data/session_20260605_154345/frame_00484_154748_339.jpg
minor_issues/frame_00485_154748_840.jpg,minor_issues,train_data/session_20260605_154345/frame_00485_154748_840.jpg
minor_issues/frame_00486_154749_340.jpg,minor_issues,train_data/session_20260605_154345/frame_00486_154749_340.jpg
minor_issues/frame_00488_154750_341.jpg,minor_issues,train_data/session_20260605_154345/frame_00488_154750_341.jpg
minor_issues/frame_00489_154750_841.jpg,minor_issues,train_data/session_20260605_154345/frame_00489_154750_841.jpg
minor_issues/frame_00494_154753_342.jpg,minor_issues,train_data/session_20260605_154345/frame_00494_154753_342.jpg
minor_issues/frame_00495_154753_843.jpg,minor_issues,train_data/session_20260605_154345/frame_00495_154753_843.jpg
minor_issues/frame_00503_154757_846.jpg,minor_issues,train_data/session_20260605_154345/frame_00503_154757_846.jpg
minor_issues/frame_00510_154801_348.jpg,minor_issues,train_data/session_20260605_154345/frame_00510_154801_348.jpg
minor_issues/frame_00513_154802_849.jpg,minor_issues,train_data/session_20260605_154345/frame_00513_154802_849.jpg
minor_issues/frame_00514_154803_349.jpg,minor_issues,train_data/session_20260605_154345/frame_00514_154803_349.jpg
minor_issues/frame_00519_154805_851.jpg,minor_issues,train_data/session_20260605_154345/frame_00519_154805_851.jpg
minor_issues/frame_00521_154806_853.jpg,minor_issues,train_data/session_20260605_154345/frame_00521_154806_853.jpg
minor_issues/frame_00528_154810_354.jpg,minor_issues,train_data/session_20260605_154345/frame_00528_154810_354.jpg
minor_issues/frame_00530_154811_355.jpg,minor_issues,train_data/session_20260605_154345/frame_00530_154811_355.jpg
minor_issues/frame_00531_154811_855.jpg,minor_issues,train_data/session_20260605_154345/frame_00531_154811_855.jpg
minor_issues/frame_00532_154812_356.jpg,minor_issues,train_data/session_20260605_154345/frame_00532_154812_356.jpg
minor_issues/frame_00535_154813_856.jpg,minor_issues,train_data/session_20260605_154345/frame_00535_154813_856.jpg
minor_issues/frame_00536_154814_357.jpg,minor_issues,train_data/session_20260605_154345/frame_00536_154814_357.jpg
minor_issues/frame_00537_154814_858.jpg,minor_issues,train_data/session_20260605_154345/frame_00537_154814_858.jpg
minor_issues/frame_00538_154815_359.jpg,minor_issues,train_data/session_20260605_154345/frame_00538_154815_359.jpg
minor_issues/frame_00541_154816_859.jpg,minor_issues,train_data/session_20260605_154345/frame_00541_154816_859.jpg
minor_issues/frame_00542_154817_359.jpg,minor_issues,train_data/session_20260605_154345/frame_00542_154817_359.jpg
minor_issues/frame_00543_154817_859.jpg,minor_issues,train_data/session_20260605_154345/frame_00543_154817_859.jpg
minor_issues/frame_00546_154819_360.jpg,minor_issues,train_data/session_20260605_154345/frame_00546_154819_360.jpg
minor_issues/frame_00549_154820_862.jpg,minor_issues,train_data/session_20260605_154345/frame_00549_154820_862.jpg
minor_issues/frame_00550_154821_362.jpg,minor_issues,train_data/session_20260605_154345/frame_00550_154821_362.jpg
minor_issues/frame_00553_154822_863.jpg,minor_issues,train_data/session_20260605_154345/frame_00553_154822_863.jpg
minor_issues/frame_00554_154823_363.jpg,minor_issues,train_data/session_20260605_154345/frame_00554_154823_363.jpg
minor_issues/frame_00555_154823_864.jpg,minor_issues,train_data/session_20260605_154345/frame_00555_154823_864.jpg
minor_issues/frame_00570_154831_369.jpg,minor_issues,train_data/session_20260605_154345/frame_00570_154831_369.jpg
minor_issues/frame_00572_154832_370.jpg,minor_issues,train_data/session_20260605_154345/frame_00572_154832_370.jpg
minor_issues/frame_00578_154835_372.jpg,minor_issues,train_data/session_20260605_154345/frame_00578_154835_372.jpg
minor_issues/frame_00579_154835_872.jpg,minor_issues,train_data/session_20260605_154345/frame_00579_154835_872.jpg
minor_issues/frame_00583_154837_873.jpg,minor_issues,train_data/session_20260605_154345/frame_00583_154837_873.jpg
minor_issues/frame_00591_154841_876.jpg,minor_issues,train_data/session_20260605_154345/frame_00591_154841_876.jpg
minor_issues/frame_00592_154842_376.jpg,minor_issues,train_data/session_20260605_154345/frame_00592_154842_376.jpg
minor_issues/frame_00593_154842_877.jpg,minor_issues,train_data/session_20260605_154345/frame_00593_154842_877.jpg
minor_issues/frame_00597_154844_878.jpg,minor_issues,train_data/session_20260605_154345/frame_00597_154844_878.jpg
minor_issues/frame_00607_154850_015.jpg,minor_issues,train_data/session_20260605_154345/frame_00607_154850_015.jpg
minor_issues/frame_00608_154850_516.jpg,minor_issues,train_data/session_20260605_154345/frame_00608_154850_516.jpg
minor_issues/frame_00609_154851_016.jpg,minor_issues,train_data/session_20260605_154345/frame_00609_154851_016.jpg
minor_issues/frame_00611_154852_050.jpg,minor_issues,train_data/session_20260605_154345/frame_00611_154852_050.jpg
minor_issues/frame_00612_154852_550.jpg,minor_issues,train_data/session_20260605_154345/frame_00612_154852_550.jpg
minor_issues/frame_00613_154853_050.jpg,minor_issues,train_data/session_20260605_154345/frame_00613_154853_050.jpg
minor_issues/frame_00614_154853_584.jpg,minor_issues,train_data/session_20260605_154345/frame_00614_154853_584.jpg
minor_issues/frame_00620_154856_586.jpg,minor_issues,train_data/session_20260605_154345/frame_00620_154856_586.jpg
minor_issues/frame_00625_154859_088.jpg,minor_issues,train_data/session_20260605_154345/frame_00625_154859_088.jpg
minor_issues/frame_00631_154902_090.jpg,minor_issues,train_data/session_20260605_154345/frame_00631_154902_090.jpg
minor_issues/frame_00632_154902_591.jpg,minor_issues,train_data/session_20260605_154345/frame_00632_154902_591.jpg
minor_issues/frame_00633_154903_091.jpg,minor_issues,train_data/session_20260605_154345/frame_00633_154903_091.jpg
minor_issues/frame_00635_154904_092.jpg,minor_issues,train_data/session_20260605_154345/frame_00635_154904_092.jpg
minor_issues/frame_00636_154904_592.jpg,minor_issues,train_data/session_20260605_154345/frame_00636_154904_592.jpg
minor_issues/frame_00637_154905_092.jpg,minor_issues,train_data/session_20260605_154345/frame_00637_154905_092.jpg
minor_issues/frame_00638_154905_593.jpg,minor_issues,train_data/session_20260605_154345/frame_00638_154905_593.jpg
minor_issues/frame_00639_154906_092.jpg,minor_issues,train_data/session_20260605_154345/frame_00639_154906_092.jpg
minor_issues/frame_00641_154907_093.jpg,minor_issues,train_data/session_20260605_154345/frame_00641_154907_093.jpg
minor_issues/frame_00642_154907_594.jpg,minor_issues,train_data/session_20260605_154345/frame_00642_154907_594.jpg
minor_issues/frame_00645_154909_095.jpg,minor_issues,train_data/session_20260605_154345/frame_00645_154909_095.jpg
minor_issues/frame_00648_154910_596.jpg,minor_issues,train_data/session_20260605_154345/frame_00648_154910_596.jpg
minor_issues/frame_00653_154913_098.jpg,minor_issues,train_data/session_20260605_154345/frame_00653_154913_098.jpg
minor_issues/frame_00655_154914_099.jpg,minor_issues,train_data/session_20260605_154345/frame_00655_154914_099.jpg
minor_issues/frame_00656_154914_599.jpg,minor_issues,train_data/session_20260605_154345/frame_00656_154914_599.jpg
minor_issues/frame_00657_154915_099.jpg,minor_issues,train_data/session_20260605_154345/frame_00657_154915_099.jpg
minor_issues/frame_00658_154915_599.jpg,minor_issues,train_data/session_20260605_154345/frame_00658_154915_599.jpg
minor_issues/frame_00659_154916_100.jpg,minor_issues,train_data/session_20260605_154345/frame_00659_154916_100.jpg
minor_issues/frame_00660_154916_600.jpg,minor_issues,train_data/session_20260605_154345/frame_00660_154916_600.jpg
minor_issues/frame_00667_154920_103.jpg,minor_issues,train_data/session_20260605_154345/frame_00667_154920_103.jpg
minor_issues/frame_00668_154920_603.jpg,minor_issues,train_data/session_20260605_154345/frame_00668_154920_603.jpg
minor_issues/frame_00670_154921_604.jpg,minor_issues,train_data/session_20260605_154345/frame_00670_154921_604.jpg
minor_issues/frame_00671_154922_104.jpg,minor_issues,train_data/session_20260605_154345/frame_00671_154922_104.jpg
minor_issues/frame_00672_154922_604.jpg,minor_issues,train_data/session_20260605_154345/frame_00672_154922_604.jpg
minor_issues/frame_00673_154923_105.jpg,minor_issues,train_data/session_20260605_154345/frame_00673_154923_105.jpg
minor_issues/frame_00679_154926_107.jpg,minor_issues,train_data/session_20260605_154345/frame_00679_154926_107.jpg
minor_issues/frame_00681_154927_107.jpg,minor_issues,train_data/session_20260605_154345/frame_00681_154927_107.jpg
minor_issues/frame_00691_154932_111.jpg,minor_issues,train_data/session_20260605_154345/frame_00691_154932_111.jpg
minor_issues/frame_00692_154932_612.jpg,minor_issues,train_data/session_20260605_154345/frame_00692_154932_612.jpg
minor_issues/frame_00698_154935_613.jpg,minor_issues,train_data/session_20260605_154345/frame_00698_154935_613.jpg
minor_issues/frame_00703_154938_115.jpg,minor_issues,train_data/session_20260605_154345/frame_00703_154938_115.jpg
minor_issues/frame_00704_154938_616.jpg,minor_issues,train_data/session_20260605_154345/frame_00704_154938_616.jpg
minor_issues/frame_00706_154939_616.jpg,minor_issues,train_data/session_20260605_154345/frame_00706_154939_616.jpg
minor_issues/frame_00707_154940_116.jpg,minor_issues,train_data/session_20260605_154345/frame_00707_154940_116.jpg
minor_issues/frame_00708_154940_617.jpg,minor_issues,train_data/session_20260605_154345/frame_00708_154940_617.jpg
minor_issues/frame_00710_154941_617.jpg,minor_issues,train_data/session_20260605_154345/frame_00710_154941_617.jpg
minor_issues/frame_00711_154942_118.jpg,minor_issues,train_data/session_20260605_154345/frame_00711_154942_118.jpg
minor_issues/frame_00713_154943_118.jpg,minor_issues,train_data/session_20260605_154345/frame_00713_154943_118.jpg
minor_issues/frame_00717_154945_120.jpg,minor_issues,train_data/session_20260605_154345/frame_00717_154945_120.jpg
minor_issues/frame_00727_154950_123.jpg,minor_issues,train_data/session_20260605_154345/frame_00727_154950_123.jpg
minor_issues/frame_00728_154950_624.jpg,minor_issues,train_data/session_20260605_154345/frame_00728_154950_624.jpg
minor_issues/frame_00729_154951_124.jpg,minor_issues,train_data/session_20260605_154345/frame_00729_154951_124.jpg
minor_issues/frame_00731_154952_125.jpg,minor_issues,train_data/session_20260605_154345/frame_00731_154952_125.jpg
minor_issues/frame_00734_154953_659.jpg,minor_issues,train_data/session_20260605_154345/frame_00734_154953_659.jpg
minor_issues/frame_00740_154956_661.jpg,minor_issues,train_data/session_20260605_154345/frame_00740_154956_661.jpg
minor_issues/frame_00743_154958_162.jpg,minor_issues,train_data/session_20260605_154345/frame_00743_154958_162.jpg
minor_issues/frame_00747_155000_163.jpg,minor_issues,train_data/session_20260605_154345/frame_00747_155000_163.jpg
minor_issues/frame_00748_155000_664.jpg,minor_issues,train_data/session_20260605_154345/frame_00748_155000_664.jpg
minor_issues/frame_00753_155003_166.jpg,minor_issues,train_data/session_20260605_154345/frame_00753_155003_166.jpg
minor_issues/frame_00754_155003_666.jpg,minor_issues,train_data/session_20260605_154345/frame_00754_155003_666.jpg
minor_issues/frame_00755_155004_166.jpg,minor_issues,train_data/session_20260605_154345/frame_00755_155004_166.jpg
minor_issues/frame_00756_155004_666.jpg,minor_issues,train_data/session_20260605_154345/frame_00756_155004_666.jpg
minor_issues/frame_00777_155015_174.jpg,minor_issues,train_data/session_20260605_154345/frame_00777_155015_174.jpg
minor_issues/frame_00778_155015_674.jpg,minor_issues,train_data/session_20260605_154345/frame_00778_155015_674.jpg
minor_issues/frame_00780_155016_675.jpg,minor_issues,train_data/session_20260605_154345/frame_00780_155016_675.jpg
minor_issues/frame_00782_155017_676.jpg,minor_issues,train_data/session_20260605_154345/frame_00782_155017_676.jpg
minor_issues/frame_00783_155018_176.jpg,minor_issues,train_data/session_20260605_154345/frame_00783_155018_176.jpg
minor_issues/frame_00786_155019_677.jpg,minor_issues,train_data/session_20260605_154345/frame_00786_155019_677.jpg
minor_issues/frame_00789_155021_178.jpg,minor_issues,train_data/session_20260605_154345/frame_00789_155021_178.jpg
minor_issues/frame_00790_155021_678.jpg,minor_issues,train_data/session_20260605_154345/frame_00790_155021_678.jpg
minor_issues/frame_00791_155022_179.jpg,minor_issues,train_data/session_20260605_154345/frame_00791_155022_179.jpg
minor_issues/frame_00799_155026_182.jpg,minor_issues,train_data/session_20260605_154345/frame_00799_155026_182.jpg
minor_issues/frame_00805_155029_184.jpg,minor_issues,train_data/session_20260605_154345/frame_00805_155029_184.jpg
minor_issues/frame_00808_155030_685.jpg,minor_issues,train_data/session_20260605_154345/frame_00808_155030_685.jpg
minor_issues/frame_00811_155032_186.jpg,minor_issues,train_data/session_20260605_154345/frame_00811_155032_186.jpg
minor_issues/frame_00814_155033_687.jpg,minor_issues,train_data/session_20260605_154345/frame_00814_155033_687.jpg
minor_issues/frame_00816_155034_688.jpg,minor_issues,train_data/session_20260605_154345/frame_00816_155034_688.jpg
minor_issues/frame_00818_155035_688.jpg,minor_issues,train_data/session_20260605_154345/frame_00818_155035_688.jpg
minor_issues/frame_00819_155036_189.jpg,minor_issues,train_data/session_20260605_154345/frame_00819_155036_189.jpg
minor_issues/frame_00820_155036_689.jpg,minor_issues,train_data/session_20260605_154345/frame_00820_155036_689.jpg
minor_issues/frame_00823_155038_190.jpg,minor_issues,train_data/session_20260605_154345/frame_00823_155038_190.jpg
minor_issues/frame_00825_155039_191.jpg,minor_issues,train_data/session_20260605_154345/frame_00825_155039_191.jpg
minor_issues/frame_00826_155039_690.jpg,minor_issues,train_data/session_20260605_154345/frame_00826_155039_690.jpg
minor_issues/frame_00827_155040_191.jpg,minor_issues,train_data/session_20260605_154345/frame_00827_155040_191.jpg
minor_issues/frame_00829_155041_192.jpg,minor_issues,train_data/session_20260605_154345/frame_00829_155041_192.jpg
minor_issues/frame_00830_155041_692.jpg,minor_issues,train_data/session_20260605_154345/frame_00830_155041_692.jpg
minor_issues/frame_00832_155042_693.jpg,minor_issues,train_data/session_20260605_154345/frame_00832_155042_693.jpg
minor_issues/frame_00834_155043_727.jpg,minor_issues,train_data/session_20260605_154345/frame_00834_155043_727.jpg
minor_issues/frame_00836_155044_795.jpg,minor_issues,train_data/session_20260605_154345/frame_00836_155044_795.jpg
minor_issues/frame_00837_155045_295.jpg,minor_issues,train_data/session_20260605_154345/frame_00837_155045_295.jpg
minor_issues/frame_00838_155045_795.jpg,minor_issues,train_data/session_20260605_154345/frame_00838_155045_795.jpg
minor_issues/frame_00840_155046_796.jpg,minor_issues,train_data/session_20260605_154345/frame_00840_155046_796.jpg
minor_issues/frame_00841_155047_297.jpg,minor_issues,train_data/session_20260605_154345/frame_00841_155047_297.jpg
minor_issues/frame_00843_155048_297.jpg,minor_issues,train_data/session_20260605_154345/frame_00843_155048_297.jpg
minor_issues/frame_00849_155051_333.jpg,minor_issues,train_data/session_20260605_154345/frame_00849_155051_333.jpg
minor_issues/frame_00850_155051_833.jpg,minor_issues,train_data/session_20260605_154345/frame_00850_155051_833.jpg
minor_issues/frame_00851_155052_333.jpg,minor_issues,train_data/session_20260605_154345/frame_00851_155052_333.jpg
minor_issues/frame_00852_155052_833.jpg,minor_issues,train_data/session_20260605_154345/frame_00852_155052_833.jpg
minor_issues/frame_00862_155057_837.jpg,minor_issues,train_data/session_20260605_154345/frame_00862_155057_837.jpg
minor_issues/frame_00868_155100_839.jpg,minor_issues,train_data/session_20260605_154345/frame_00868_155100_839.jpg
minor_issues/frame_00869_155101_339.jpg,minor_issues,train_data/session_20260605_154345/frame_00869_155101_339.jpg
minor_issues/frame_00870_155101_839.jpg,minor_issues,train_data/session_20260605_154345/frame_00870_155101_839.jpg
minor_issues/frame_00871_155102_340.jpg,minor_issues,train_data/session_20260605_154345/frame_00871_155102_340.jpg
minor_issues/frame_00872_155102_840.jpg,minor_issues,train_data/session_20260605_154345/frame_00872_155102_840.jpg
minor_issues/frame_00875_155104_341.jpg,minor_issues,train_data/session_20260605_154345/frame_00875_155104_341.jpg
minor_issues/frame_00877_155105_342.jpg,minor_issues,train_data/session_20260605_154345/frame_00877_155105_342.jpg
minor_issues/frame_00879_155106_343.jpg,minor_issues,train_data/session_20260605_154345/frame_00879_155106_343.jpg
minor_issues/frame_00880_155106_843.jpg,minor_issues,train_data/session_20260605_154345/frame_00880_155106_843.jpg
minor_issues/frame_00881_155107_344.jpg,minor_issues,train_data/session_20260605_154345/frame_00881_155107_344.jpg
minor_issues/frame_00882_155107_844.jpg,minor_issues,train_data/session_20260605_154345/frame_00882_155107_844.jpg
minor_issues/frame_00884_155108_845.jpg,minor_issues,train_data/session_20260605_154345/frame_00884_155108_845.jpg
minor_issues/frame_00886_155109_845.jpg,minor_issues,train_data/session_20260605_154345/frame_00886_155109_845.jpg
minor_issues/frame_00892_155112_847.jpg,minor_issues,train_data/session_20260605_154345/frame_00892_155112_847.jpg
minor_issues/frame_00895_155114_348.jpg,minor_issues,train_data/session_20260605_154345/frame_00895_155114_348.jpg
minor_issues/frame_00897_155115_349.jpg,minor_issues,train_data/session_20260605_154345/frame_00897_155115_349.jpg
minor_issues/frame_00898_155115_849.jpg,minor_issues,train_data/session_20260605_154345/frame_00898_155115_849.jpg
minor_issues/frame_00904_155118_852.jpg,minor_issues,train_data/session_20260605_154345/frame_00904_155118_852.jpg
minor_issues/frame_00905_155119_352.jpg,minor_issues,train_data/session_20260605_154345/frame_00905_155119_352.jpg
minor_issues/frame_00915_155124_355.jpg,minor_issues,train_data/session_20260605_154345/frame_00915_155124_355.jpg
minor_issues/frame_00927_155130_359.jpg,minor_issues,train_data/session_20260605_154345/frame_00927_155130_359.jpg
minor_issues/frame_00928_155130_860.jpg,minor_issues,train_data/session_20260605_154345/frame_00928_155130_860.jpg
minor_issues/frame_00932_155132_893.jpg,minor_issues,train_data/session_20260605_154345/frame_00932_155132_893.jpg
minor_issues/frame_00933_155133_395.jpg,minor_issues,train_data/session_20260605_154345/frame_00933_155133_395.jpg
minor_issues/frame_00937_155135_430.jpg,minor_issues,train_data/session_20260605_154345/frame_00937_155135_430.jpg
minor_issues/frame_00941_155137_431.jpg,minor_issues,train_data/session_20260605_154345/frame_00941_155137_431.jpg
minor_issues/frame_00947_155140_433.jpg,minor_issues,train_data/session_20260605_154345/frame_00947_155140_433.jpg
minor_issues/frame_00948_155140_933.jpg,minor_issues,train_data/session_20260605_154345/frame_00948_155140_933.jpg
minor_issues/frame_00949_155141_434.jpg,minor_issues,train_data/session_20260605_154345/frame_00949_155141_434.jpg
minor_issues/frame_00954_155143_936.jpg,minor_issues,train_data/session_20260605_154345/frame_00954_155143_936.jpg
minor_issues/frame_00955_155144_435.jpg,minor_issues,train_data/session_20260605_154345/frame_00955_155144_435.jpg
minor_issues/frame_00959_155146_437.jpg,minor_issues,train_data/session_20260605_154345/frame_00959_155146_437.jpg
minor_issues/frame_00966_155149_940.jpg,minor_issues,train_data/session_20260605_154345/frame_00966_155149_940.jpg
minor_issues/frame_00970_155151_941.jpg,minor_issues,train_data/session_20260605_154345/frame_00970_155151_941.jpg
minor_issues/frame_00974_155153_942.jpg,minor_issues,train_data/session_20260605_154345/frame_00974_155153_942.jpg
minor_issues/frame_00976_155154_943.jpg,minor_issues,train_data/session_20260605_154345/frame_00976_155154_943.jpg
minor_issues/frame_00977_155155_443.jpg,minor_issues,train_data/session_20260605_154345/frame_00977_155155_443.jpg
minor_issues/frame_00980_155156_945.jpg,minor_issues,train_data/session_20260605_154345/frame_00980_155156_945.jpg
minor_issues/frame_00981_155157_445.jpg,minor_issues,train_data/session_20260605_154345/frame_00981_155157_445.jpg
minor_issues/frame_00982_155157_945.jpg,minor_issues,train_data/session_20260605_154345/frame_00982_155157_945.jpg
minor_issues/frame_00984_155158_946.jpg,minor_issues,train_data/session_20260605_154345/frame_00984_155158_946.jpg
minor_issues/frame_00985_155159_446.jpg,minor_issues,train_data/session_20260605_154345/frame_00985_155159_446.jpg
minor_issues/frame_00987_155200_447.jpg,minor_issues,train_data/session_20260605_154345/frame_00987_155200_447.jpg
minor_issues/frame_00989_155201_448.jpg,minor_issues,train_data/session_20260605_154345/frame_00989_155201_448.jpg
minor_issues/frame_00991_155202_448.jpg,minor_issues,train_data/session_20260605_154345/frame_00991_155202_448.jpg
minor_issues/frame_00992_155202_948.jpg,minor_issues,train_data/session_20260605_154345/frame_00992_155202_948.jpg
minor_issues/frame_00994_155203_949.jpg,minor_issues,train_data/session_20260605_154345/frame_00994_155203_949.jpg
minor_issues/frame_00999_155206_450.jpg,minor_issues,train_data/session_20260605_154345/frame_00999_155206_450.jpg
minor_issues/frame_01006_155209_986.jpg,minor_issues,train_data/session_20260605_154345/frame_01006_155209_986.jpg
minor_issues/frame_01019_155216_491.jpg,minor_issues,train_data/session_20260605_154345/frame_01019_155216_491.jpg
minor_issues/frame_01025_155219_494.jpg,minor_issues,train_data/session_20260605_154345/frame_01025_155219_494.jpg
minor_issues/frame_01033_155223_496.jpg,minor_issues,train_data/session_20260605_154345/frame_01033_155223_496.jpg
minor_issues/frame_01035_155224_497.jpg,minor_issues,train_data/session_20260605_154345/frame_01035_155224_497.jpg
minor_issues/frame_01036_155224_997.jpg,minor_issues,train_data/session_20260605_154345/frame_01036_155224_997.jpg
minor_issues/frame_01042_155227_999.jpg,minor_issues,train_data/session_20260605_154345/frame_01042_155227_999.jpg
minor_issues/frame_01050_155232_002.jpg,minor_issues,train_data/session_20260605_154345/frame_01050_155232_002.jpg
minor_issues/frame_01051_155232_502.jpg,minor_issues,train_data/session_20260605_154345/frame_01051_155232_502.jpg
minor_issues/frame_01058_155236_038.jpg,minor_issues,train_data/session_20260605_154345/frame_01058_155236_038.jpg
minor_issues/frame_01060_155237_039.jpg,minor_issues,train_data/session_20260605_154345/frame_01060_155237_039.jpg
minor_issues/frame_01062_155238_040.jpg,minor_issues,train_data/session_20260605_154345/frame_01062_155238_040.jpg
minor_issues/frame_01063_155238_540.jpg,minor_issues,train_data/session_20260605_154345/frame_01063_155238_540.jpg
minor_issues/frame_01065_155239_541.jpg,minor_issues,train_data/session_20260605_154345/frame_01065_155239_541.jpg
minor_issues/frame_01066_155240_041.jpg,minor_issues,train_data/session_20260605_154345/frame_01066_155240_041.jpg
minor_issues/frame_01068_155241_042.jpg,minor_issues,train_data/session_20260605_154345/frame_01068_155241_042.jpg
minor_issues/frame_01070_155242_042.jpg,minor_issues,train_data/session_20260605_154345/frame_01070_155242_042.jpg
minor_issues/frame_01071_155242_542.jpg,minor_issues,train_data/session_20260605_154345/frame_01071_155242_542.jpg
minor_issues/frame_01074_155244_044.jpg,minor_issues,train_data/session_20260605_154345/frame_01074_155244_044.jpg
minor_issues/frame_01077_155245_545.jpg,minor_issues,train_data/session_20260605_154345/frame_01077_155245_545.jpg
minor_issues/frame_01078_155246_046.jpg,minor_issues,train_data/session_20260605_154345/frame_01078_155246_046.jpg
minor_issues/frame_01080_155247_046.jpg,minor_issues,train_data/session_20260605_154345/frame_01080_155247_046.jpg
minor_issues/frame_01082_155248_047.jpg,minor_issues,train_data/session_20260605_154345/frame_01082_155248_047.jpg
minor_issues/frame_01083_155248_547.jpg,minor_issues,train_data/session_20260605_154345/frame_01083_155248_547.jpg
minor_issues/frame_01088_155251_048.jpg,minor_issues,train_data/session_20260605_154345/frame_01088_155251_048.jpg
minor_issues/frame_01089_155251_549.jpg,minor_issues,train_data/session_20260605_154345/frame_01089_155251_549.jpg
minor_issues/frame_01090_155252_049.jpg,minor_issues,train_data/session_20260605_154345/frame_01090_155252_049.jpg
minor_issues/frame_01093_155253_551.jpg,minor_issues,train_data/session_20260605_154345/frame_01093_155253_551.jpg
minor_issues/frame_01094_155254_051.jpg,minor_issues,train_data/session_20260605_154345/frame_01094_155254_051.jpg
minor_issues/frame_01097_155255_551.jpg,minor_issues,train_data/session_20260605_154345/frame_01097_155255_551.jpg
minor_issues/frame_01099_155256_552.jpg,minor_issues,train_data/session_20260605_154345/frame_01099_155256_552.jpg
minor_issues/frame_01100_155257_053.jpg,minor_issues,train_data/session_20260605_154345/frame_01100_155257_053.jpg
minor_issues/frame_01101_155257_553.jpg,minor_issues,train_data/session_20260605_154345/frame_01101_155257_553.jpg
minor_issues/frame_01102_155258_053.jpg,minor_issues,train_data/session_20260605_154345/frame_01102_155258_053.jpg
minor_issues/frame_01104_155259_054.jpg,minor_issues,train_data/session_20260605_154345/frame_01104_155259_054.jpg
minor_issues/frame_01107_155300_555.jpg,minor_issues,train_data/session_20260605_154345/frame_01107_155300_555.jpg
minor_issues/frame_01108_155301_055.jpg,minor_issues,train_data/session_20260605_154345/frame_01108_155301_055.jpg
minor_issues/frame_01109_155301_555.jpg,minor_issues,train_data/session_20260605_154345/frame_01109_155301_555.jpg
minor_issues/frame_01111_155302_556.jpg,minor_issues,train_data/session_20260605_154345/frame_01111_155302_556.jpg
minor_issues/frame_01114_155304_057.jpg,minor_issues,train_data/session_20260605_154345/frame_01114_155304_057.jpg
minor_issues/frame_01115_155304_558.jpg,minor_issues,train_data/session_20260605_154345/frame_01115_155304_558.jpg
minor_issues/frame_01116_155305_059.jpg,minor_issues,train_data/session_20260605_154345/frame_01116_155305_059.jpg
minor_issues/frame_01119_155306_559.jpg,minor_issues,train_data/session_20260605_154345/frame_01119_155306_559.jpg
minor_issues/frame_01120_155307_060.jpg,minor_issues,train_data/session_20260605_154345/frame_01120_155307_060.jpg
minor_issues/frame_01122_155308_094.jpg,minor_issues,train_data/session_20260605_154345/frame_01122_155308_094.jpg
minor_issues/frame_01123_155308_594.jpg,minor_issues,train_data/session_20260605_154345/frame_01123_155308_594.jpg
minor_issues/frame_01124_155309_094.jpg,minor_issues,train_data/session_20260605_154345/frame_01124_155309_094.jpg
minor_issues/frame_01125_155309_594.jpg,minor_issues,train_data/session_20260605_154345/frame_01125_155309_594.jpg
minor_issues/frame_01126_155310_095.jpg,minor_issues,train_data/session_20260605_154345/frame_01126_155310_095.jpg
minor_issues/frame_01127_155310_595.jpg,minor_issues,train_data/session_20260605_154345/frame_01127_155310_595.jpg
minor_issues/frame_01128_155311_096.jpg,minor_issues,train_data/session_20260605_154345/frame_01128_155311_096.jpg
minor_issues/frame_01132_155313_097.jpg,minor_issues,train_data/session_20260605_154345/frame_01132_155313_097.jpg
minor_issues/frame_01133_155313_597.jpg,minor_issues,train_data/session_20260605_154345/frame_01133_155313_597.jpg
minor_issues/frame_01134_155314_098.jpg,minor_issues,train_data/session_20260605_154345/frame_01134_155314_098.jpg
minor_issues/frame_01135_155314_598.jpg,minor_issues,train_data/session_20260605_154345/frame_01135_155314_598.jpg
minor_issues/frame_01137_155315_599.jpg,minor_issues,train_data/session_20260605_154345/frame_01137_155315_599.jpg
minor_issues/frame_01138_155316_099.jpg,minor_issues,train_data/session_20260605_154345/frame_01138_155316_099.jpg
minor_issues/frame_01139_155316_599.jpg,minor_issues,train_data/session_20260605_154345/frame_01139_155316_599.jpg
minor_issues/frame_01140_155317_100.jpg,minor_issues,train_data/session_20260605_154345/frame_01140_155317_100.jpg
minor_issues/frame_01142_155318_132.jpg,minor_issues,train_data/session_20260605_154345/frame_01142_155318_132.jpg
minor_issues/frame_01143_155318_634.jpg,minor_issues,train_data/session_20260605_154345/frame_01143_155318_634.jpg
minor_issues/frame_01144_155319_135.jpg,minor_issues,train_data/session_20260605_154345/frame_01144_155319_135.jpg
minor_issues/frame_01145_155319_635.jpg,minor_issues,train_data/session_20260605_154345/frame_01145_155319_635.jpg
minor_issues/frame_01148_155321_136.jpg,minor_issues,train_data/session_20260605_154345/frame_01148_155321_136.jpg
minor_issues/frame_01150_155322_137.jpg,minor_issues,train_data/session_20260605_154345/frame_01150_155322_137.jpg
minor_issues/frame_01151_155322_637.jpg,minor_issues,train_data/session_20260605_154345/frame_01151_155322_637.jpg
minor_issues/frame_01154_155324_138.jpg,minor_issues,train_data/session_20260605_154345/frame_01154_155324_138.jpg
minor_issues/frame_01155_155324_638.jpg,minor_issues,train_data/session_20260605_154345/frame_01155_155324_638.jpg
minor_issues/frame_01157_155325_639.jpg,minor_issues,train_data/session_20260605_154345/frame_01157_155325_639.jpg
minor_issues/frame_01158_155326_139.jpg,minor_issues,train_data/session_20260605_154345/frame_01158_155326_139.jpg
minor_issues/frame_01162_155328_140.jpg,minor_issues,train_data/session_20260605_154345/frame_01162_155328_140.jpg
minor_issues/frame_01163_155328_641.jpg,minor_issues,train_data/session_20260605_154345/frame_01163_155328_641.jpg
minor_issues/frame_01165_155329_642.jpg,minor_issues,train_data/session_20260605_154345/frame_01165_155329_642.jpg
minor_issues/frame_01168_155331_143.jpg,minor_issues,train_data/session_20260605_154345/frame_01168_155331_143.jpg
minor_issues/frame_01173_155333_645.jpg,minor_issues,train_data/session_20260605_154345/frame_01173_155333_645.jpg
minor_issues/frame_01177_155335_679.jpg,minor_issues,train_data/session_20260605_154345/frame_01177_155335_679.jpg
minor_issues/frame_01178_155336_213.jpg,minor_issues,train_data/session_20260605_154345/frame_01178_155336_213.jpg
minor_issues/frame_01180_155337_214.jpg,minor_issues,train_data/session_20260605_154345/frame_01180_155337_214.jpg
minor_issues/frame_01182_155338_215.jpg,minor_issues,train_data/session_20260605_154345/frame_01182_155338_215.jpg
minor_issues/frame_01184_155339_215.jpg,minor_issues,train_data/session_20260605_154345/frame_01184_155339_215.jpg
minor_issues/frame_01186_155340_216.jpg,minor_issues,train_data/session_20260605_154345/frame_01186_155340_216.jpg
minor_issues/frame_01190_155342_217.jpg,minor_issues,train_data/session_20260605_154345/frame_01190_155342_217.jpg
minor_issues/frame_01191_155342_718.jpg,minor_issues,train_data/session_20260605_154345/frame_01191_155342_718.jpg
minor_issues/frame_01193_155343_718.jpg,minor_issues,train_data/session_20260605_154345/frame_01193_155343_718.jpg
minor_issues/frame_01196_155345_219.jpg,minor_issues,train_data/session_20260605_154345/frame_01196_155345_219.jpg
minor_issues/frame_01197_155345_720.jpg,minor_issues,train_data/session_20260605_154345/frame_01197_155345_720.jpg
minor_issues/frame_01198_155346_220.jpg,minor_issues,train_data/session_20260605_154345/frame_01198_155346_220.jpg
minor_issues/frame_01199_155346_720.jpg,minor_issues,train_data/session_20260605_154345/frame_01199_155346_720.jpg
minor_issues/frame_01202_155348_221.jpg,minor_issues,train_data/session_20260605_154345/frame_01202_155348_221.jpg
minor_issues/frame_01203_155348_721.jpg,minor_issues,train_data/session_20260605_154345/frame_01203_155348_721.jpg
minor_issues/frame_01204_155349_222.jpg,minor_issues,train_data/session_20260605_154345/frame_01204_155349_222.jpg
minor_issues/frame_01206_155350_222.jpg,minor_issues,train_data/session_20260605_154345/frame_01206_155350_222.jpg
minor_issues/frame_01207_155350_723.jpg,minor_issues,train_data/session_20260605_154345/frame_01207_155350_723.jpg
minor_issues/frame_01208_155351_223.jpg,minor_issues,train_data/session_20260605_154345/frame_01208_155351_223.jpg
minor_issues/frame_01209_155351_724.jpg,minor_issues,train_data/session_20260605_154345/frame_01209_155351_724.jpg
minor_issues/frame_01210_155352_224.jpg,minor_issues,train_data/session_20260605_154345/frame_01210_155352_224.jpg
minor_issues/frame_01214_155354_226.jpg,minor_issues,train_data/session_20260605_154345/frame_01214_155354_226.jpg
minor_issues/frame_01215_155354_726.jpg,minor_issues,train_data/session_20260605_154345/frame_01215_155354_726.jpg
minor_issues/frame_01219_155356_727.jpg,minor_issues,train_data/session_20260605_154345/frame_01219_155356_727.jpg
minor_issues/frame_01220_155357_228.jpg,minor_issues,train_data/session_20260605_154345/frame_01220_155357_228.jpg
minor_issues/frame_01223_155358_728.jpg,minor_issues,train_data/session_20260605_154345/frame_01223_155358_728.jpg
minor_issues/frame_01224_155359_229.jpg,minor_issues,train_data/session_20260605_154345/frame_01224_155359_229.jpg
minor_issues/frame_01234_155404_232.jpg,minor_issues,train_data/session_20260605_154345/frame_01234_155404_232.jpg
minor_issues/frame_01235_155404_732.jpg,minor_issues,train_data/session_20260605_154345/frame_01235_155404_732.jpg
minor_issues/frame_01239_155406_767.jpg,minor_issues,train_data/session_20260605_154345/frame_01239_155406_767.jpg
minor_issues/frame_01240_155407_268.jpg,minor_issues,train_data/session_20260605_154345/frame_01240_155407_268.jpg
minor_issues/frame_01242_155408_269.jpg,minor_issues,train_data/session_20260605_154345/frame_01242_155408_269.jpg
minor_issues/frame_01244_155409_269.jpg,minor_issues,train_data/session_20260605_154345/frame_01244_155409_269.jpg
minor_issues/frame_01249_155411_805.jpg,minor_issues,train_data/session_20260605_154345/frame_01249_155411_805.jpg
minor_issues/frame_01250_155412_305.jpg,minor_issues,train_data/session_20260605_154345/frame_01250_155412_305.jpg
minor_issues/frame_01251_155412_805.jpg,minor_issues,train_data/session_20260605_154345/frame_01251_155412_805.jpg
minor_issues/frame_01252_155413_305.jpg,minor_issues,train_data/session_20260605_154345/frame_01252_155413_305.jpg
minor_issues/frame_01255_155414_807.jpg,minor_issues,train_data/session_20260605_154345/frame_01255_155414_807.jpg
minor_issues/frame_01257_155415_807.jpg,minor_issues,train_data/session_20260605_154345/frame_01257_155415_807.jpg
minor_issues/frame_01263_155418_809.jpg,minor_issues,train_data/session_20260605_154345/frame_01263_155418_809.jpg
minor_issues/frame_01266_155420_310.jpg,minor_issues,train_data/session_20260605_154345/frame_01266_155420_310.jpg
minor_issues/frame_01267_155420_811.jpg,minor_issues,train_data/session_20260605_154345/frame_01267_155420_811.jpg
minor_issues/frame_01271_155422_812.jpg,minor_issues,train_data/session_20260605_154345/frame_01271_155422_812.jpg
minor_issues/frame_01276_155425_313.jpg,minor_issues,train_data/session_20260605_154345/frame_01276_155425_313.jpg
minor_issues/frame_01277_155425_814.jpg,minor_issues,train_data/session_20260605_154345/frame_01277_155425_814.jpg
minor_issues/frame_01280_155427_316.jpg,minor_issues,train_data/session_20260605_154345/frame_01280_155427_316.jpg
minor_issues/frame_01281_155427_815.jpg,minor_issues,train_data/session_20260605_154345/frame_01281_155427_815.jpg
minor_issues/frame_01285_155429_817.jpg,minor_issues,train_data/session_20260605_154345/frame_01285_155429_817.jpg
minor_issues/frame_01288_155431_318.jpg,minor_issues,train_data/session_20260605_154345/frame_01288_155431_318.jpg
minor_issues/frame_01291_155432_819.jpg,minor_issues,train_data/session_20260605_154345/frame_01291_155432_819.jpg
minor_issues/frame_01294_155434_320.jpg,minor_issues,train_data/session_20260605_154345/frame_01294_155434_320.jpg
minor_issues/frame_01298_155436_321.jpg,minor_issues,train_data/session_20260605_154345/frame_01298_155436_321.jpg
minor_issues/frame_01299_155436_822.jpg,minor_issues,train_data/session_20260605_154345/frame_01299_155436_822.jpg
minor_issues/frame_01308_155441_324.jpg,minor_issues,train_data/session_20260605_154345/frame_01308_155441_324.jpg
minor_issues/frame_01313_155443_827.jpg,minor_issues,train_data/session_20260605_154345/frame_01313_155443_827.jpg
minor_issues/frame_01314_155444_327.jpg,minor_issues,train_data/session_20260605_154345/frame_01314_155444_327.jpg
minor_issues/frame_01316_155445_328.jpg,minor_issues,train_data/session_20260605_154345/frame_01316_155445_328.jpg
minor_issues/frame_01317_155445_828.jpg,minor_issues,train_data/session_20260605_154345/frame_01317_155445_828.jpg
minor_issues/frame_01318_155446_328.jpg,minor_issues,train_data/session_20260605_154345/frame_01318_155446_328.jpg
minor_issues/frame_01320_155447_329.jpg,minor_issues,train_data/session_20260605_154345/frame_01320_155447_329.jpg
minor_issues/frame_01321_155447_829.jpg,minor_issues,train_data/session_20260605_154345/frame_01321_155447_829.jpg
minor_issues/frame_01322_155448_330.jpg,minor_issues,train_data/session_20260605_154345/frame_01322_155448_330.jpg
minor_issues/frame_01324_155449_331.jpg,minor_issues,train_data/session_20260605_154345/frame_01324_155449_331.jpg
minor_issues/frame_01326_155450_331.jpg,minor_issues,train_data/session_20260605_154345/frame_01326_155450_331.jpg
minor_issues/frame_01329_155451_866.jpg,minor_issues,train_data/session_20260605_154345/frame_01329_155451_866.jpg
minor_issues/frame_01330_155452_365.jpg,minor_issues,train_data/session_20260605_154345/frame_01330_155452_365.jpg
minor_issues/frame_01334_155454_367.jpg,minor_issues,train_data/session_20260605_154345/frame_01334_155454_367.jpg
minor_issues/frame_01335_155454_868.jpg,minor_issues,train_data/session_20260605_154345/frame_01335_155454_868.jpg
minor_issues/frame_01337_155455_868.jpg,minor_issues,train_data/session_20260605_154345/frame_01337_155455_868.jpg
minor_issues/frame_01339_155456_869.jpg,minor_issues,train_data/session_20260605_154345/frame_01339_155456_869.jpg
minor_issues/frame_01340_155457_369.jpg,minor_issues,train_data/session_20260605_154345/frame_01340_155457_369.jpg
minor_issues/frame_01341_155457_870.jpg,minor_issues,train_data/session_20260605_154345/frame_01341_155457_870.jpg
minor_issues/frame_01342_155458_370.jpg,minor_issues,train_data/session_20260605_154345/frame_01342_155458_370.jpg
minor_issues/frame_01345_155459_871.jpg,minor_issues,train_data/session_20260605_154345/frame_01345_155459_871.jpg
minor_issues/frame_01348_155501_371.jpg,minor_issues,train_data/session_20260605_154345/frame_01348_155501_371.jpg
minor_issues/frame_01353_155503_873.jpg,minor_issues,train_data/session_20260605_154345/frame_01353_155503_873.jpg
minor_issues/frame_01354_155504_374.jpg,minor_issues,train_data/session_20260605_154345/frame_01354_155504_374.jpg
minor_issues/frame_01355_155504_874.jpg,minor_issues,train_data/session_20260605_154345/frame_01355_155504_874.jpg
minor_issues/frame_01356_155505_375.jpg,minor_issues,train_data/session_20260605_154345/frame_01356_155505_375.jpg
minor_issues/frame_01359_155506_876.jpg,minor_issues,train_data/session_20260605_154345/frame_01359_155506_876.jpg
minor_issues/frame_01362_155508_377.jpg,minor_issues,train_data/session_20260605_154345/frame_01362_155508_377.jpg
minor_issues/frame_01364_155509_377.jpg,minor_issues,train_data/session_20260605_154345/frame_01364_155509_377.jpg
minor_issues/frame_01367_155510_879.jpg,minor_issues,train_data/session_20260605_154345/frame_01367_155510_879.jpg
minor_issues/frame_01368_155511_379.jpg,minor_issues,train_data/session_20260605_154345/frame_01368_155511_379.jpg
minor_issues/frame_01371_155512_880.jpg,minor_issues,train_data/session_20260605_154345/frame_01371_155512_880.jpg
minor_issues/frame_01373_155513_881.jpg,minor_issues,train_data/session_20260605_154345/frame_01373_155513_881.jpg
minor_issues/frame_01376_155515_382.jpg,minor_issues,train_data/session_20260605_154345/frame_01376_155515_382.jpg
minor_issues/frame_01377_155515_882.jpg,minor_issues,train_data/session_20260605_154345/frame_01377_155515_882.jpg
minor_issues/frame_01387_155520_885.jpg,minor_issues,train_data/session_20260605_154345/frame_01387_155520_885.jpg
minor_issues/frame_01388_155521_386.jpg,minor_issues,train_data/session_20260605_154345/frame_01388_155521_386.jpg
minor_issues/frame_01389_155521_886.jpg,minor_issues,train_data/session_20260605_154345/frame_01389_155521_886.jpg
minor_issues/frame_01390_155522_387.jpg,minor_issues,train_data/session_20260605_154345/frame_01390_155522_387.jpg
minor_issues/frame_01392_155523_387.jpg,minor_issues,train_data/session_20260605_154345/frame_01392_155523_387.jpg
minor_issues/frame_01394_155524_389.jpg,minor_issues,train_data/session_20260605_154345/frame_01394_155524_389.jpg
minor_issues/frame_01397_155525_889.jpg,minor_issues,train_data/session_20260605_154345/frame_01397_155525_889.jpg
minor_issues/frame_01398_155526_389.jpg,minor_issues,train_data/session_20260605_154345/frame_01398_155526_389.jpg
minor_issues/frame_01399_155526_890.jpg,minor_issues,train_data/session_20260605_154345/frame_01399_155526_890.jpg
minor_issues/frame_01403_155528_891.jpg,minor_issues,train_data/session_20260605_154345/frame_01403_155528_891.jpg
minor_issues/frame_01405_155529_892.jpg,minor_issues,train_data/session_20260605_154345/frame_01405_155529_892.jpg
minor_issues/frame_01406_155530_392.jpg,minor_issues,train_data/session_20260605_154345/frame_01406_155530_392.jpg
minor_issues/frame_01407_155530_892.jpg,minor_issues,train_data/session_20260605_154345/frame_01407_155530_892.jpg
minor_issues/frame_01408_155531_392.jpg,minor_issues,train_data/session_20260605_154345/frame_01408_155531_392.jpg
minor_issues/frame_01409_155531_893.jpg,minor_issues,train_data/session_20260605_154345/frame_01409_155531_893.jpg
minor_issues/frame_01411_155532_893.jpg,minor_issues,train_data/session_20260605_154345/frame_01411_155532_893.jpg
minor_issues/frame_01412_155533_394.jpg,minor_issues,train_data/session_20260605_154345/frame_01412_155533_394.jpg
minor_issues/frame_01413_155533_894.jpg,minor_issues,train_data/session_20260605_154345/frame_01413_155533_894.jpg
minor_issues/frame_01414_155534_395.jpg,minor_issues,train_data/session_20260605_154345/frame_01414_155534_395.jpg
minor_issues/frame_01416_155535_395.jpg,minor_issues,train_data/session_20260605_154345/frame_01416_155535_395.jpg
minor_issues/frame_01417_155535_896.jpg,minor_issues,train_data/session_20260605_154345/frame_01417_155535_896.jpg
minor_issues/frame_01418_155536_396.jpg,minor_issues,train_data/session_20260605_154345/frame_01418_155536_396.jpg
minor_issues/frame_01421_155537_897.jpg,minor_issues,train_data/session_20260605_154345/frame_01421_155537_897.jpg
minor_issues/frame_01422_155538_398.jpg,minor_issues,train_data/session_20260605_154345/frame_01422_155538_398.jpg
minor_issues/frame_01423_155538_898.jpg,minor_issues,train_data/session_20260605_154345/frame_01423_155538_898.jpg
minor_issues/frame_01425_155539_899.jpg,minor_issues,train_data/session_20260605_154345/frame_01425_155539_899.jpg
minor_issues/frame_01426_155540_399.jpg,minor_issues,train_data/session_20260605_154345/frame_01426_155540_399.jpg
minor_issues/frame_01429_155541_900.jpg,minor_issues,train_data/session_20260605_154345/frame_01429_155541_900.jpg
minor_issues/frame_01430_155542_400.jpg,minor_issues,train_data/session_20260605_154345/frame_01430_155542_400.jpg
minor_issues/frame_01431_155542_901.jpg,minor_issues,train_data/session_20260605_154345/frame_01431_155542_901.jpg
minor_issues/frame_01432_155543_401.jpg,minor_issues,train_data/session_20260605_154345/frame_01432_155543_401.jpg
minor_issues/frame_01433_155543_901.jpg,minor_issues,train_data/session_20260605_154345/frame_01433_155543_901.jpg
minor_issues/frame_01436_155545_435.jpg,minor_issues,train_data/session_20260605_154345/frame_01436_155545_435.jpg
minor_issues/frame_01437_155545_936.jpg,minor_issues,train_data/session_20260605_154345/frame_01437_155545_936.jpg
minor_issues/frame_01438_155546_437.jpg,minor_issues,train_data/session_20260605_154345/frame_01438_155546_437.jpg
minor_issues/frame_01439_155546_936.jpg,minor_issues,train_data/session_20260605_154345/frame_01439_155546_936.jpg
minor_issues/frame_01440_155547_437.jpg,minor_issues,train_data/session_20260605_154345/frame_01440_155547_437.jpg
minor_issues/frame_01442_155548_438.jpg,minor_issues,train_data/session_20260605_154345/frame_01442_155548_438.jpg
minor_issues/frame_01443_155548_938.jpg,minor_issues,train_data/session_20260605_154345/frame_01443_155548_938.jpg
minor_issues/frame_01444_155549_438.jpg,minor_issues,train_data/session_20260605_154345/frame_01444_155549_438.jpg
minor_issues/frame_01445_155549_971.jpg,minor_issues,train_data/session_20260605_154345/frame_01445_155549_971.jpg
minor_issues/frame_01448_155551_473.jpg,minor_issues,train_data/session_20260605_154345/frame_01448_155551_473.jpg
minor_issues/frame_01449_155552_007.jpg,minor_issues,train_data/session_20260605_154345/frame_01449_155552_007.jpg
minor_issues/frame_01450_155552_539.jpg,minor_issues,train_data/session_20260605_154345/frame_01450_155552_539.jpg
minor_issues/frame_01451_155553_040.jpg,minor_issues,train_data/session_20260605_154345/frame_01451_155553_040.jpg
minor_issues/frame_01452_155553_539.jpg,minor_issues,train_data/session_20260605_154345/frame_01452_155553_539.jpg
minor_issues/frame_01453_155554_041.jpg,minor_issues,train_data/session_20260605_154345/frame_01453_155554_041.jpg
minor_issues/frame_01454_155554_543.jpg,minor_issues,train_data/session_20260605_154345/frame_01454_155554_543.jpg
minor_issues/frame_01457_155556_043.jpg,minor_issues,train_data/session_20260605_154345/frame_01457_155556_043.jpg
minor_issues/frame_01460_155557_544.jpg,minor_issues,train_data/session_20260605_154345/frame_01460_155557_544.jpg
minor_issues/frame_01462_155558_545.jpg,minor_issues,train_data/session_20260605_154345/frame_01462_155558_545.jpg
minor_issues/frame_01463_155559_045.jpg,minor_issues,train_data/session_20260605_154345/frame_01463_155559_045.jpg
minor_issues/frame_01465_155600_110.jpg,minor_issues,train_data/session_20260605_154345/frame_01465_155600_110.jpg
minor_issues/frame_01467_155601_113.jpg,minor_issues,train_data/session_20260605_154345/frame_01467_155601_113.jpg
minor_issues/frame_01471_155603_114.jpg,minor_issues,train_data/session_20260605_154345/frame_01471_155603_114.jpg
minor_issues/frame_01473_155604_115.jpg,minor_issues,train_data/session_20260605_154345/frame_01473_155604_115.jpg
minor_issues/frame_01474_155604_615.jpg,minor_issues,train_data/session_20260605_154345/frame_01474_155604_615.jpg
minor_issues/frame_01475_155605_116.jpg,minor_issues,train_data/session_20260605_154345/frame_01475_155605_116.jpg
minor_issues/frame_01476_155605_616.jpg,minor_issues,train_data/session_20260605_154345/frame_01476_155605_616.jpg
minor_issues/frame_01478_155606_617.jpg,minor_issues,train_data/session_20260605_154345/frame_01478_155606_617.jpg
minor_issues/frame_01479_155607_117.jpg,minor_issues,train_data/session_20260605_154345/frame_01479_155607_117.jpg
minor_issues/frame_01480_155607_617.jpg,minor_issues,train_data/session_20260605_154345/frame_01480_155607_617.jpg
minor_issues/frame_01483_155609_118.jpg,minor_issues,train_data/session_20260605_154345/frame_01483_155609_118.jpg
minor_issues/frame_01484_155609_619.jpg,minor_issues,train_data/session_20260605_154345/frame_01484_155609_619.jpg
minor_issues/frame_01486_155610_620.jpg,minor_issues,train_data/session_20260605_154345/frame_01486_155610_620.jpg
minor_issues/frame_01489_155612_121.jpg,minor_issues,train_data/session_20260605_154345/frame_01489_155612_121.jpg
minor_issues/frame_01490_155612_621.jpg,minor_issues,train_data/session_20260605_154345/frame_01490_155612_621.jpg
minor_issues/frame_01493_155614_122.jpg,minor_issues,train_data/session_20260605_154345/frame_01493_155614_122.jpg
minor_issues/frame_01494_155614_622.jpg,minor_issues,train_data/session_20260605_154345/frame_01494_155614_622.jpg
minor_issues/frame_01496_155615_623.jpg,minor_issues,train_data/session_20260605_154345/frame_01496_155615_623.jpg
minor_issues/frame_01524_155629_699.jpg,minor_issues,train_data/session_20260605_154345/frame_01524_155629_699.jpg
minor_issues/frame_01525_155630_200.jpg,minor_issues,train_data/session_20260605_154345/frame_01525_155630_200.jpg
minor_issues/frame_01526_155630_700.jpg,minor_issues,train_data/session_20260605_154345/frame_01526_155630_700.jpg
minor_issues/frame_01527_155631_201.jpg,minor_issues,train_data/session_20260605_154345/frame_01527_155631_201.jpg
minor_issues/frame_01528_155631_701.jpg,minor_issues,train_data/session_20260605_154345/frame_01528_155631_701.jpg
minor_issues/frame_01530_155632_702.jpg,minor_issues,train_data/session_20260605_154345/frame_01530_155632_702.jpg
minor_issues/frame_01533_155634_203.jpg,minor_issues,train_data/session_20260605_154345/frame_01533_155634_203.jpg
minor_issues/frame_01534_155634_703.jpg,minor_issues,train_data/session_20260605_154345/frame_01534_155634_703.jpg
minor_issues/frame_01538_155636_705.jpg,minor_issues,train_data/session_20260605_154345/frame_01538_155636_705.jpg
minor_issues/frame_01540_155637_705.jpg,minor_issues,train_data/session_20260605_154345/frame_01540_155637_705.jpg
minor_issues/frame_01541_155638_205.jpg,minor_issues,train_data/session_20260605_154345/frame_01541_155638_205.jpg
minor_issues/frame_01544_155639_707.jpg,minor_issues,train_data/session_20260605_154345/frame_01544_155639_707.jpg
minor_issues/frame_01545_155640_207.jpg,minor_issues,train_data/session_20260605_154345/frame_01545_155640_207.jpg
minor_issues/frame_01549_155642_208.jpg,minor_issues,train_data/session_20260605_154345/frame_01549_155642_208.jpg
minor_issues/frame_01556_155645_711.jpg,minor_issues,train_data/session_20260605_154345/frame_01556_155645_711.jpg
minor_issues/frame_01557_155646_211.jpg,minor_issues,train_data/session_20260605_154345/frame_01557_155646_211.jpg
minor_issues/frame_01558_155646_711.jpg,minor_issues,train_data/session_20260605_154345/frame_01558_155646_711.jpg
minor_issues/frame_01559_155647_212.jpg,minor_issues,train_data/session_20260605_154345/frame_01559_155647_212.jpg
minor_issues/frame_01560_155647_712.jpg,minor_issues,train_data/session_20260605_154345/frame_01560_155647_712.jpg
minor_issues/frame_01561_155648_213.jpg,minor_issues,train_data/session_20260605_154345/frame_01561_155648_213.jpg
minor_issues/frame_01562_155648_713.jpg,minor_issues,train_data/session_20260605_154345/frame_01562_155648_713.jpg
minor_issues/frame_01565_155650_214.jpg,minor_issues,train_data/session_20260605_154345/frame_01565_155650_214.jpg
minor_issues/frame_01571_155653_216.jpg,minor_issues,train_data/session_20260605_154345/frame_01571_155653_216.jpg
minor_issues/frame_01580_155657_720.jpg,minor_issues,train_data/session_20260605_154345/frame_01580_155657_720.jpg
minor_issues/frame_01590_155702_722.jpg,minor_issues,train_data/session_20260605_154345/frame_01590_155702_722.jpg
minor_issues/frame_01599_155707_226.jpg,minor_issues,train_data/session_20260605_154345/frame_01599_155707_226.jpg
minor_issues/frame_01600_155707_726.jpg,minor_issues,train_data/session_20260605_154345/frame_01600_155707_726.jpg
minor_issues/frame_01601_155708_226.jpg,minor_issues,train_data/session_20260605_154345/frame_01601_155708_226.jpg
minor_issues/frame_01618_155716_732.jpg,minor_issues,train_data/session_20260605_154345/frame_01618_155716_732.jpg
minor_issues/frame_01621_155718_233.jpg,minor_issues,train_data/session_20260605_154345/frame_01621_155718_233.jpg
minor_issues/frame_01630_155722_736.jpg,minor_issues,train_data/session_20260605_154345/frame_01630_155722_736.jpg
minor_issues/frame_01631_155723_237.jpg,minor_issues,train_data/session_20260605_154345/frame_01631_155723_237.jpg
minor_issues/frame_01636_155725_738.jpg,minor_issues,train_data/session_20260605_154345/frame_01636_155725_738.jpg
minor_issues/frame_01645_155730_241.jpg,minor_issues,train_data/session_20260605_154345/frame_01645_155730_241.jpg
minor_issues/frame_01649_155732_243.jpg,minor_issues,train_data/session_20260605_154345/frame_01649_155732_243.jpg
minor_issues/frame_01651_155733_244.jpg,minor_issues,train_data/session_20260605_154345/frame_01651_155733_244.jpg
minor_issues/frame_01652_155733_744.jpg,minor_issues,train_data/session_20260605_154345/frame_01652_155733_744.jpg
minor_issues/frame_01666_155740_749.jpg,minor_issues,train_data/session_20260605_154345/frame_01666_155740_749.jpg
minor_issues/frame_01667_155741_249.jpg,minor_issues,train_data/session_20260605_154345/frame_01667_155741_249.jpg
minor_issues/frame_01670_155742_750.jpg,minor_issues,train_data/session_20260605_154345/frame_01670_155742_750.jpg
minor_issues/frame_01672_155743_751.jpg,minor_issues,train_data/session_20260605_154345/frame_01672_155743_751.jpg
minor_issues/frame_01673_155744_251.jpg,minor_issues,train_data/session_20260605_154345/frame_01673_155744_251.jpg
minor_issues/frame_01674_155744_751.jpg,minor_issues,train_data/session_20260605_154345/frame_01674_155744_751.jpg
minor_issues/frame_01676_155745_752.jpg,minor_issues,train_data/session_20260605_154345/frame_01676_155745_752.jpg
minor_issues/frame_01677_155746_253.jpg,minor_issues,train_data/session_20260605_154345/frame_01677_155746_253.jpg
minor_issues/frame_01678_155746_753.jpg,minor_issues,train_data/session_20260605_154345/frame_01678_155746_753.jpg
minor_issues/frame_01680_155747_754.jpg,minor_issues,train_data/session_20260605_154345/frame_01680_155747_754.jpg
minor_issues/frame_01681_155748_254.jpg,minor_issues,train_data/session_20260605_154345/frame_01681_155748_254.jpg
minor_issues/frame_01682_155748_755.jpg,minor_issues,train_data/session_20260605_154345/frame_01682_155748_755.jpg
minor_issues/frame_01683_155749_254.jpg,minor_issues,train_data/session_20260605_154345/frame_01683_155749_254.jpg
minor_issues/frame_01687_155751_256.jpg,minor_issues,train_data/session_20260605_154345/frame_01687_155751_256.jpg
minor_issues/frame_01690_155752_757.jpg,minor_issues,train_data/session_20260605_154345/frame_01690_155752_757.jpg
minor_issues/frame_01691_155753_258.jpg,minor_issues,train_data/session_20260605_154345/frame_01691_155753_258.jpg
minor_issues/frame_01692_155753_758.jpg,minor_issues,train_data/session_20260605_154345/frame_01692_155753_758.jpg
minor_issues/frame_01693_155754_258.jpg,minor_issues,train_data/session_20260605_154345/frame_01693_155754_258.jpg
minor_issues/frame_01697_155756_326.jpg,minor_issues,train_data/session_20260605_154345/frame_01697_155756_326.jpg
minor_issues/frame_01698_155756_826.jpg,minor_issues,train_data/session_20260605_154345/frame_01698_155756_826.jpg
minor_issues/frame_01701_155758_328.jpg,minor_issues,train_data/session_20260605_154345/frame_01701_155758_328.jpg
minor_issues/frame_01702_155758_828.jpg,minor_issues,train_data/session_20260605_154345/frame_01702_155758_828.jpg
minor_issues/frame_01705_155800_329.jpg,minor_issues,train_data/session_20260605_154345/frame_01705_155800_329.jpg
minor_issues/frame_01709_155802_331.jpg,minor_issues,train_data/session_20260605_154345/frame_01709_155802_331.jpg
minor_issues/frame_01710_155802_831.jpg,minor_issues,train_data/session_20260605_154345/frame_01710_155802_831.jpg
minor_issues/frame_01711_155803_331.jpg,minor_issues,train_data/session_20260605_154345/frame_01711_155803_331.jpg
minor_issues/frame_01712_155803_831.jpg,minor_issues,train_data/session_20260605_154345/frame_01712_155803_831.jpg
minor_issues/frame_01713_155804_332.jpg,minor_issues,train_data/session_20260605_154345/frame_01713_155804_332.jpg
minor_issues/frame_01715_155805_332.jpg,minor_issues,train_data/session_20260605_154345/frame_01715_155805_332.jpg
minor_issues/frame_01727_155811_336.jpg,minor_issues,train_data/session_20260605_154345/frame_01727_155811_336.jpg
minor_issues/frame_01728_155811_837.jpg,minor_issues,train_data/session_20260605_154345/frame_01728_155811_837.jpg
minor_issues/frame_01735_155815_373.jpg,minor_issues,train_data/session_20260605_154345/frame_01735_155815_373.jpg
minor_issues/frame_01744_155819_876.jpg,minor_issues,train_data/session_20260605_154345/frame_01744_155819_876.jpg
minor_issues/frame_01746_155820_877.jpg,minor_issues,train_data/session_20260605_154345/frame_01746_155820_877.jpg
minor_issues/frame_01747_155821_377.jpg,minor_issues,train_data/session_20260605_154345/frame_01747_155821_377.jpg
minor_issues/frame_01748_155821_877.jpg,minor_issues,train_data/session_20260605_154345/frame_01748_155821_877.jpg
minor_issues/frame_01750_155822_878.jpg,minor_issues,train_data/session_20260605_154345/frame_01750_155822_878.jpg
minor_issues/frame_01752_155823_879.jpg,minor_issues,train_data/session_20260605_154345/frame_01752_155823_879.jpg
minor_issues/frame_01757_155826_380.jpg,minor_issues,train_data/session_20260605_154345/frame_01757_155826_380.jpg
minor_issues/frame_01759_155827_381.jpg,minor_issues,train_data/session_20260605_154345/frame_01759_155827_381.jpg
minor_issues/frame_01760_155827_881.jpg,minor_issues,train_data/session_20260605_154345/frame_01760_155827_881.jpg
minor_issues/frame_01761_155828_382.jpg,minor_issues,train_data/session_20260605_154345/frame_01761_155828_382.jpg
minor_issues/frame_01762_155828_882.jpg,minor_issues,train_data/session_20260605_154345/frame_01762_155828_882.jpg
minor_issues/frame_01763_155829_383.jpg,minor_issues,train_data/session_20260605_154345/frame_01763_155829_383.jpg
minor_issues/frame_01764_155829_883.jpg,minor_issues,train_data/session_20260605_154345/frame_01764_155829_883.jpg
minor_issues/frame_01780_155837_888.jpg,minor_issues,train_data/session_20260605_154345/frame_01780_155837_888.jpg
minor_issues/frame_01784_155839_890.jpg,minor_issues,train_data/session_20260605_154345/frame_01784_155839_890.jpg
minor_issues/frame_01795_155845_427.jpg,minor_issues,train_data/session_20260605_154345/frame_01795_155845_427.jpg
minor_issues/frame_01797_155846_427.jpg,minor_issues,train_data/session_20260605_154345/frame_01797_155846_427.jpg
minor_issues/frame_01798_155846_929.jpg,minor_issues,train_data/session_20260605_154345/frame_01798_155846_929.jpg
minor_issues/frame_01802_155848_929.jpg,minor_issues,train_data/session_20260605_154345/frame_01802_155848_929.jpg
minor_issues/frame_01806_155850_931.jpg,minor_issues,train_data/session_20260605_154345/frame_01806_155850_931.jpg
minor_issues/frame_01807_155851_431.jpg,minor_issues,train_data/session_20260605_154345/frame_01807_155851_431.jpg
minor_issues/frame_01811_155853_432.jpg,minor_issues,train_data/session_20260605_154345/frame_01811_155853_432.jpg
minor_issues/frame_01824_155859_937.jpg,minor_issues,train_data/session_20260605_154345/frame_01824_155859_937.jpg
minor_issues/frame_01827_155901_438.jpg,minor_issues,train_data/session_20260605_154345/frame_01827_155901_438.jpg
minor_issues/frame_01830_155902_939.jpg,minor_issues,train_data/session_20260605_154345/frame_01830_155902_939.jpg
minor_issues/frame_01842_155908_944.jpg,minor_issues,train_data/session_20260605_154345/frame_01842_155908_944.jpg
minor_issues/frame_01844_155909_977.jpg,minor_issues,train_data/session_20260605_154345/frame_01844_155909_977.jpg
minor_issues/frame_01846_155910_978.jpg,minor_issues,train_data/session_20260605_154345/frame_01846_155910_978.jpg
minor_issues/frame_01857_155916_482.jpg,minor_issues,train_data/session_20260605_154345/frame_01857_155916_482.jpg
minor_issues/frame_01858_155916_982.jpg,minor_issues,train_data/session_20260605_154345/frame_01858_155916_982.jpg
minor_issues/frame_01859_155917_483.jpg,minor_issues,train_data/session_20260605_154345/frame_01859_155917_483.jpg
minor_issues/frame_01860_155917_983.jpg,minor_issues,train_data/session_20260605_154345/frame_01860_155917_983.jpg
minor_issues/frame_01861_155918_483.jpg,minor_issues,train_data/session_20260605_154345/frame_01861_155918_483.jpg
minor_issues/frame_01868_155921_985.jpg,minor_issues,train_data/session_20260605_154345/frame_01868_155921_985.jpg
minor_issues/frame_01877_155926_489.jpg,minor_issues,train_data/session_20260605_154345/frame_01877_155926_489.jpg
minor_issues/frame_01887_155931_492.jpg,minor_issues,train_data/session_20260605_154345/frame_01887_155931_492.jpg
minor_issues/frame_01888_155931_993.jpg,minor_issues,train_data/session_20260605_154345/frame_01888_155931_993.jpg
minor_issues/frame_01893_155934_494.jpg,minor_issues,train_data/session_20260605_154345/frame_01893_155934_494.jpg
minor_issues/frame_01898_155937_030.jpg,minor_issues,train_data/session_20260605_154345/frame_01898_155937_030.jpg
minor_issues/frame_01899_155937_529.jpg,minor_issues,train_data/session_20260605_154345/frame_01899_155937_529.jpg
minor_issues/frame_01907_155941_532.jpg,minor_issues,train_data/session_20260605_154345/frame_01907_155941_532.jpg
minor_issues/frame_01908_155942_033.jpg,minor_issues,train_data/session_20260605_154345/frame_01908_155942_033.jpg
minor_issues/frame_01911_155943_534.jpg,minor_issues,train_data/session_20260605_154345/frame_01911_155943_534.jpg
minor_issues/frame_01925_155950_539.jpg,minor_issues,train_data/session_20260605_154345/frame_01925_155950_539.jpg
minor_issues/frame_01930_155953_040.jpg,minor_issues,train_data/session_20260605_154345/frame_01930_155953_040.jpg
minor_issues/frame_01931_155953_541.jpg,minor_issues,train_data/session_20260605_154345/frame_01931_155953_541.jpg
minor_issues/frame_01933_155954_541.jpg,minor_issues,train_data/session_20260605_154345/frame_01933_155954_541.jpg
minor_issues/frame_01940_155958_044.jpg,minor_issues,train_data/session_20260605_154345/frame_01940_155958_044.jpg
minor_issues/frame_01948_160002_047.jpg,minor_issues,train_data/session_20260605_154345/frame_01948_160002_047.jpg
minor_issues/frame_01949_160002_547.jpg,minor_issues,train_data/session_20260605_154345/frame_01949_160002_547.jpg
minor_issues/frame_01956_160006_049.jpg,minor_issues,train_data/session_20260605_154345/frame_01956_160006_049.jpg
minor_issues/frame_01957_160006_550.jpg,minor_issues,train_data/session_20260605_154345/frame_01957_160006_550.jpg
minor_issues/frame_01958_160007_050.jpg,minor_issues,train_data/session_20260605_154345/frame_01958_160007_050.jpg
minor_issues/frame_01960_160008_050.jpg,minor_issues,train_data/session_20260605_154345/frame_01960_160008_050.jpg
minor_issues/frame_01961_160008_551.jpg,minor_issues,train_data/session_20260605_154345/frame_01961_160008_551.jpg
minor_issues/frame_01962_160009_051.jpg,minor_issues,train_data/session_20260605_154345/frame_01962_160009_051.jpg
minor_issues/frame_01963_160009_552.jpg,minor_issues,train_data/session_20260605_154345/frame_01963_160009_552.jpg
minor_issues/frame_01965_160010_553.jpg,minor_issues,train_data/session_20260605_154345/frame_01965_160010_553.jpg
minor_issues/frame_01969_160012_554.jpg,minor_issues,train_data/session_20260605_154345/frame_01969_160012_554.jpg
minor_issues/frame_01971_160013_555.jpg,minor_issues,train_data/session_20260605_154345/frame_01971_160013_555.jpg
minor_issues/frame_01972_160014_055.jpg,minor_issues,train_data/session_20260605_154345/frame_01972_160014_055.jpg
minor_issues/frame_01976_160016_056.jpg,minor_issues,train_data/session_20260605_154345/frame_01976_160016_056.jpg
minor_issues/frame_01979_160017_557.jpg,minor_issues,train_data/session_20260605_154345/frame_01979_160017_557.jpg
minor_issues/frame_01985_160020_560.jpg,minor_issues,train_data/session_20260605_154345/frame_01985_160020_560.jpg
minor_issues/frame_01996_160026_063.jpg,minor_issues,train_data/session_20260605_154345/frame_01996_160026_063.jpg
minor_issues/frame_02009_160032_568.jpg,minor_issues,train_data/session_20260605_154345/frame_02009_160032_568.jpg
minor_issues/frame_02015_160035_569.jpg,minor_issues,train_data/session_20260605_154345/frame_02015_160035_569.jpg
minor_issues/frame_02016_160036_070.jpg,minor_issues,train_data/session_20260605_154345/frame_02016_160036_070.jpg
minor_issues/frame_02017_160036_570.jpg,minor_issues,train_data/session_20260605_154345/frame_02017_160036_570.jpg
minor_issues/frame_02018_160037_071.jpg,minor_issues,train_data/session_20260605_154345/frame_02018_160037_071.jpg
minor_issues/frame_02019_160037_571.jpg,minor_issues,train_data/session_20260605_154345/frame_02019_160037_571.jpg
minor_issues/frame_02021_160038_572.jpg,minor_issues,train_data/session_20260605_154345/frame_02021_160038_572.jpg
minor_issues/frame_02027_160041_574.jpg,minor_issues,train_data/session_20260605_154345/frame_02027_160041_574.jpg
minor_issues/frame_02030_160043_075.jpg,minor_issues,train_data/session_20260605_154345/frame_02030_160043_075.jpg
minor_issues/frame_02031_160043_575.jpg,minor_issues,train_data/session_20260605_154345/frame_02031_160043_575.jpg
minor_issues/frame_02033_160044_576.jpg,minor_issues,train_data/session_20260605_154345/frame_02033_160044_576.jpg
minor_issues/frame_02036_160046_077.jpg,minor_issues,train_data/session_20260605_154345/frame_02036_160046_077.jpg
minor_issues/frame_02037_160046_577.jpg,minor_issues,train_data/session_20260605_154345/frame_02037_160046_577.jpg
minor_issues/frame_02038_160047_077.jpg,minor_issues,train_data/session_20260605_154345/frame_02038_160047_077.jpg
minor_issues/frame_02040_160048_078.jpg,minor_issues,train_data/session_20260605_154345/frame_02040_160048_078.jpg
minor_issues/frame_02042_160049_079.jpg,minor_issues,train_data/session_20260605_154345/frame_02042_160049_079.jpg
minor_issues/frame_02046_160051_081.jpg,minor_issues,train_data/session_20260605_154345/frame_02046_160051_081.jpg
minor_issues/frame_02048_160052_081.jpg,minor_issues,train_data/session_20260605_154345/frame_02048_160052_081.jpg
minor_issues/frame_02049_160052_582.jpg,minor_issues,train_data/session_20260605_154345/frame_02049_160052_582.jpg
minor_issues/frame_02050_160053_081.jpg,minor_issues,train_data/session_20260605_154345/frame_02050_160053_081.jpg
minor_issues/frame_02057_160056_584.jpg,minor_issues,train_data/session_20260605_154345/frame_02057_160056_584.jpg
minor_issues/frame_02058_160057_085.jpg,minor_issues,train_data/session_20260605_154345/frame_02058_160057_085.jpg
minor_issues/frame_02059_160057_585.jpg,minor_issues,train_data/session_20260605_154345/frame_02059_160057_585.jpg
minor_issues/frame_02060_160058_085.jpg,minor_issues,train_data/session_20260605_154345/frame_02060_160058_085.jpg
minor_issues/frame_02061_160058_586.jpg,minor_issues,train_data/session_20260605_154345/frame_02061_160058_586.jpg
minor_issues/frame_02062_160059_087.jpg,minor_issues,train_data/session_20260605_154345/frame_02062_160059_087.jpg
minor_issues/frame_02063_160059_587.jpg,minor_issues,train_data/session_20260605_154345/frame_02063_160059_587.jpg
minor_issues/frame_02065_160100_587.jpg,minor_issues,train_data/session_20260605_154345/frame_02065_160100_587.jpg
minor_issues/frame_02067_160101_588.jpg,minor_issues,train_data/session_20260605_154345/frame_02067_160101_588.jpg
minor_issues/frame_02070_160103_088.jpg,minor_issues,train_data/session_20260605_154345/frame_02070_160103_088.jpg
minor_issues/frame_02071_160103_589.jpg,minor_issues,train_data/session_20260605_154345/frame_02071_160103_589.jpg
minor_issues/frame_02074_160105_090.jpg,minor_issues,train_data/session_20260605_154345/frame_02074_160105_090.jpg
minor_issues/frame_02075_160105_591.jpg,minor_issues,train_data/session_20260605_154345/frame_02075_160105_591.jpg
minor_issues/frame_02077_160106_591.jpg,minor_issues,train_data/session_20260605_154345/frame_02077_160106_591.jpg
minor_issues/frame_02091_160113_596.jpg,minor_issues,train_data/session_20260605_154345/frame_02091_160113_596.jpg
minor_issues/frame_02093_160114_596.jpg,minor_issues,train_data/session_20260605_154345/frame_02093_160114_596.jpg
minor_issues/frame_02098_160117_099.jpg,minor_issues,train_data/session_20260605_154345/frame_02098_160117_099.jpg
minor_issues/frame_02099_160117_599.jpg,minor_issues,train_data/session_20260605_154345/frame_02099_160117_599.jpg
minor_issues/frame_02102_160119_100.jpg,minor_issues,train_data/session_20260605_154345/frame_02102_160119_100.jpg
minor_issues/frame_02104_160120_100.jpg,minor_issues,train_data/session_20260605_154345/frame_02104_160120_100.jpg
minor_issues/frame_02105_160120_601.jpg,minor_issues,train_data/session_20260605_154345/frame_02105_160120_601.jpg
minor_issues/frame_02106_160121_133.jpg,minor_issues,train_data/session_20260605_154345/frame_02106_160121_133.jpg
minor_issues/frame_02110_160123_137.jpg,minor_issues,train_data/session_20260605_154345/frame_02110_160123_137.jpg
minor_issues/frame_02115_160125_704.jpg,minor_issues,train_data/session_20260605_154345/frame_02115_160125_704.jpg
minor_issues/frame_02116_160126_204.jpg,minor_issues,train_data/session_20260605_154345/frame_02116_160126_204.jpg
minor_issues/frame_02117_160126_739.jpg,minor_issues,train_data/session_20260605_154345/frame_02117_160126_739.jpg
minor_issues/frame_02119_160127_773.jpg,minor_issues,train_data/session_20260605_154345/frame_02119_160127_773.jpg
minor_issues/frame_02123_160129_873.jpg,minor_issues,train_data/session_20260605_154345/frame_02123_160129_873.jpg
minor_issues/frame_02125_160130_908.jpg,minor_issues,train_data/session_20260605_154345/frame_02125_160130_908.jpg
minor_issues/frame_02127_160131_908.jpg,minor_issues,train_data/session_20260605_154345/frame_02127_160131_908.jpg
minor_issues/frame_02128_160132_409.jpg,minor_issues,train_data/session_20260605_154345/frame_02128_160132_409.jpg
minor_issues/frame_02129_160132_909.jpg,minor_issues,train_data/session_20260605_154345/frame_02129_160132_909.jpg
minor_issues/frame_02131_160133_910.jpg,minor_issues,train_data/session_20260605_154345/frame_02131_160133_910.jpg
minor_issues/frame_02132_160134_410.jpg,minor_issues,train_data/session_20260605_154345/frame_02132_160134_410.jpg
minor_issues/frame_02133_160134_910.jpg,minor_issues,train_data/session_20260605_154345/frame_02133_160134_910.jpg
minor_issues/frame_02134_160135_411.jpg,minor_issues,train_data/session_20260605_154345/frame_02134_160135_411.jpg
minor_issues/frame_02136_160136_412.jpg,minor_issues,train_data/session_20260605_154345/frame_02136_160136_412.jpg
minor_issues/frame_02137_160136_912.jpg,minor_issues,train_data/session_20260605_154345/frame_02137_160136_912.jpg
minor_issues/frame_02141_160138_913.jpg,minor_issues,train_data/session_20260605_154345/frame_02141_160138_913.jpg
minor_issues/frame_02142_160139_413.jpg,minor_issues,train_data/session_20260605_154345/frame_02142_160139_413.jpg
minor_issues/frame_02144_160140_414.jpg,minor_issues,train_data/session_20260605_154345/frame_02144_160140_414.jpg
minor_issues/frame_02147_160141_915.jpg,minor_issues,train_data/session_20260605_154345/frame_02147_160141_915.jpg
minor_issues/frame_02153_160144_917.jpg,minor_issues,train_data/session_20260605_154345/frame_02153_160144_917.jpg
minor_issues/frame_02159_160147_919.jpg,minor_issues,train_data/session_20260605_154345/frame_02159_160147_919.jpg
minor_issues/frame_02162_160149_420.jpg,minor_issues,train_data/session_20260605_154345/frame_02162_160149_420.jpg
minor_issues/frame_02168_160152_456.jpg,minor_issues,train_data/session_20260605_154345/frame_02168_160152_456.jpg
minor_issues/frame_02179_160157_993.jpg,minor_issues,train_data/session_20260605_154345/frame_02179_160157_993.jpg
minor_issues/frame_02183_160159_994.jpg,minor_issues,train_data/session_20260605_154345/frame_02183_160159_994.jpg
minor_issues/frame_02186_160201_529.jpg,minor_issues,train_data/session_20260605_154345/frame_02186_160201_529.jpg
minor_issues/frame_02190_160203_531.jpg,minor_issues,train_data/session_20260605_154345/frame_02190_160203_531.jpg
minor_issues/frame_02201_160209_034.jpg,minor_issues,train_data/session_20260605_154345/frame_02201_160209_034.jpg
minor_issues/frame_02206_160211_536.jpg,minor_issues,train_data/session_20260605_154345/frame_02206_160211_536.jpg
minor_issues/frame_02213_160215_039.jpg,minor_issues,train_data/session_20260605_154345/frame_02213_160215_039.jpg
minor_issues/frame_02220_160218_541.jpg,minor_issues,train_data/session_20260605_154345/frame_02220_160218_541.jpg
minor_issues/frame_02223_160220_042.jpg,minor_issues,train_data/session_20260605_154345/frame_02223_160220_042.jpg
minor_issues/frame_02227_160222_043.jpg,minor_issues,train_data/session_20260605_154345/frame_02227_160222_043.jpg
minor_issues/frame_02228_160222_544.jpg,minor_issues,train_data/session_20260605_154345/frame_02228_160222_544.jpg
minor_issues/frame_02229_160223_044.jpg,minor_issues,train_data/session_20260605_154345/frame_02229_160223_044.jpg
minor_issues/frame_02230_160223_544.jpg,minor_issues,train_data/session_20260605_154345/frame_02230_160223_544.jpg
minor_issues/frame_02231_160224_045.jpg,minor_issues,train_data/session_20260605_154345/frame_02231_160224_045.jpg
minor_issues/frame_02235_160226_046.jpg,minor_issues,train_data/session_20260605_154345/frame_02235_160226_046.jpg
minor_issues/frame_02241_160229_048.jpg,minor_issues,train_data/session_20260605_154345/frame_02241_160229_048.jpg
minor_issues/frame_02248_160232_551.jpg,minor_issues,train_data/session_20260605_154345/frame_02248_160232_551.jpg
minor_issues/frame_02251_160234_052.jpg,minor_issues,train_data/session_20260605_154345/frame_02251_160234_052.jpg
minor_issues/frame_02253_160235_053.jpg,minor_issues,train_data/session_20260605_154345/frame_02253_160235_053.jpg
minor_issues/frame_02254_160235_552.jpg,minor_issues,train_data/session_20260605_154345/frame_02254_160235_552.jpg
minor_issues/frame_02255_160236_053.jpg,minor_issues,train_data/session_20260605_154345/frame_02255_160236_053.jpg
minor_issues/frame_02257_160237_054.jpg,minor_issues,train_data/session_20260605_154345/frame_02257_160237_054.jpg
minor_issues/frame_02260_160238_555.jpg,minor_issues,train_data/session_20260605_154345/frame_02260_160238_555.jpg
minor_issues/frame_02261_160239_055.jpg,minor_issues,train_data/session_20260605_154345/frame_02261_160239_055.jpg
minor_issues/frame_02264_160240_556.jpg,minor_issues,train_data/session_20260605_154345/frame_02264_160240_556.jpg
minor_issues/frame_02265_160241_057.jpg,minor_issues,train_data/session_20260605_154345/frame_02265_160241_057.jpg
minor_issues/frame_02266_160241_557.jpg,minor_issues,train_data/session_20260605_154345/frame_02266_160241_557.jpg
minor_issues/frame_02271_160244_059.jpg,minor_issues,train_data/session_20260605_154345/frame_02271_160244_059.jpg
minor_issues/frame_02276_160246_560.jpg,minor_issues,train_data/session_20260605_154345/frame_02276_160246_560.jpg
minor_issues/frame_02306_160301_571.jpg,minor_issues,train_data/session_20260605_154345/frame_02306_160301_571.jpg
minor_issues/frame_02307_160302_071.jpg,minor_issues,train_data/session_20260605_154345/frame_02307_160302_071.jpg
minor_issues/frame_02308_160302_572.jpg,minor_issues,train_data/session_20260605_154345/frame_02308_160302_572.jpg
minor_issues/frame_02321_160309_076.jpg,minor_issues,train_data/session_20260605_154345/frame_02321_160309_076.jpg
minor_issues/frame_02324_160310_577.jpg,minor_issues,train_data/session_20260605_154345/frame_02324_160310_577.jpg
minor_issues/frame_02342_160319_616.jpg,minor_issues,train_data/session_20260605_154345/frame_02342_160319_616.jpg
minor_issues/frame_02346_160321_618.jpg,minor_issues,train_data/session_20260605_154345/frame_02346_160321_618.jpg
minor_issues/frame_02347_160322_118.jpg,minor_issues,train_data/session_20260605_154345/frame_02347_160322_118.jpg
minor_issues/frame_02351_160324_119.jpg,minor_issues,train_data/session_20260605_154345/frame_02351_160324_119.jpg
minor_issues/frame_02353_160325_120.jpg,minor_issues,train_data/session_20260605_154345/frame_02353_160325_120.jpg
minor_issues/frame_02358_160327_622.jpg,minor_issues,train_data/session_20260605_154345/frame_02358_160327_622.jpg
minor_issues/frame_02359_160328_123.jpg,minor_issues,train_data/session_20260605_154345/frame_02359_160328_123.jpg
minor_issues/frame_02360_160328_622.jpg,minor_issues,train_data/session_20260605_154345/frame_02360_160328_622.jpg
minor_issues/frame_02370_160333_627.jpg,minor_issues,train_data/session_20260605_154345/frame_02370_160333_627.jpg
minor_issues/frame_02377_160337_129.jpg,minor_issues,train_data/session_20260605_154345/frame_02377_160337_129.jpg
minor_issues/frame_02378_160337_629.jpg,minor_issues,train_data/session_20260605_154345/frame_02378_160337_629.jpg
minor_issues/frame_02379_160338_129.jpg,minor_issues,train_data/session_20260605_154345/frame_02379_160338_129.jpg
minor_issues/frame_02381_160339_130.jpg,minor_issues,train_data/session_20260605_154345/frame_02381_160339_130.jpg
minor_issues/frame_02382_160339_631.jpg,minor_issues,train_data/session_20260605_154345/frame_02382_160339_631.jpg
minor_issues/frame_02384_160340_631.jpg,minor_issues,train_data/session_20260605_154345/frame_02384_160340_631.jpg
minor_issues/frame_02385_160341_131.jpg,minor_issues,train_data/session_20260605_154345/frame_02385_160341_131.jpg
minor_issues/frame_02386_160341_631.jpg,minor_issues,train_data/session_20260605_154345/frame_02386_160341_631.jpg
minor_issues/frame_02403_160350_137.jpg,minor_issues,train_data/session_20260605_154345/frame_02403_160350_137.jpg
minor_issues/frame_02406_160351_639.jpg,minor_issues,train_data/session_20260605_154345/frame_02406_160351_639.jpg
minor_issues/frame_02408_160352_639.jpg,minor_issues,train_data/session_20260605_154345/frame_02408_160352_639.jpg
minor_issues/frame_02409_160353_139.jpg,minor_issues,train_data/session_20260605_154345/frame_02409_160353_139.jpg
minor_issues/frame_02412_160354_641.jpg,minor_issues,train_data/session_20260605_154345/frame_02412_160354_641.jpg
minor_issues/frame_02414_160355_641.jpg,minor_issues,train_data/session_20260605_154345/frame_02414_160355_641.jpg
minor_issues/frame_02422_160359_644.jpg,minor_issues,train_data/session_20260605_154345/frame_02422_160359_644.jpg
minor_issues/frame_02423_160400_145.jpg,minor_issues,train_data/session_20260605_154345/frame_02423_160400_145.jpg
minor_issues/frame_02427_160402_146.jpg,minor_issues,train_data/session_20260605_154345/frame_02427_160402_146.jpg
minor_issues/frame_02429_160403_147.jpg,minor_issues,train_data/session_20260605_154345/frame_02429_160403_147.jpg
minor_issues/frame_02430_160403_647.jpg,minor_issues,train_data/session_20260605_154345/frame_02430_160403_647.jpg
minor_issues/frame_02432_160404_648.jpg,minor_issues,train_data/session_20260605_154345/frame_02432_160404_648.jpg
minor_issues/frame_02433_160405_148.jpg,minor_issues,train_data/session_20260605_154345/frame_02433_160405_148.jpg
minor_issues/frame_02439_160408_150.jpg,minor_issues,train_data/session_20260605_154345/frame_02439_160408_150.jpg
minor_issues/frame_02440_160408_650.jpg,minor_issues,train_data/session_20260605_154345/frame_02440_160408_650.jpg
minor_issues/frame_02443_160410_151.jpg,minor_issues,train_data/session_20260605_154345/frame_02443_160410_151.jpg
minor_issues/frame_02447_160412_153.jpg,minor_issues,train_data/session_20260605_154345/frame_02447_160412_153.jpg
minor_issues/frame_02461_160419_157.jpg,minor_issues,train_data/session_20260605_154345/frame_02461_160419_157.jpg
minor_issues/frame_02468_160422_660.jpg,minor_issues,train_data/session_20260605_154345/frame_02468_160422_660.jpg
minor_issues/frame_02469_160423_161.jpg,minor_issues,train_data/session_20260605_154345/frame_02469_160423_161.jpg
minor_issues/frame_02470_160423_661.jpg,minor_issues,train_data/session_20260605_154345/frame_02470_160423_661.jpg
minor_issues/frame_02473_160425_162.jpg,minor_issues,train_data/session_20260605_154345/frame_02473_160425_162.jpg
minor_issues/frame_02474_160425_662.jpg,minor_issues,train_data/session_20260605_154345/frame_02474_160425_662.jpg
minor_issues/frame_02475_160426_162.jpg,minor_issues,train_data/session_20260605_154345/frame_02475_160426_162.jpg
minor_issues/frame_02476_160426_663.jpg,minor_issues,train_data/session_20260605_154345/frame_02476_160426_663.jpg
minor_issues/frame_02478_160427_663.jpg,minor_issues,train_data/session_20260605_154345/frame_02478_160427_663.jpg
minor_issues/frame_02480_160428_664.jpg,minor_issues,train_data/session_20260605_154345/frame_02480_160428_664.jpg
minor_issues/frame_02481_160429_165.jpg,minor_issues,train_data/session_20260605_154345/frame_02481_160429_165.jpg
minor_issues/frame_02487_160432_166.jpg,minor_issues,train_data/session_20260605_154345/frame_02487_160432_166.jpg
minor_issues/frame_02490_160433_667.jpg,minor_issues,train_data/session_20260605_154345/frame_02490_160433_667.jpg
minor_issues/frame_02499_160438_171.jpg,minor_issues,train_data/session_20260605_154345/frame_02499_160438_171.jpg
minor_issues/frame_02500_160438_671.jpg,minor_issues,train_data/session_20260605_154345/frame_02500_160438_671.jpg
minor_issues/frame_02502_160439_672.jpg,minor_issues,train_data/session_20260605_154345/frame_02502_160439_672.jpg
minor_issues/frame_02504_160440_673.jpg,minor_issues,train_data/session_20260605_154345/frame_02504_160440_673.jpg
minor_issues/frame_02510_160443_675.jpg,minor_issues,train_data/session_20260605_154345/frame_02510_160443_675.jpg
minor_issues/frame_02530_160453_682.jpg,minor_issues,train_data/session_20260605_154345/frame_02530_160453_682.jpg
minor_issues/frame_02533_160455_183.jpg,minor_issues,train_data/session_20260605_154345/frame_02533_160455_183.jpg
minor_issues/frame_02534_160455_683.jpg,minor_issues,train_data/session_20260605_154345/frame_02534_160455_683.jpg
minor_issues/frame_02535_160456_183.jpg,minor_issues,train_data/session_20260605_154345/frame_02535_160456_183.jpg
minor_issues/frame_02536_160456_683.jpg,minor_issues,train_data/session_20260605_154345/frame_02536_160456_683.jpg
minor_issues/frame_02537_160457_184.jpg,minor_issues,train_data/session_20260605_154345/frame_02537_160457_184.jpg
minor_issues/frame_02538_160457_684.jpg,minor_issues,train_data/session_20260605_154345/frame_02538_160457_684.jpg
minor_issues/frame_02539_160458_185.jpg,minor_issues,train_data/session_20260605_154345/frame_02539_160458_185.jpg
minor_issues/frame_02541_160459_186.jpg,minor_issues,train_data/session_20260605_154345/frame_02541_160459_186.jpg
minor_issues/frame_02543_160500_186.jpg,minor_issues,train_data/session_20260605_154345/frame_02543_160500_186.jpg
minor_issues/frame_02545_160501_187.jpg,minor_issues,train_data/session_20260605_154345/frame_02545_160501_187.jpg
minor_issues/frame_02546_160501_687.jpg,minor_issues,train_data/session_20260605_154345/frame_02546_160501_687.jpg
minor_issues/frame_02547_160502_187.jpg,minor_issues,train_data/session_20260605_154345/frame_02547_160502_187.jpg
minor_issues/frame_02548_160502_688.jpg,minor_issues,train_data/session_20260605_154345/frame_02548_160502_688.jpg
minor_issues/frame_02551_160504_189.jpg,minor_issues,train_data/session_20260605_154345/frame_02551_160504_189.jpg
minor_issues/frame_02573_160515_197.jpg,minor_issues,train_data/session_20260605_154345/frame_02573_160515_197.jpg
minor_issues/frame_02575_160516_197.jpg,minor_issues,train_data/session_20260605_154345/frame_02575_160516_197.jpg
minor_issues/frame_02577_160517_197.jpg,minor_issues,train_data/session_20260605_154345/frame_02577_160517_197.jpg
minor_issues/frame_02581_160519_199.jpg,minor_issues,train_data/session_20260605_154345/frame_02581_160519_199.jpg
minor_issues/frame_02584_160520_700.jpg,minor_issues,train_data/session_20260605_154345/frame_02584_160520_700.jpg
minor_issues/frame_02586_160521_701.jpg,minor_issues,train_data/session_20260605_154345/frame_02586_160521_701.jpg
minor_issues/frame_02588_160522_701.jpg,minor_issues,train_data/session_20260605_154345/frame_02588_160522_701.jpg
minor_issues/frame_02593_160525_203.jpg,minor_issues,train_data/session_20260605_154345/frame_02593_160525_203.jpg
minor_issues/frame_02594_160525_703.jpg,minor_issues,train_data/session_20260605_154345/frame_02594_160525_703.jpg
minor_issues/frame_02603_160530_207.jpg,minor_issues,train_data/session_20260605_154345/frame_02603_160530_207.jpg
minor_issues/frame_02606_160531_708.jpg,minor_issues,train_data/session_20260605_154345/frame_02606_160531_708.jpg
minor_issues/frame_02629_160543_216.jpg,minor_issues,train_data/session_20260605_154345/frame_02629_160543_216.jpg
minor_issues/frame_02630_160543_716.jpg,minor_issues,train_data/session_20260605_154345/frame_02630_160543_716.jpg
minor_issues/frame_02635_160546_218.jpg,minor_issues,train_data/session_20260605_154345/frame_02635_160546_218.jpg
minor_issues/frame_02647_160552_222.jpg,minor_issues,train_data/session_20260605_154345/frame_02647_160552_222.jpg
minor_issues/frame_02650_160553_723.jpg,minor_issues,train_data/session_20260605_154345/frame_02650_160553_723.jpg
minor_issues/frame_02653_160555_224.jpg,minor_issues,train_data/session_20260605_154345/frame_02653_160555_224.jpg
minor_issues/frame_02658_160557_726.jpg,minor_issues,train_data/session_20260605_154345/frame_02658_160557_726.jpg
minor_issues/frame_02661_160559_228.jpg,minor_issues,train_data/session_20260605_154345/frame_02661_160559_228.jpg
minor_issues/frame_02664_160600_728.jpg,minor_issues,train_data/session_20260605_154345/frame_02664_160600_728.jpg
minor_issues/frame_02671_160604_230.jpg,minor_issues,train_data/session_20260605_154345/frame_02671_160604_230.jpg
minor_issues/frame_02672_160604_731.jpg,minor_issues,train_data/session_20260605_154345/frame_02672_160604_731.jpg
minor_issues/frame_02674_160605_731.jpg,minor_issues,train_data/session_20260605_154345/frame_02674_160605_731.jpg
minor_issues/frame_02675_160606_231.jpg,minor_issues,train_data/session_20260605_154345/frame_02675_160606_231.jpg
minor_issues/frame_02680_160608_734.jpg,minor_issues,train_data/session_20260605_154345/frame_02680_160608_734.jpg
minor_issues/frame_02682_160609_734.jpg,minor_issues,train_data/session_20260605_154345/frame_02682_160609_734.jpg
minor_issues/frame_02685_160611_235.jpg,minor_issues,train_data/session_20260605_154345/frame_02685_160611_235.jpg
minor_issues/frame_02686_160611_735.jpg,minor_issues,train_data/session_20260605_154345/frame_02686_160611_735.jpg
minor_issues/frame_02689_160613_237.jpg,minor_issues,train_data/session_20260605_154345/frame_02689_160613_237.jpg
minor_issues/frame_02692_160614_738.jpg,minor_issues,train_data/session_20260605_154345/frame_02692_160614_738.jpg
minor_issues/frame_02699_160618_240.jpg,minor_issues,train_data/session_20260605_154345/frame_02699_160618_240.jpg
minor_issues/frame_02703_160620_241.jpg,minor_issues,train_data/session_20260605_154345/frame_02703_160620_241.jpg
minor_issues/frame_02705_160621_242.jpg,minor_issues,train_data/session_20260605_154345/frame_02705_160621_242.jpg
minor_issues/frame_02708_160622_743.jpg,minor_issues,train_data/session_20260605_154345/frame_02708_160622_743.jpg
minor_issues/frame_02709_160623_243.jpg,minor_issues,train_data/session_20260605_154345/frame_02709_160623_243.jpg
minor_issues/frame_02711_160624_244.jpg,minor_issues,train_data/session_20260605_154345/frame_02711_160624_244.jpg
minor_issues/frame_02716_160626_746.jpg,minor_issues,train_data/session_20260605_154345/frame_02716_160626_746.jpg
minor_issues/frame_02717_160627_246.jpg,minor_issues,train_data/session_20260605_154345/frame_02717_160627_246.jpg
minor_issues/frame_02718_160627_746.jpg,minor_issues,train_data/session_20260605_154345/frame_02718_160627_746.jpg
minor_issues/frame_02721_160629_248.jpg,minor_issues,train_data/session_20260605_154345/frame_02721_160629_248.jpg
minor_issues/frame_02722_160629_748.jpg,minor_issues,train_data/session_20260605_154345/frame_02722_160629_748.jpg
minor_issues/frame_02724_160630_748.jpg,minor_issues,train_data/session_20260605_154345/frame_02724_160630_748.jpg
minor_issues/frame_02725_160631_249.jpg,minor_issues,train_data/session_20260605_154345/frame_02725_160631_249.jpg
minor_issues/frame_02728_160632_750.jpg,minor_issues,train_data/session_20260605_154345/frame_02728_160632_750.jpg
minor_issues/frame_02731_160634_251.jpg,minor_issues,train_data/session_20260605_154345/frame_02731_160634_251.jpg
minor_issues/frame_02733_160635_252.jpg,minor_issues,train_data/session_20260605_154345/frame_02733_160635_252.jpg
minor_issues/frame_02734_160635_752.jpg,minor_issues,train_data/session_20260605_154345/frame_02734_160635_752.jpg
minor_issues/frame_02747_160642_290.jpg,minor_issues,train_data/session_20260605_154345/frame_02747_160642_290.jpg
minor_issues/frame_02748_160642_791.jpg,minor_issues,train_data/session_20260605_154345/frame_02748_160642_791.jpg
minor_issues/frame_02750_160643_791.jpg,minor_issues,train_data/session_20260605_154345/frame_02750_160643_791.jpg
minor_issues/frame_02759_160648_294.jpg,minor_issues,train_data/session_20260605_154345/frame_02759_160648_294.jpg
minor_issues/frame_02768_160652_830.jpg,minor_issues,train_data/session_20260605_154345/frame_02768_160652_830.jpg
minor_issues/frame_02770_160653_863.jpg,minor_issues,train_data/session_20260605_154345/frame_02770_160653_863.jpg
minor_issues/frame_02771_160654_363.jpg,minor_issues,train_data/session_20260605_154345/frame_02771_160654_363.jpg
minor_issues/frame_02772_160654_864.jpg,minor_issues,train_data/session_20260605_154345/frame_02772_160654_864.jpg
minor_issues/frame_02774_160655_866.jpg,minor_issues,train_data/session_20260605_154345/frame_02774_160655_866.jpg
minor_issues/frame_02776_160656_865.jpg,minor_issues,train_data/session_20260605_154345/frame_02776_160656_865.jpg
minor_issues/frame_02780_160658_868.jpg,minor_issues,train_data/session_20260605_154345/frame_02780_160658_868.jpg
minor_issues/frame_02782_160659_869.jpg,minor_issues,train_data/session_20260605_154345/frame_02782_160659_869.jpg
minor_issues/frame_02794_160705_873.jpg,minor_issues,train_data/session_20260605_154345/frame_02794_160705_873.jpg
minor_issues/frame_02803_160710_376.jpg,minor_issues,train_data/session_20260605_154345/frame_02803_160710_376.jpg
minor_issues/frame_02804_160710_877.jpg,minor_issues,train_data/session_20260605_154345/frame_02804_160710_877.jpg
minor_issues/frame_02805_160711_377.jpg,minor_issues,train_data/session_20260605_154345/frame_02805_160711_377.jpg
minor_issues/frame_02811_160714_379.jpg,minor_issues,train_data/session_20260605_154345/frame_02811_160714_379.jpg
minor_issues/frame_02814_160715_880.jpg,minor_issues,train_data/session_20260605_154345/frame_02814_160715_880.jpg
minor_issues/frame_02819_160718_382.jpg,minor_issues,train_data/session_20260605_154345/frame_02819_160718_382.jpg
minor_issues/frame_02821_160719_382.jpg,minor_issues,train_data/session_20260605_154345/frame_02821_160719_382.jpg
minor_issues/frame_02824_160720_884.jpg,minor_issues,train_data/session_20260605_154345/frame_02824_160720_884.jpg
minor_issues/frame_02831_160724_385.jpg,minor_issues,train_data/session_20260605_154345/frame_02831_160724_385.jpg
minor_issues/frame_02849_160733_392.jpg,minor_issues,train_data/session_20260605_154345/frame_02849_160733_392.jpg
minor_issues/frame_02856_160736_895.jpg,minor_issues,train_data/session_20260605_154345/frame_02856_160736_895.jpg
minor_issues/frame_02857_160737_395.jpg,minor_issues,train_data/session_20260605_154345/frame_02857_160737_395.jpg
minor_issues/frame_02858_160737_895.jpg,minor_issues,train_data/session_20260605_154345/frame_02858_160737_895.jpg
minor_issues/frame_02865_160741_398.jpg,minor_issues,train_data/session_20260605_154345/frame_02865_160741_398.jpg
minor_issues/frame_02867_160742_398.jpg,minor_issues,train_data/session_20260605_154345/frame_02867_160742_398.jpg
minor_issues/frame_02869_160743_398.jpg,minor_issues,train_data/session_20260605_154345/frame_02869_160743_398.jpg
minor_issues/frame_02870_160743_899.jpg,minor_issues,train_data/session_20260605_154345/frame_02870_160743_899.jpg
minor_issues/frame_02871_160744_399.jpg,minor_issues,train_data/session_20260605_154345/frame_02871_160744_399.jpg
minor_issues/frame_02872_160744_900.jpg,minor_issues,train_data/session_20260605_154345/frame_02872_160744_900.jpg
minor_issues/frame_02875_160746_401.jpg,minor_issues,train_data/session_20260605_154345/frame_02875_160746_401.jpg
minor_issues/frame_02879_160748_403.jpg,minor_issues,train_data/session_20260605_154345/frame_02879_160748_403.jpg
minor_issues/frame_02885_160751_405.jpg,minor_issues,train_data/session_20260605_154345/frame_02885_160751_405.jpg
minor_issues/frame_02888_160752_905.jpg,minor_issues,train_data/session_20260605_154345/frame_02888_160752_905.jpg
minor_issues/frame_02889_160753_406.jpg,minor_issues,train_data/session_20260605_154345/frame_02889_160753_406.jpg
minor_issues/frame_02890_160753_907.jpg,minor_issues,train_data/session_20260605_154345/frame_02890_160753_907.jpg
minor_issues/frame_02891_160754_406.jpg,minor_issues,train_data/session_20260605_154345/frame_02891_160754_406.jpg
minor_issues/frame_02894_160755_908.jpg,minor_issues,train_data/session_20260605_154345/frame_02894_160755_908.jpg
minor_issues/frame_02895_160756_409.jpg,minor_issues,train_data/session_20260605_154345/frame_02895_160756_409.jpg
minor_issues/frame_02896_160756_908.jpg,minor_issues,train_data/session_20260605_154345/frame_02896_160756_908.jpg
minor_issues/frame_02897_160757_409.jpg,minor_issues,train_data/session_20260605_154345/frame_02897_160757_409.jpg
minor_issues/frame_02899_160758_409.jpg,minor_issues,train_data/session_20260605_154345/frame_02899_160758_409.jpg
minor_issues/frame_02901_160759_411.jpg,minor_issues,train_data/session_20260605_154345/frame_02901_160759_411.jpg
minor_issues/frame_02906_160801_911.jpg,minor_issues,train_data/session_20260605_154345/frame_02906_160801_911.jpg
minor_issues/frame_02910_160803_913.jpg,minor_issues,train_data/session_20260605_154345/frame_02910_160803_913.jpg
minor_issues/frame_02912_160804_913.jpg,minor_issues,train_data/session_20260605_154345/frame_02912_160804_913.jpg
minor_issues/frame_02913_160805_414.jpg,minor_issues,train_data/session_20260605_154345/frame_02913_160805_414.jpg
minor_issues/frame_02917_160807_415.jpg,minor_issues,train_data/session_20260605_154345/frame_02917_160807_415.jpg
minor_issues/frame_02919_160808_416.jpg,minor_issues,train_data/session_20260605_154345/frame_02919_160808_416.jpg
minor_issues/frame_02922_160809_917.jpg,minor_issues,train_data/session_20260605_154345/frame_02922_160809_917.jpg
minor_issues/frame_02924_160810_918.jpg,minor_issues,train_data/session_20260605_154345/frame_02924_160810_918.jpg
minor_issues/frame_02925_160811_418.jpg,minor_issues,train_data/session_20260605_154345/frame_02925_160811_418.jpg
minor_issues/frame_02926_160811_918.jpg,minor_issues,train_data/session_20260605_154345/frame_02926_160811_918.jpg
minor_issues/frame_02927_160812_419.jpg,minor_issues,train_data/session_20260605_154345/frame_02927_160812_419.jpg
minor_issues/frame_02929_160813_420.jpg,minor_issues,train_data/session_20260605_154345/frame_02929_160813_420.jpg
minor_issues/frame_02931_160814_420.jpg,minor_issues,train_data/session_20260605_154345/frame_02931_160814_420.jpg
minor_issues/frame_02933_160815_421.jpg,minor_issues,train_data/session_20260605_154345/frame_02933_160815_421.jpg
minor_issues/frame_02935_160816_422.jpg,minor_issues,train_data/session_20260605_154345/frame_02935_160816_422.jpg
minor_issues/frame_02936_160816_922.jpg,minor_issues,train_data/session_20260605_154345/frame_02936_160816_922.jpg
minor_issues/frame_02938_160817_923.jpg,minor_issues,train_data/session_20260605_154345/frame_02938_160817_923.jpg
minor_issues/frame_02940_160818_924.jpg,minor_issues,train_data/session_20260605_154345/frame_02940_160818_924.jpg
minor_issues/frame_02942_160819_924.jpg,minor_issues,train_data/session_20260605_154345/frame_02942_160819_924.jpg
minor_issues/frame_02948_160822_926.jpg,minor_issues,train_data/session_20260605_154345/frame_02948_160822_926.jpg
minor_issues/frame_02968_160832_933.jpg,minor_issues,train_data/session_20260605_154345/frame_02968_160832_933.jpg
minor_issues/frame_02971_160834_434.jpg,minor_issues,train_data/session_20260605_154345/frame_02971_160834_434.jpg
minor_issues/frame_02972_160834_934.jpg,minor_issues,train_data/session_20260605_154345/frame_02972_160834_934.jpg
minor_issues/frame_02975_160836_436.jpg,minor_issues,train_data/session_20260605_154345/frame_02975_160836_436.jpg
minor_issues/frame_02978_160837_937.jpg,minor_issues,train_data/session_20260605_154345/frame_02978_160837_937.jpg
minor_issues/frame_02982_160839_938.jpg,minor_issues,train_data/session_20260605_154345/frame_02982_160839_938.jpg
minor_issues/frame_02989_160843_441.jpg,minor_issues,train_data/session_20260605_154345/frame_02989_160843_441.jpg
minor_issues/frame_02993_160845_476.jpg,minor_issues,train_data/session_20260605_154345/frame_02993_160845_476.jpg
minor_issues/frame_02999_160848_477.jpg,minor_issues,train_data/session_20260605_154345/frame_02999_160848_477.jpg
minor_issues/frame_03004_160850_979.jpg,minor_issues,train_data/session_20260605_154345/frame_03004_160850_979.jpg
minor_issues/frame_03019_160858_484.jpg,minor_issues,train_data/session_20260605_154345/frame_03019_160858_484.jpg
minor_issues/frame_03021_160859_485.jpg,minor_issues,train_data/session_20260605_154345/frame_03021_160859_485.jpg
minor_issues/frame_03026_160901_986.jpg,minor_issues,train_data/session_20260605_154345/frame_03026_160901_986.jpg
minor_issues/frame_03027_160902_487.jpg,minor_issues,train_data/session_20260605_154345/frame_03027_160902_487.jpg
minor_issues/frame_03029_160903_487.jpg,minor_issues,train_data/session_20260605_154345/frame_03029_160903_487.jpg
minor_issues/frame_03033_160905_489.jpg,minor_issues,train_data/session_20260605_154345/frame_03033_160905_489.jpg
minor_issues/frame_03041_160909_492.jpg,minor_issues,train_data/session_20260605_154345/frame_03041_160909_492.jpg
minor_issues/frame_03066_160922_001.jpg,minor_issues,train_data/session_20260605_154345/frame_03066_160922_001.jpg
minor_issues/frame_03077_160927_504.jpg,minor_issues,train_data/session_20260605_154345/frame_03077_160927_504.jpg
minor_issues/frame_03086_160932_008.jpg,minor_issues,train_data/session_20260605_154345/frame_03086_160932_008.jpg
minor_issues/frame_03090_160934_008.jpg,minor_issues,train_data/session_20260605_154345/frame_03090_160934_008.jpg
minor_issues/frame_03093_160935_510.jpg,minor_issues,train_data/session_20260605_154345/frame_03093_160935_510.jpg
minor_issues/frame_03096_160937_011.jpg,minor_issues,train_data/session_20260605_154345/frame_03096_160937_011.jpg
minor_issues/frame_03106_160942_014.jpg,minor_issues,train_data/session_20260605_154345/frame_03106_160942_014.jpg
minor_issues/frame_03126_160952_055.jpg,minor_issues,train_data/session_20260605_154345/frame_03126_160952_055.jpg
minor_issues/frame_03128_160953_055.jpg,minor_issues,train_data/session_20260605_154345/frame_03128_160953_055.jpg
minor_issues/frame_03129_160953_555.jpg,minor_issues,train_data/session_20260605_154345/frame_03129_160953_555.jpg
minor_issues/frame_03130_160954_056.jpg,minor_issues,train_data/session_20260605_154345/frame_03130_160954_056.jpg
minor_issues/frame_03134_160956_057.jpg,minor_issues,train_data/session_20260605_154345/frame_03134_160956_057.jpg
minor_issues/frame_03137_160957_558.jpg,minor_issues,train_data/session_20260605_154345/frame_03137_160957_558.jpg
minor_issues/frame_03142_161000_060.jpg,minor_issues,train_data/session_20260605_154345/frame_03142_161000_060.jpg
minor_issues/frame_03161_161009_567.jpg,minor_issues,train_data/session_20260605_154345/frame_03161_161009_567.jpg
minor_issues/frame_03172_161015_070.jpg,minor_issues,train_data/session_20260605_154345/frame_03172_161015_070.jpg
minor_issues/frame_03177_161017_572.jpg,minor_issues,train_data/session_20260605_154345/frame_03177_161017_572.jpg
minor_issues/frame_03186_161022_075.jpg,minor_issues,train_data/session_20260605_154345/frame_03186_161022_075.jpg
minor_issues/frame_03197_161027_579.jpg,minor_issues,train_data/session_20260605_154345/frame_03197_161027_579.jpg
minor_issues/frame_03198_161028_079.jpg,minor_issues,train_data/session_20260605_154345/frame_03198_161028_079.jpg
minor_issues/frame_03204_161031_082.jpg,minor_issues,train_data/session_20260605_154345/frame_03204_161031_082.jpg
minor_issues/frame_03205_161031_582.jpg,minor_issues,train_data/session_20260605_154345/frame_03205_161031_582.jpg
minor_issues/frame_03208_161033_083.jpg,minor_issues,train_data/session_20260605_154345/frame_03208_161033_083.jpg
minor_issues/frame_03214_161036_085.jpg,minor_issues,train_data/session_20260605_154345/frame_03214_161036_085.jpg
minor_issues/frame_03218_161038_087.jpg,minor_issues,train_data/session_20260605_154345/frame_03218_161038_087.jpg
minor_issues/frame_03220_161039_087.jpg,minor_issues,train_data/session_20260605_154345/frame_03220_161039_087.jpg
minor_issues/frame_03225_161041_589.jpg,minor_issues,train_data/session_20260605_154345/frame_03225_161041_589.jpg
minor_issues/frame_03226_161042_089.jpg,minor_issues,train_data/session_20260605_154345/frame_03226_161042_089.jpg
minor_issues/frame_03228_161043_090.jpg,minor_issues,train_data/session_20260605_154345/frame_03228_161043_090.jpg
minor_issues/frame_03229_161043_590.jpg,minor_issues,train_data/session_20260605_154345/frame_03229_161043_590.jpg
minor_issues/frame_03232_161045_091.jpg,minor_issues,train_data/session_20260605_154345/frame_03232_161045_091.jpg
minor_issues/frame_03233_161045_592.jpg,minor_issues,train_data/session_20260605_154345/frame_03233_161045_592.jpg
minor_issues/frame_03234_161046_092.jpg,minor_issues,train_data/session_20260605_154345/frame_03234_161046_092.jpg
minor_issues/frame_03235_161046_592.jpg,minor_issues,train_data/session_20260605_154345/frame_03235_161046_592.jpg
minor_issues/frame_03236_161047_093.jpg,minor_issues,train_data/session_20260605_154345/frame_03236_161047_093.jpg
minor_issues/frame_03238_161048_094.jpg,minor_issues,train_data/session_20260605_154345/frame_03238_161048_094.jpg
minor_issues/frame_03239_161048_593.jpg,minor_issues,train_data/session_20260605_154345/frame_03239_161048_593.jpg
minor_issues/frame_03242_161050_095.jpg,minor_issues,train_data/session_20260605_154345/frame_03242_161050_095.jpg
minor_issues/frame_03244_161051_095.jpg,minor_issues,train_data/session_20260605_154345/frame_03244_161051_095.jpg
minor_issues/frame_03245_161051_595.jpg,minor_issues,train_data/session_20260605_154345/frame_03245_161051_595.jpg
minor_issues/frame_03246_161052_096.jpg,minor_issues,train_data/session_20260605_154345/frame_03246_161052_096.jpg
minor_issues/frame_03252_161055_098.jpg,minor_issues,train_data/session_20260605_154345/frame_03252_161055_098.jpg
minor_issues/frame_03254_161056_099.jpg,minor_issues,train_data/session_20260605_154345/frame_03254_161056_099.jpg
minor_issues/frame_03258_161058_100.jpg,minor_issues,train_data/session_20260605_154345/frame_03258_161058_100.jpg
minor_issues/frame_03259_161058_601.jpg,minor_issues,train_data/session_20260605_154345/frame_03259_161058_601.jpg
minor_issues/frame_03271_161104_605.jpg,minor_issues,train_data/session_20260605_154345/frame_03271_161104_605.jpg
minor_issues/frame_03272_161105_105.jpg,minor_issues,train_data/session_20260605_154345/frame_03272_161105_105.jpg
minor_issues/frame_03274_161106_105.jpg,minor_issues,train_data/session_20260605_154345/frame_03274_161106_105.jpg
minor_issues/frame_03276_161107_106.jpg,minor_issues,train_data/session_20260605_154345/frame_03276_161107_106.jpg
minor_issues/frame_03278_161108_107.jpg,minor_issues,train_data/session_20260605_154345/frame_03278_161108_107.jpg
minor_issues/frame_03288_161113_110.jpg,minor_issues,train_data/session_20260605_154345/frame_03288_161113_110.jpg
minor_issues/frame_03289_161113_611.jpg,minor_issues,train_data/session_20260605_154345/frame_03289_161113_611.jpg
minor_issues/frame_03295_161116_613.jpg,minor_issues,train_data/session_20260605_154345/frame_03295_161116_613.jpg
minor_issues/frame_03298_161118_114.jpg,minor_issues,train_data/session_20260605_154345/frame_03298_161118_114.jpg
minor_issues/frame_03299_161118_615.jpg,minor_issues,train_data/session_20260605_154345/frame_03299_161118_615.jpg
minor_issues/frame_03302_161120_149.jpg,minor_issues,train_data/session_20260605_154345/frame_03302_161120_149.jpg
minor_issues/frame_03305_161121_651.jpg,minor_issues,train_data/session_20260605_154345/frame_03305_161121_651.jpg
minor_issues/frame_03306_161122_151.jpg,minor_issues,train_data/session_20260605_154345/frame_03306_161122_151.jpg
minor_issues/frame_03307_161122_651.jpg,minor_issues,train_data/session_20260605_154345/frame_03307_161122_651.jpg
minor_issues/frame_03308_161123_151.jpg,minor_issues,train_data/session_20260605_154345/frame_03308_161123_151.jpg
minor_issues/frame_03313_161125_653.jpg,minor_issues,train_data/session_20260605_154345/frame_03313_161125_653.jpg
minor_issues/frame_03314_161126_153.jpg,minor_issues,train_data/session_20260605_154345/frame_03314_161126_153.jpg
minor_issues/frame_03315_161126_654.jpg,minor_issues,train_data/session_20260605_154345/frame_03315_161126_654.jpg
minor_issues/frame_03316_161127_187.jpg,minor_issues,train_data/session_20260605_154345/frame_03316_161127_187.jpg
minor_issues/frame_03317_161127_687.jpg,minor_issues,train_data/session_20260605_154345/frame_03317_161127_687.jpg
minor_issues/frame_03320_161129_189.jpg,minor_issues,train_data/session_20260605_154345/frame_03320_161129_189.jpg
minor_issues/frame_03323_161130_690.jpg,minor_issues,train_data/session_20260605_154345/frame_03323_161130_690.jpg
minor_issues/frame_03328_161133_191.jpg,minor_issues,train_data/session_20260605_154345/frame_03328_161133_191.jpg
minor_issues/frame_03329_161133_692.jpg,minor_issues,train_data/session_20260605_154345/frame_03329_161133_692.jpg
minor_issues/frame_03332_161135_192.jpg,minor_issues,train_data/session_20260605_154345/frame_03332_161135_192.jpg
minor_issues/frame_03333_161135_693.jpg,minor_issues,train_data/session_20260605_154345/frame_03333_161135_693.jpg
minor_issues/frame_03334_161136_193.jpg,minor_issues,train_data/session_20260605_154345/frame_03334_161136_193.jpg
minor_issues/frame_03335_161136_694.jpg,minor_issues,train_data/session_20260605_154345/frame_03335_161136_694.jpg
minor_issues/frame_03336_161137_194.jpg,minor_issues,train_data/session_20260605_154345/frame_03336_161137_194.jpg
minor_issues/frame_03337_161137_694.jpg,minor_issues,train_data/session_20260605_154345/frame_03337_161137_694.jpg
minor_issues/frame_03338_161138_195.jpg,minor_issues,train_data/session_20260605_154345/frame_03338_161138_195.jpg
minor_issues/frame_03339_161138_695.jpg,minor_issues,train_data/session_20260605_154345/frame_03339_161138_695.jpg
minor_issues/frame_03340_161139_195.jpg,minor_issues,train_data/session_20260605_154345/frame_03340_161139_195.jpg
minor_issues/frame_03343_161140_696.jpg,minor_issues,train_data/session_20260605_154345/frame_03343_161140_696.jpg
minor_issues/frame_03344_161141_197.jpg,minor_issues,train_data/session_20260605_154345/frame_03344_161141_197.jpg
minor_issues/frame_03346_161142_197.jpg,minor_issues,train_data/session_20260605_154345/frame_03346_161142_197.jpg
minor_issues/frame_03357_161147_701.jpg,minor_issues,train_data/session_20260605_154345/frame_03357_161147_701.jpg
minor_issues/frame_03362_161150_204.jpg,minor_issues,train_data/session_20260605_154345/frame_03362_161150_204.jpg
minor_issues/frame_03363_161150_704.jpg,minor_issues,train_data/session_20260605_154345/frame_03363_161150_704.jpg
minor_issues/frame_03372_161155_206.jpg,minor_issues,train_data/session_20260605_154345/frame_03372_161155_206.jpg
minor_issues/frame_03373_161155_707.jpg,minor_issues,train_data/session_20260605_154345/frame_03373_161155_707.jpg
minor_issues/frame_03379_161158_709.jpg,minor_issues,train_data/session_20260605_154345/frame_03379_161158_709.jpg
minor_issues/frame_03380_161159_243.jpg,minor_issues,train_data/session_20260605_154345/frame_03380_161159_243.jpg
minor_issues/frame_03381_161159_743.jpg,minor_issues,train_data/session_20260605_154345/frame_03381_161159_743.jpg
minor_issues/frame_03395_161206_914.jpg,minor_issues,train_data/session_20260605_154345/frame_03395_161206_914.jpg
minor_issues/frame_03396_161207_448.jpg,minor_issues,train_data/session_20260605_154345/frame_03396_161207_448.jpg
minor_issues/frame_03397_161207_947.jpg,minor_issues,train_data/session_20260605_154345/frame_03397_161207_947.jpg
minor_issues/frame_03398_161208_449.jpg,minor_issues,train_data/session_20260605_154345/frame_03398_161208_449.jpg
minor_issues/frame_03400_161209_483.jpg,minor_issues,train_data/session_20260605_154345/frame_03400_161209_483.jpg
minor_issues/frame_03403_161210_984.jpg,minor_issues,train_data/session_20260605_154345/frame_03403_161210_984.jpg
minor_issues/frame_03406_161212_518.jpg,minor_issues,train_data/session_20260605_154345/frame_03406_161212_518.jpg
minor_issues/frame_03413_161216_020.jpg,minor_issues,train_data/session_20260605_154345/frame_03413_161216_020.jpg
minor_issues/frame_03415_161217_021.jpg,minor_issues,train_data/session_20260605_154345/frame_03415_161217_021.jpg
minor_issues/frame_03417_161218_022.jpg,minor_issues,train_data/session_20260605_154345/frame_03417_161218_022.jpg
minor_issues/frame_03420_161219_556.jpg,minor_issues,train_data/session_20260605_154345/frame_03420_161219_556.jpg
minor_issues/frame_03424_161221_558.jpg,minor_issues,train_data/session_20260605_154345/frame_03424_161221_558.jpg
minor_issues/frame_03426_161222_558.jpg,minor_issues,train_data/session_20260605_154345/frame_03426_161222_558.jpg
minor_issues/frame_03428_161223_559.jpg,minor_issues,train_data/session_20260605_154345/frame_03428_161223_559.jpg
minor_issues/frame_03431_161225_094.jpg,minor_issues,train_data/session_20260605_154345/frame_03431_161225_094.jpg
minor_issues/frame_03437_161228_096.jpg,minor_issues,train_data/session_20260605_154345/frame_03437_161228_096.jpg
minor_issues/frame_03438_161228_596.jpg,minor_issues,train_data/session_20260605_154345/frame_03438_161228_596.jpg
minor_issues/frame_03439_161229_097.jpg,minor_issues,train_data/session_20260605_154345/frame_03439_161229_097.jpg
minor_issues/frame_03440_161229_597.jpg,minor_issues,train_data/session_20260605_154345/frame_03440_161229_597.jpg
minor_issues/frame_03441_161230_130.jpg,minor_issues,train_data/session_20260605_154345/frame_03441_161230_130.jpg
minor_issues/frame_03442_161230_631.jpg,minor_issues,train_data/session_20260605_154345/frame_03442_161230_631.jpg
minor_issues/frame_03445_161232_199.jpg,minor_issues,train_data/session_20260605_154345/frame_03445_161232_199.jpg
minor_issues/frame_03447_161233_232.jpg,minor_issues,train_data/session_20260605_154345/frame_03447_161233_232.jpg
